<?xml version="1.0" encoding="UTF-8"?>
<kml xmlns="http://www.opengis.net/kml/2.2">
  <Document>
    <name>eduroam — Utah</name>
    <description><![CDATA[786 eduroam service locations in Utah.<br><br>Published by <a href="https://scs.nevada.edu/eduroam">NSHE System Computing Services</a>. Learn more about eduroam Support Organizations from <a href="https://incommon.org/eduroam">Internet2</a>, the eduroam National Roaming Operator for the United States.<br>These maps are derived from data published by GÉANT (<a href="https://monitor.eduroam.org/kml/us.kml">monitor.eduroam.org</a>). This is not an official GÉANT or eduroam publication.<br>eduroam is a registered trademark of the GÉANT Association.<br>Region boundaries are derived from US Census Bureau cartographic boundary files, which as works of the US federal government are in the public domain.<br>Maps generated by eduroam-us-regional-maps, which is BSD 3-Clause licensed.]]></description>
    <open>1</open>
    <Placemark>
      <name>Alpine School District</name>
      <description><![CDATA[<b>Name:</b> Alpine Adult Center<br><b>Address:</b> , <br><b>SSID:</b> eduroam<br><b>Enc:</b> WPA2+WPA<br><b>AP:</b> 1<br>]]></description>
      <Point>
        <coordinates>-111.7229104,40.3458246,0</coordinates>
      </Point>
    </Placemark>
    <Placemark>
      <name>Alpine School District</name>
      <description><![CDATA[<b>Name:</b> Alpine Elementary School<br><b>Address:</b> , <br><b>SSID:</b> eduroam<br><b>Enc:</b> WPA2+WPA<br><b>AP:</b> 1<br>]]></description>
      <Point>
        <coordinates>-111.7702778,40.4564238,0</coordinates>
      </Point>
    </Placemark>
    <Placemark>
      <name>Alpine School District</name>
      <description><![CDATA[<b>Name:</b> Alpine School District Lindon Office<br><b>Address:</b> , <br><b>SSID:</b> eduroam<br><b>Enc:</b> WPA2+WPA<br><b>AP:</b> 1<br>]]></description>
      <Point>
        <coordinates>-111.7245197,40.346446,0</coordinates>
      </Point>
    </Placemark>
    <Placemark>
      <name>Alpine School District</name>
      <description><![CDATA[<b>Name:</b> American Fork High School<br><b>Address:</b> , <br><b>SSID:</b> eduroam<br><b>Enc:</b> WPA2+WPA<br><b>AP:</b> 1<br>]]></description>
      <Point>
        <coordinates>-111.7808461,40.3870403,0</coordinates>
      </Point>
    </Placemark>
    <Placemark>
      <name>Alpine School District</name>
      <description><![CDATA[<b>Name:</b> Aspen Elementary School<br><b>Address:</b> , <br><b>SSID:</b> eduroam<br><b>Enc:</b> WPA2+WPA<br><b>AP:</b> 1<br>]]></description>
      <Point>
        <coordinates>-111.7189407,40.3318404,0</coordinates>
      </Point>
    </Placemark>
    <Placemark>
      <name>Alpine School District</name>
      <description><![CDATA[<b>Name:</b> Barratt Elementary School<br><b>Address:</b> , <br><b>SSID:</b> eduroam<br><b>Enc:</b> WPA2+WPA<br><b>AP:</b> 1<br>]]></description>
      <Point>
        <coordinates>-111.7722723,40.3805823,0</coordinates>
      </Point>
    </Placemark>
    <Placemark>
      <name>Alpine School District</name>
      <description><![CDATA[<b>Name:</b> Bonneville Elementary School<br><b>Address:</b> , <br><b>SSID:</b> eduroam<br><b>Enc:</b> WPA2+WPA<br><b>AP:</b> 1<br>]]></description>
      <Point>
        <coordinates>-111.7160052,40.3201694,0</coordinates>
      </Point>
    </Placemark>
    <Placemark>
      <name>Alpine School District</name>
      <description><![CDATA[<b>Name:</b> Canyon View Jr High School<br><b>Address:</b> , <br><b>SSID:</b> eduroam<br><b>Enc:</b> WPA2+WPA<br><b>AP:</b> 1<br>]]></description>
      <Point>
        <coordinates>-111.6798878,40.3155138,0</coordinates>
      </Point>
    </Placemark>
    <Placemark>
      <name>Alpine School District</name>
      <description><![CDATA[<b>Name:</b> Cascade Elementary School<br><b>Address:</b> , <br><b>SSID:</b> eduroam<br><b>Enc:</b> WPA2+WPA<br><b>AP:</b> 1<br>]]></description>
      <Point>
        <coordinates>-111.675244,40.299988,0</coordinates>
      </Point>
    </Placemark>
    <Placemark>
      <name>Alpine School District</name>
      <description><![CDATA[<b>Name:</b> Cedar Valley Elementary School<br><b>Address:</b> , <br><b>SSID:</b> eduroam<br><b>Enc:</b> WPA2+WPA<br><b>AP:</b> 1<br>]]></description>
      <Point>
        <coordinates>-112.1063678,40.3269815,0</coordinates>
      </Point>
    </Placemark>
    <Placemark>
      <name>Alpine School District</name>
      <description><![CDATA[<b>Name:</b> Central Elementary School<br><b>Address:</b> , <br><b>SSID:</b> eduroam<br><b>Enc:</b> WPA2+WPA<br><b>AP:</b> 1<br>]]></description>
      <Point>
        <coordinates>-111.7336178,40.3643184,0</coordinates>
      </Point>
    </Placemark>
    <Placemark>
      <name>Alpine School District</name>
      <description><![CDATA[<b>Name:</b> Cherry Hill Elementary School<br><b>Address:</b> , <br><b>SSID:</b> eduroam<br><b>Enc:</b> WPA2+WPA<br><b>AP:</b> 1<br>]]></description>
      <Point>
        <coordinates>-111.6893238,40.2668009,0</coordinates>
      </Point>
    </Placemark>
    <Placemark>
      <name>Alpine School District</name>
      <description><![CDATA[<b>Name:</b> Dan W. Peterson School<br><b>Address:</b> , <br><b>SSID:</b> eduroam<br><b>Enc:</b> WPA2+WPA<br><b>AP:</b> 1<br>]]></description>
      <Point>
        <coordinates>-111.7697571,40.380394,0</coordinates>
      </Point>
    </Placemark>
    <Placemark>
      <name>Alpine School District</name>
      <description><![CDATA[<b>Name:</b> Deerfield Elementary School<br><b>Address:</b> , <br><b>SSID:</b> eduroam<br><b>Enc:</b> WPA2+WPA<br><b>AP:</b> 1<br>]]></description>
      <Point>
        <coordinates>-111.7626286,40.4057189,0</coordinates>
      </Point>
    </Placemark>
    <Placemark>
      <name>Alpine School District</name>
      <description><![CDATA[<b>Name:</b> Eagle Valley Elementary School<br><b>Address:</b> , <br><b>SSID:</b> eduroam<br><b>Enc:</b> WPA2+WPA<br><b>AP:</b> 1<br>]]></description>
      <Point>
        <coordinates>-112.0122142,40.312515,0</coordinates>
      </Point>
    </Placemark>
    <Placemark>
      <name>Alpine School District</name>
      <description><![CDATA[<b>Name:</b> Eaglecrest Elementary School<br><b>Address:</b> , <br><b>SSID:</b> eduroam<br><b>Enc:</b> WPA2+WPA<br><b>AP:</b> 1<br>]]></description>
      <Point>
        <coordinates>-111.8536407,40.4225142,0</coordinates>
      </Point>
    </Placemark>
    <Placemark>
      <name>Alpine School District</name>
      <description><![CDATA[<b>Name:</b> East Shore Electronic High School<br><b>Address:</b> , <br><b>SSID:</b> eduroam<br><b>Enc:</b> WPA2+WPA<br><b>AP:</b> 1<br>]]></description>
      <Point>
        <coordinates>-111.7320618,40.2793063,0</coordinates>
      </Point>
    </Placemark>
    <Placemark>
      <name>Alpine School District</name>
      <description><![CDATA[<b>Name:</b> Foothill Elementary School<br><b>Address:</b> , <br><b>SSID:</b> eduroam<br><b>Enc:</b> WPA2+WPA<br><b>AP:</b> 1<br>]]></description>
      <Point>
        <coordinates>-111.6672277,40.3140249,0</coordinates>
      </Point>
    </Placemark>
    <Placemark>
      <name>Alpine School District</name>
      <description><![CDATA[<b>Name:</b> Forbes Elementary School<br><b>Address:</b> , <br><b>SSID:</b> eduroam<br><b>Enc:</b> WPA2+WPA<br><b>AP:</b> 1<br>]]></description>
      <Point>
        <coordinates>-111.7940869,40.3824474,0</coordinates>
      </Point>
    </Placemark>
    <Placemark>
      <name>Alpine School District</name>
      <description><![CDATA[<b>Name:</b> Fox Hollow Elementary School<br><b>Address:</b> , <br><b>SSID:</b> eduroam<br><b>Enc:</b> WPA2+WPA<br><b>AP:</b> 1<br>]]></description>
      <Point>
        <coordinates>-111.8724156,40.4287686,0</coordinates>
      </Point>
    </Placemark>
    <Placemark>
      <name>Alpine School District</name>
      <description><![CDATA[<b>Name:</b> Freedom Elementary School<br><b>Address:</b> , <br><b>SSID:</b> eduroam<br><b>Enc:</b> WPA2+WPA<br><b>AP:</b> 1<br>]]></description>
      <Point>
        <coordinates>-111.8203712,40.4200471,0</coordinates>
      </Point>
    </Placemark>
    <Placemark>
      <name>Alpine School District</name>
      <description><![CDATA[<b>Name:</b> Frontier Middle School<br><b>Address:</b> , <br><b>SSID:</b> eduroam<br><b>Enc:</b> WPA2+WPA<br><b>AP:</b> 1<br>]]></description>
      <Point>
        <coordinates>-112.0160651,40.3340977,0</coordinates>
      </Point>
    </Placemark>
    <Placemark>
      <name>Alpine School District</name>
      <description><![CDATA[<b>Name:</b> Geneva Elementary School<br><b>Address:</b> , <br><b>SSID:</b> eduroam<br><b>Enc:</b> WPA2+WPA<br><b>AP:</b> 1<br>]]></description>
      <Point>
        <coordinates>-111.7117095,40.3038635,0</coordinates>
      </Point>
    </Placemark>
    <Placemark>
      <name>Alpine School District</name>
      <description><![CDATA[<b>Name:</b> Grovecrest Elementary School<br><b>Address:</b> , <br><b>SSID:</b> eduroam<br><b>Enc:</b> WPA2+WPA<br><b>AP:</b> 1<br>]]></description>
      <Point>
        <coordinates>-111.7382741,40.3715281,0</coordinates>
      </Point>
    </Placemark>
    <Placemark>
      <name>Alpine School District</name>
      <description><![CDATA[<b>Name:</b> Harvest Elementary School<br><b>Address:</b> , <br><b>SSID:</b> eduroam<br><b>Enc:</b> WPA2+WPA<br><b>AP:</b> 1<br>]]></description>
      <Point>
        <coordinates>-111.934011,40.4008496,0</coordinates>
      </Point>
    </Placemark>
    <Placemark>
      <name>Alpine School District</name>
      <description><![CDATA[<b>Name:</b> Hidden hollow Elementary School<br><b>Address:</b> , <br><b>SSID:</b> eduroam<br><b>Enc:</b> WPA2+WPA<br><b>AP:</b> 1<br>]]></description>
      <Point>
        <coordinates>-111.9925904,40.3549495,0</coordinates>
      </Point>
    </Placemark>
    <Placemark>
      <name>Alpine School District</name>
      <description><![CDATA[<b>Name:</b> Highland Elementary School<br><b>Address:</b> , <br><b>SSID:</b> eduroam<br><b>Enc:</b> WPA2+WPA<br><b>AP:</b> 1<br>]]></description>
      <Point>
        <coordinates>-111.8724156,40.4287686,0</coordinates>
      </Point>
    </Placemark>
    <Placemark>
      <name>Alpine School District</name>
      <description><![CDATA[<b>Name:</b> Hillcrest Elementary School<br><b>Address:</b> , <br><b>SSID:</b> eduroam<br><b>Enc:</b> WPA2+WPA<br><b>AP:</b> 1<br>]]></description>
      <Point>
        <coordinates>-111.6799163,40.2723046,0</coordinates>
      </Point>
    </Placemark>
    <Placemark>
      <name>Alpine School District</name>
      <description><![CDATA[<b>Name:</b> Horizon School<br><b>Address:</b> , <br><b>SSID:</b> eduroam<br><b>Enc:</b> WPA2+WPA<br><b>AP:</b> 1<br>]]></description>
      <Point>
        <coordinates>-111.9326806,40.366313,0</coordinates>
      </Point>
    </Placemark>
    <Placemark>
      <name>Alpine School District</name>
      <description><![CDATA[<b>Name:</b> Lakeridge Junior High School<br><b>Address:</b> , <br><b>SSID:</b> eduroam<br><b>Enc:</b> WPA2+WPA<br><b>AP:</b> 1<br>]]></description>
      <Point>
        <coordinates>-111.7042844,40.279894,0</coordinates>
      </Point>
    </Placemark>
    <Placemark>
      <name>Alpine School District</name>
      <description><![CDATA[<b>Name:</b> Legacy Elementary School<br><b>Address:</b> , <br><b>SSID:</b> eduroam<br><b>Enc:</b> WPA2+WPA<br><b>AP:</b> 1<br>]]></description>
      <Point>
        <coordinates>-111.7973095,40.4026001,0</coordinates>
      </Point>
    </Placemark>
    <Placemark>
      <name>Alpine School District</name>
      <description><![CDATA[<b>Name:</b> Lehi Elementary School<br><b>Address:</b> , <br><b>SSID:</b> eduroam<br><b>Enc:</b> WPA2+WPA<br><b>AP:</b> 1<br>]]></description>
      <Point>
        <coordinates>-111.8509483,40.3970258,0</coordinates>
      </Point>
    </Placemark>
    <Placemark>
      <name>Alpine School District</name>
      <description><![CDATA[<b>Name:</b> Lehi High School<br><b>Address:</b> , <br><b>SSID:</b> eduroam<br><b>Enc:</b> WPA2+WPA<br><b>AP:</b> 1<br>]]></description>
      <Point>
        <coordinates>-111.8388891,40.3899332,0</coordinates>
      </Point>
    </Placemark>
    <Placemark>
      <name>Alpine School District</name>
      <description><![CDATA[<b>Name:</b> Lindon Elementary School<br><b>Address:</b> , <br><b>SSID:</b> eduroam<br><b>Enc:</b> WPA2+WPA<br><b>AP:</b> 1<br>]]></description>
      <Point>
        <coordinates>-111.7146544,40.3386573,0</coordinates>
      </Point>
    </Placemark>
    <Placemark>
      <name>Alpine School District</name>
      <description><![CDATA[<b>Name:</b> Lone Peak High School<br><b>Address:</b> , <br><b>SSID:</b> eduroam<br><b>Enc:</b> WPA2+WPA<br><b>AP:</b> 1<br>]]></description>
      <Point>
        <coordinates>-111.7750311,40.4180377,0</coordinates>
      </Point>
    </Placemark>
    <Placemark>
      <name>Alpine School District</name>
      <description><![CDATA[<b>Name:</b> Manila Elementary School<br><b>Address:</b> , <br><b>SSID:</b> eduroam<br><b>Enc:</b> WPA2+WPA<br><b>AP:</b> 1<br>]]></description>
      <Point>
        <coordinates>-111.7480956,40.3817778,0</coordinates>
      </Point>
    </Placemark>
    <Placemark>
      <name>Alpine School District</name>
      <description><![CDATA[<b>Name:</b> Meadow Elementary School<br><b>Address:</b> , <br><b>SSID:</b> eduroam<br><b>Enc:</b> WPA2+WPA<br><b>AP:</b> 1<br>]]></description>
      <Point>
        <coordinates>-111.8584156,40.3853242,0</coordinates>
      </Point>
    </Placemark>
    <Placemark>
      <name>Alpine School District</name>
      <description><![CDATA[<b>Name:</b> Mountain Ridge Jr High School<br><b>Address:</b> , <br><b>SSID:</b> eduroam<br><b>Enc:</b> WPA2+WPA<br><b>AP:</b> 1<br>]]></description>
      <Point>
        <coordinates>-111.7906416,40.4198218,0</coordinates>
      </Point>
    </Placemark>
    <Placemark>
      <name>Alpine School District</name>
      <description><![CDATA[<b>Name:</b> Mountain Trails Elementary<br><b>Address:</b> , <br><b>SSID:</b> eduroam<br><b>Enc:</b> WPA2+WPA<br><b>AP:</b> 1<br>]]></description>
      <Point>
        <coordinates>-112.0262311,40.3045225,0</coordinates>
      </Point>
    </Placemark>
    <Placemark>
      <name>Alpine School District</name>
      <description><![CDATA[<b>Name:</b> Mountain View High School<br><b>Address:</b> , <br><b>SSID:</b> eduroam<br><b>Enc:</b> WPA2+WPA<br><b>AP:</b> 1<br>]]></description>
      <Point>
        <coordinates>-111.7109799,40.2957464,0</coordinates>
      </Point>
    </Placemark>
    <Placemark>
      <name>Alpine School District</name>
      <description><![CDATA[<b>Name:</b> Mt. Mahogany Elementary School<br><b>Address:</b> , <br><b>SSID:</b> eduroam<br><b>Enc:</b> WPA2+WPA<br><b>AP:</b> 1<br>]]></description>
      <Point>
        <coordinates>-111.7584328,40.3705561,0</coordinates>
      </Point>
    </Placemark>
    <Placemark>
      <name>Alpine School District</name>
      <description><![CDATA[<b>Name:</b> North Point Elementary School<br><b>Address:</b> , <br><b>SSID:</b> eduroam<br><b>Enc:</b> WPA2+WPA<br><b>AP:</b> 1<br>]]></description>
      <Point>
        <coordinates>-111.8701924,40.4113813,0</coordinates>
      </Point>
    </Placemark>
    <Placemark>
      <name>Alpine School District</name>
      <description><![CDATA[<b>Name:</b> Northridge Elementary School<br><b>Address:</b> , <br><b>SSID:</b> eduroam<br><b>Enc:</b> WPA2+WPA<br><b>AP:</b> 1<br>]]></description>
      <Point>
        <coordinates>-111.6942062,40.3279507,0</coordinates>
      </Point>
    </Placemark>
    <Placemark>
      <name>Alpine School District</name>
      <description><![CDATA[<b>Name:</b> Oak Canyon Jr High School<br><b>Address:</b> , <br><b>SSID:</b> eduroam<br><b>Enc:</b> WPA2+WPA<br><b>AP:</b> 1<br>]]></description>
      <Point>
        <coordinates>-111.698295,40.3359348,0</coordinates>
      </Point>
    </Placemark>
    <Placemark>
      <name>Alpine School District</name>
      <description><![CDATA[<b>Name:</b> Orchard Elementary School<br><b>Address:</b> , <br><b>SSID:</b> eduroam<br><b>Enc:</b> WPA2+WPA<br><b>AP:</b> 1<br>]]></description>
      <Point>
        <coordinates>-111.6776912,40.3163422,0</coordinates>
      </Point>
    </Placemark>
    <Placemark>
      <name>Alpine School District</name>
      <description><![CDATA[<b>Name:</b> Orem Elementary School<br><b>Address:</b> , <br><b>SSID:</b> eduroam<br><b>Enc:</b> WPA2+WPA<br><b>AP:</b> 1<br>]]></description>
      <Point>
        <coordinates>-111.7067779,40.2906571,0</coordinates>
      </Point>
    </Placemark>
    <Placemark>
      <name>Alpine School District</name>
      <description><![CDATA[<b>Name:</b> Orem High School<br><b>Address:</b> , <br><b>SSID:</b> eduroam<br><b>Enc:</b> WPA2+WPA<br><b>AP:</b> 1<br>]]></description>
      <Point>
        <coordinates>-111.6843724,40.2934224,0</coordinates>
      </Point>
    </Placemark>
    <Placemark>
      <name>Alpine School District</name>
      <description><![CDATA[<b>Name:</b> Orem Jr High School<br><b>Address:</b> , <br><b>SSID:</b> eduroam<br><b>Enc:</b> WPA2+WPA<br><b>AP:</b> 1<br>]]></description>
      <Point>
        <coordinates>-111.7110443,40.3107852,0</coordinates>
      </Point>
    </Placemark>
    <Placemark>
      <name>Alpine School District</name>
      <description><![CDATA[<b>Name:</b> Pleasant Grove High School<br><b>Address:</b> , <br><b>SSID:</b> eduroam<br><b>Enc:</b> WPA2+WPA<br><b>AP:</b> 1<br>]]></description>
      <Point>
        <coordinates>-111.7255795,40.3597181,0</coordinates>
      </Point>
    </Placemark>
    <Placemark>
      <name>Alpine School District</name>
      <description><![CDATA[<b>Name:</b> Pleasant Grove Jr High School<br><b>Address:</b> , <br><b>SSID:</b> eduroam<br><b>Enc:</b> WPA2+WPA<br><b>AP:</b> 1<br>]]></description>
      <Point>
        <coordinates>-111.7381767,40.3716384,0</coordinates>
      </Point>
    </Placemark>
    <Placemark>
      <name>Alpine School District</name>
      <description><![CDATA[<b>Name:</b> Polaris High School<br><b>Address:</b> , <br><b>SSID:</b> eduroam<br><b>Enc:</b> WPA2+WPA<br><b>AP:</b> 1<br>]]></description>
      <Point>
        <coordinates>-111.7327648,40.2785282,0</coordinates>
      </Point>
    </Placemark>
    <Placemark>
      <name>Alpine School District</name>
      <description><![CDATA[<b>Name:</b> Pony Express Elementary School<br><b>Address:</b> , <br><b>SSID:</b> eduroam<br><b>Enc:</b> WPA2+WPA<br><b>AP:</b> 1<br>]]></description>
      <Point>
        <coordinates>-111.9670083,40.35896,0</coordinates>
      </Point>
    </Placemark>
    <Placemark>
      <name>Alpine School District</name>
      <description><![CDATA[<b>Name:</b> Ridgeline Elementary School<br><b>Address:</b> , <br><b>SSID:</b> eduroam<br><b>Enc:</b> WPA2+WPA<br><b>AP:</b> 1<br>]]></description>
      <Point>
        <coordinates>-111.9228124,40.3921214,0</coordinates>
      </Point>
    </Placemark>
    <Placemark>
      <name>Alpine School District</name>
      <description><![CDATA[<b>Name:</b> Riverview Elementary School<br><b>Address:</b> , <br><b>SSID:</b> eduroam<br><b>Enc:</b> WPA2+WPA<br><b>AP:</b> 1<br>]]></description>
      <Point>
        <coordinates>-111.9228124,40.3921214,0</coordinates>
      </Point>
    </Placemark>
    <Placemark>
      <name>Alpine School District</name>
      <description><![CDATA[<b>Name:</b> Rocky Mountain Elementary School<br><b>Address:</b> , <br><b>SSID:</b> eduroam<br><b>Enc:</b> WPA2+WPA<br><b>AP:</b> 1<br>]]></description>
      <Point>
        <coordinates>-111.7025202,40.336586,0</coordinates>
      </Point>
    </Placemark>
    <Placemark>
      <name>Alpine School District</name>
      <description><![CDATA[<b>Name:</b> Sage Hills Elementary School<br><b>Address:</b> , <br><b>SSID:</b> eduroam<br><b>Enc:</b> WPA2+WPA<br><b>AP:</b> 1<br>]]></description>
      <Point>
        <coordinates>-111.8947278,40.3091717,0</coordinates>
      </Point>
    </Placemark>
    <Placemark>
      <name>Alpine School District</name>
      <description><![CDATA[<b>Name:</b> Saratoga Shores Elementary School<br><b>Address:</b> , <br><b>SSID:</b> eduroam<br><b>Enc:</b> WPA2+WPA<br><b>AP:</b> 1<br>]]></description>
      <Point>
        <coordinates>-111.9207744,40.3357561,0</coordinates>
      </Point>
    </Placemark>
    <Placemark>
      <name>Alpine School District</name>
      <description><![CDATA[<b>Name:</b> Scera Park Elementary School<br><b>Address:</b> , <br><b>SSID:</b> eduroam<br><b>Enc:</b> WPA2+WPA<br><b>AP:</b> 1<br>]]></description>
      <Point>
        <coordinates>-111.6873336,40.2883649,0</coordinates>
      </Point>
    </Placemark>
    <Placemark>
      <name>Alpine School District</name>
      <description><![CDATA[<b>Name:</b> Sego Lily Elementary School<br><b>Address:</b> , <br><b>SSID:</b> eduroam<br><b>Enc:</b> WPA2+WPA<br><b>AP:</b> 1<br>]]></description>
      <Point>
        <coordinates>-111.8416357,40.3979246,0</coordinates>
      </Point>
    </Placemark>
    <Placemark>
      <name>Alpine School District</name>
      <description><![CDATA[<b>Name:</b> Sharon Elementary School<br><b>Address:</b> , <br><b>SSID:</b> eduroam<br><b>Enc:</b> WPA2+WPA<br><b>AP:</b> 1<br>]]></description>
      <Point>
        <coordinates>-111.6871297,40.3070744,0</coordinates>
      </Point>
    </Placemark>
    <Placemark>
      <name>Alpine School District</name>
      <description><![CDATA[<b>Name:</b> Shelley Elementary School<br><b>Address:</b> , <br><b>SSID:</b> eduroam<br><b>Enc:</b> WPA2+WPA<br><b>AP:</b> 1<br>]]></description>
      <Point>
        <coordinates>-111.8031355,40.3887115,0</coordinates>
      </Point>
    </Placemark>
    <Placemark>
      <name>Alpine School District</name>
      <description><![CDATA[<b>Name:</b> Snow Springs Elementary School<br><b>Address:</b> , <br><b>SSID:</b> eduroam<br><b>Enc:</b> WPA2+WPA<br><b>AP:</b> 1<br>]]></description>
      <Point>
        <coordinates>-111.8778186,40.3777307,0</coordinates>
      </Point>
    </Placemark>
    <Placemark>
      <name>Alpine School District</name>
      <description><![CDATA[<b>Name:</b> Summit High School<br><b>Address:</b> , <br><b>SSID:</b> eduroam<br><b>Enc:</b> WPA2+WPA<br><b>AP:</b> 1<br>]]></description>
      <Point>
        <coordinates>-111.733076,40.278558,0</coordinates>
      </Point>
    </Placemark>
    <Placemark>
      <name>Alpine School District</name>
      <description><![CDATA[<b>Name:</b> Suncrest Elementary School<br><b>Address:</b> , <br><b>SSID:</b> eduroam<br><b>Enc:</b> WPA2+WPA<br><b>AP:</b> 1<br>]]></description>
      <Point>
        <coordinates>-111.711944,40.30079,0</coordinates>
      </Point>
    </Placemark>
    <Placemark>
      <name>Alpine School District</name>
      <description><![CDATA[<b>Name:</b> Thunder Ridge Elementary School<br><b>Address:</b> , <br><b>SSID:</b> eduroam<br><b>Enc:</b> WPA2+WPA<br><b>AP:</b> 1<br>]]></description>
      <Point>
        <coordinates>-111.9339144,40.3666078,0</coordinates>
      </Point>
    </Placemark>
    <Placemark>
      <name>Alpine School District</name>
      <description><![CDATA[<b>Name:</b> Timberline Middle School<br><b>Address:</b> , <br><b>SSID:</b> eduroam<br><b>Enc:</b> WPA2+WPA<br><b>AP:</b> 1<br>]]></description>
      <Point>
        <coordinates>-111.7869912,40.4504437,0</coordinates>
      </Point>
    </Placemark>
    <Placemark>
      <name>Alpine School District</name>
      <description><![CDATA[<b>Name:</b> Timpanogos High School<br><b>Address:</b> , <br><b>SSID:</b> eduroam<br><b>Enc:</b> WPA2+WPA<br><b>AP:</b> 1<br>]]></description>
      <Point>
        <coordinates>-111.6915607,40.3229251,0</coordinates>
      </Point>
    </Placemark>
    <Placemark>
      <name>Alpine School District</name>
      <description><![CDATA[<b>Name:</b> Traverse Mountain Elementary School<br><b>Address:</b> , <br><b>SSID:</b> eduroam<br><b>Enc:</b> WPA2+WPA<br><b>AP:</b> 1<br>]]></description>
      <Point>
        <coordinates>-111.8908603,40.4460578,0</coordinates>
      </Point>
    </Placemark>
    <Placemark>
      <name>Alpine School District</name>
      <description><![CDATA[<b>Name:</b> Valley View Elementary School<br><b>Address:</b> , <br><b>SSID:</b> eduroam<br><b>Enc:</b> WPA2+WPA<br><b>AP:</b> 1<br>]]></description>
      <Point>
        <coordinates>-111.7193592,40.3587634,0</coordinates>
      </Point>
    </Placemark>
    <Placemark>
      <name>Alpine School District</name>
      <description><![CDATA[<b>Name:</b> Vineyard Elementary School<br><b>Address:</b> , <br><b>SSID:</b> eduroam<br><b>Enc:</b> WPA2+WPA<br><b>AP:</b> 1<br>]]></description>
      <Point>
        <coordinates>-111.7375875,40.2892324,0</coordinates>
      </Point>
    </Placemark>
    <Placemark>
      <name>Alpine School District</name>
      <description><![CDATA[<b>Name:</b> Vista Heights Middle School<br><b>Address:</b> , <br><b>SSID:</b> eduroam<br><b>Enc:</b> WPA2+WPA<br><b>AP:</b> 1<br>]]></description>
      <Point>
        <coordinates>-111.9278493,40.3634245,0</coordinates>
      </Point>
    </Placemark>
    <Placemark>
      <name>Alpine School District</name>
      <description><![CDATA[<b>Name:</b> Westfield Elementary School<br><b>Address:</b> , <br><b>SSID:</b> eduroam<br><b>Enc:</b> WPA2+WPA<br><b>AP:</b> 1<br>]]></description>
      <Point>
        <coordinates>-111.790438,40.4480176,0</coordinates>
      </Point>
    </Placemark>
    <Placemark>
      <name>Alpine School District</name>
      <description><![CDATA[<b>Name:</b> Westlake High School<br><b>Address:</b> , <br><b>SSID:</b> eduroam<br><b>Enc:</b> WPA2+WPA<br><b>AP:</b> 1<br>]]></description>
      <Point>
        <coordinates>-111.922987,40.364043,0</coordinates>
      </Point>
    </Placemark>
    <Placemark>
      <name>Alpine School District</name>
      <description><![CDATA[<b>Name:</b> Westmore Elementary School<br><b>Address:</b> , <br><b>SSID:</b> eduroam<br><b>Enc:</b> WPA2+WPA<br><b>AP:</b> 1<br>]]></description>
      <Point>
        <coordinates>-111.6972757,40.2763752,0</coordinates>
      </Point>
    </Placemark>
    <Placemark>
      <name>Alpine School District</name>
      <description><![CDATA[<b>Name:</b> Willowcreek Middle School<br><b>Address:</b> , <br><b>SSID:</b> eduroam<br><b>Enc:</b> WPA2+WPA<br><b>AP:</b> 1<br>]]></description>
      <Point>
        <coordinates>-111.884744,40.3897496,0</coordinates>
      </Point>
    </Placemark>
    <Placemark>
      <name>Aspen Peaks School District</name>
      <description><![CDATA[<b>Name:</b> Aspen Peaks School District<br><b>Address:</b> , <br><b>SSID:</b> eduroam<br><b>Enc:</b> WPA2<br><b>AP:</b> -<br>]]></description>
      <Point>
        <coordinates>-111.7963069,40.3881525,0</coordinates>
      </Point>
    </Placemark>
    <Placemark>
      <name>Box Elder School District</name>
      <description><![CDATA[<b>Name:</b> Adele C. Young Intermediate School<br><b>Address:</b> , <br><b>SSID:</b> eduroam<br><b>Enc:</b> WPA2+WPA<br><b>AP:</b> 68<br>]]></description>
      <Point>
        <coordinates>-112.027013,41.494306,0</coordinates>
      </Point>
    </Placemark>
    <Placemark>
      <name>Box Elder School District</name>
      <description><![CDATA[<b>Name:</b> Alice C. Harris Intermediate School<br><b>Address:</b> , <br><b>SSID:</b> eduroam<br><b>Enc:</b> WPA2+WPA<br><b>AP:</b> 52<br>]]></description>
      <Point>
        <coordinates>-112.177451,41.7175847,0</coordinates>
      </Point>
    </Placemark>
    <Placemark>
      <name>Box Elder School District</name>
      <description><![CDATA[<b>Name:</b> Apex Youth Services<br><b>Address:</b> , <br><b>SSID:</b> eduroam<br><b>Enc:</b> WPA2+WPA<br><b>AP:</b> 1<br>]]></description>
      <Point>
        <coordinates>-112.0283822,41.5085914,0</coordinates>
      </Point>
    </Placemark>
    <Placemark>
      <name>Box Elder School District</name>
      <description><![CDATA[<b>Name:</b> Bear River High School<br><b>Address:</b> , <br><b>SSID:</b> eduroam<br><b>Enc:</b> WPA2+WPA<br><b>AP:</b> 62<br>]]></description>
      <Point>
        <coordinates>-112.1640336,41.7248789,0</coordinates>
      </Point>
    </Placemark>
    <Placemark>
      <name>Box Elder School District</name>
      <description><![CDATA[<b>Name:</b> Bear River Middle School<br><b>Address:</b> , <br><b>SSID:</b> eduroam<br><b>Enc:</b> WPA2+WPA<br><b>AP:</b> 56<br>]]></description>
      <Point>
        <coordinates>-112.1589379,41.7251613,0</coordinates>
      </Point>
    </Placemark>
    <Placemark>
      <name>Box Elder School District</name>
      <description><![CDATA[<b>Name:</b> Box Elder High School<br><b>Address:</b> , <br><b>SSID:</b> eduroam<br><b>Enc:</b> WPA2+WPA<br><b>AP:</b> 94<br>]]></description>
      <Point>
        <coordinates>-112.026975,41.50389,0</coordinates>
      </Point>
    </Placemark>
    <Placemark>
      <name>Box Elder School District</name>
      <description><![CDATA[<b>Name:</b> Box Elder Middle School<br><b>Address:</b> , <br><b>SSID:</b> eduroam<br><b>Enc:</b> WPA2+WPA<br><b>AP:</b> 64<br>]]></description>
      <Point>
        <coordinates>-112.0087701,41.5097375,0</coordinates>
      </Point>
    </Placemark>
    <Placemark>
      <name>Box Elder School District</name>
      <description><![CDATA[<b>Name:</b> Century Elementary School<br><b>Address:</b> , <br><b>SSID:</b> eduroam<br><b>Enc:</b> WPA2+WPA<br><b>AP:</b> 21<br>]]></description>
      <Point>
        <coordinates>-112.1288157,41.615384,0</coordinates>
      </Point>
    </Placemark>
    <Placemark>
      <name>Box Elder School District</name>
      <description><![CDATA[<b>Name:</b> Dale Young Community High School<br><b>Address:</b> , <br><b>SSID:</b> eduroam<br><b>Enc:</b> WPA2+WPA<br><b>AP:</b> 22<br>]]></description>
      <Point>
        <coordinates>-112.0201109,41.5064191,0</coordinates>
      </Point>
    </Placemark>
    <Placemark>
      <name>Box Elder School District</name>
      <description><![CDATA[<b>Name:</b> Discovery Elementary School<br><b>Address:</b> , <br><b>SSID:</b> eduroam<br><b>Enc:</b> WPA2+WPA<br><b>AP:</b> 33<br>]]></description>
      <Point>
        <coordinates>-112.0222937,41.5265038,0</coordinates>
      </Point>
    </Placemark>
    <Placemark>
      <name>Box Elder School District</name>
      <description><![CDATA[<b>Name:</b> District Office<br><b>Address:</b> , <br><b>SSID:</b> eduroam<br><b>Enc:</b> WPA2+WPA<br><b>AP:</b> 31<br>]]></description>
      <Point>
        <coordinates>-112.0173629,41.4907743,0</coordinates>
      </Point>
    </Placemark>
    <Placemark>
      <name>Box Elder School District</name>
      <description><![CDATA[<b>Name:</b> Fielding Elementary School<br><b>Address:</b> , <br><b>SSID:</b> eduroam<br><b>Enc:</b> WPA2+WPA<br><b>AP:</b> 36<br>]]></description>
      <Point>
        <coordinates>-112.1175385,41.8151458,0</coordinates>
      </Point>
    </Placemark>
    <Placemark>
      <name>Box Elder School District</name>
      <description><![CDATA[<b>Name:</b> Foothill Elementary School<br><b>Address:</b> , <br><b>SSID:</b> eduroam<br><b>Enc:</b> WPA2+WPA<br><b>AP:</b> 30<br>]]></description>
      <Point>
        <coordinates>-112.012726,41.527389,0</coordinates>
      </Point>
    </Placemark>
    <Placemark>
      <name>Box Elder School District</name>
      <description><![CDATA[<b>Name:</b> Garland Elementary School<br><b>Address:</b> , <br><b>SSID:</b> eduroam<br><b>Enc:</b> WPA2+WPA<br><b>AP:</b> 42<br>]]></description>
      <Point>
        <coordinates>-112.1652609,41.7360203,0</coordinates>
      </Point>
    </Placemark>
    <Placemark>
      <name>Box Elder School District</name>
      <description><![CDATA[<b>Name:</b> Grouse Creek School<br><b>Address:</b> , <br><b>SSID:</b> eduroam<br><b>Enc:</b> WPA2+WPA<br><b>AP:</b> 4<br>]]></description>
      <Point>
        <coordinates>-113.88343,41.709605,0</coordinates>
      </Point>
    </Placemark>
    <Placemark>
      <name>Box Elder School District</name>
      <description><![CDATA[<b>Name:</b> Independent Living Center<br><b>Address:</b> , <br><b>SSID:</b> eduroam<br><b>Enc:</b> WPA2+WPA<br><b>AP:</b> 10<br>]]></description>
      <Point>
        <coordinates>-112.0173629,41.4907743,0</coordinates>
      </Point>
    </Placemark>
    <Placemark>
      <name>Box Elder School District</name>
      <description><![CDATA[<b>Name:</b> Lake View Elementary School<br><b>Address:</b> , <br><b>SSID:</b> eduroam<br><b>Enc:</b> WPA2+WPA<br><b>AP:</b> 33<br>]]></description>
      <Point>
        <coordinates>-112.0185558,41.4939741,0</coordinates>
      </Point>
    </Placemark>
    <Placemark>
      <name>Box Elder School District</name>
      <description><![CDATA[<b>Name:</b> McKinley Elementary School<br><b>Address:</b> , <br><b>SSID:</b> eduroam<br><b>Enc:</b> WPA2+WPA<br><b>AP:</b> 32<br>]]></description>
      <Point>
        <coordinates>-112.169588,41.7067939,0</coordinates>
      </Point>
    </Placemark>
    <Placemark>
      <name>Box Elder School District</name>
      <description><![CDATA[<b>Name:</b> Mountain View Elementary School<br><b>Address:</b> , <br><b>SSID:</b> eduroam<br><b>Enc:</b> WPA2+WPA<br><b>AP:</b> 26<br>]]></description>
      <Point>
        <coordinates>-112.0062455,41.4953183,0</coordinates>
      </Point>
    </Placemark>
    <Placemark>
      <name>Box Elder School District</name>
      <description><![CDATA[<b>Name:</b> North Park Elementary School<br><b>Address:</b> , <br><b>SSID:</b> eduroam<br><b>Enc:</b> WPA2+WPA<br><b>AP:</b> 32<br>]]></description>
      <Point>
        <coordinates>-112.1662605,41.721706,0</coordinates>
      </Point>
    </Placemark>
    <Placemark>
      <name>Box Elder School District</name>
      <description><![CDATA[<b>Name:</b> Park Valley School<br><b>Address:</b> , <br><b>SSID:</b> eduroam<br><b>Enc:</b> WPA2+WPA<br><b>AP:</b> 7<br>]]></description>
      <Point>
        <coordinates>-113.3303278,41.8214218,0</coordinates>
      </Point>
    </Placemark>
    <Placemark>
      <name>Box Elder School District</name>
      <description><![CDATA[<b>Name:</b> Snowville Elementary School<br><b>Address:</b> , <br><b>SSID:</b> eduroam<br><b>Enc:</b> WPA2+WPA<br><b>AP:</b> 9<br>]]></description>
      <Point>
        <coordinates>-112.7097191,41.969433,0</coordinates>
      </Point>
    </Placemark>
    <Placemark>
      <name>Box Elder School District</name>
      <description><![CDATA[<b>Name:</b> Sunrise High School<br><b>Address:</b> , <br><b>SSID:</b> eduroam<br><b>Enc:</b> WPA2+WPA<br><b>AP:</b> 23<br>]]></description>
      <Point>
        <coordinates>-112.0199806,41.5063481,0</coordinates>
      </Point>
    </Placemark>
    <Placemark>
      <name>Box Elder School District</name>
      <description><![CDATA[<b>Name:</b> Three Mile Creek School<br><b>Address:</b> , <br><b>SSID:</b> eduroam<br><b>Enc:</b> WPA2+WPA<br><b>AP:</b> 45<br>]]></description>
      <Point>
        <coordinates>-112.0396686,41.4639471,0</coordinates>
      </Point>
    </Placemark>
    <Placemark>
      <name>Box Elder School District</name>
      <description><![CDATA[<b>Name:</b> Willard Elementary School<br><b>Address:</b> , <br><b>SSID:</b> eduroam<br><b>Enc:</b> WPA2+WPA<br><b>AP:</b> 14<br>]]></description>
      <Point>
        <coordinates>-112.0372868,41.4084884,0</coordinates>
      </Point>
    </Placemark>
    <Placemark>
      <name>Bridgerland Technical College</name>
      <description><![CDATA[<b>Name:</b> Bridgerland Technical College<br><b>Address:</b> , <br><b>SSID:</b> eduroam<br><b>Enc:</b> WPA2+WPA<br><b>AP:</b> 52<br>]]></description>
      <Point>
        <coordinates>-111.8507103,41.7559214,0</coordinates>
      </Point>
    </Placemark>
    <Placemark>
      <name>Bridgerland Technical College</name>
      <description><![CDATA[<b>Name:</b> Bridgerland Technical College - Brigham City Campus<br><b>Address:</b> , <br><b>SSID:</b> eduroam<br><b>Enc:</b> WPA2+WPA<br><b>AP:</b> 9<br>]]></description>
      <Point>
        <coordinates>-112.0209026,41.4855952,0</coordinates>
      </Point>
    </Placemark>
    <Placemark>
      <name>Brigham Young University-Provo</name>
      <description><![CDATA[<b>Name:</b> Brigham Young University<br><b>Address:</b> , <br><b>SSID:</b> eduroam<br><b>Enc:</b> WPA2<br><b>AP:</b> 5300<br>]]></description>
      <Point>
        <coordinates>-111.6502622,40.2524308,0</coordinates>
      </Point>
    </Placemark>
    <Placemark>
      <name>Cache County School District</name>
      <description><![CDATA[<b>Name:</b> District Office<br><b>Address:</b> , <br><b>SSID:</b> eduroam<br><b>Enc:</b> WPA2+WPA<br><b>AP:</b> 10<br>]]></description>
      <Point>
        <coordinates>-111.8048947,41.7688946,0</coordinates>
      </Point>
    </Placemark>
    <Placemark>
      <name>Canyons School District</name>
      <description><![CDATA[<b>Name:</b> Albion Middle School<br><b>Address:</b> , <br><b>SSID:</b> eduroam<br><b>Enc:</b> WPA2<br><b>AP:</b> 35<br>]]></description>
      <Point>
        <coordinates>-111.8132043,40.5867772,0</coordinates>
      </Point>
    </Placemark>
    <Placemark>
      <name>Canyons School District</name>
      <description><![CDATA[<b>Name:</b> Alta High School<br><b>Address:</b> , <br><b>SSID:</b> eduroam<br><b>Enc:</b> WPA2<br><b>AP:</b> 83<br>]]></description>
      <Point>
        <coordinates>-111.8611437,40.5501329,0</coordinates>
      </Point>
    </Placemark>
    <Placemark>
      <name>Canyons School District</name>
      <description><![CDATA[<b>Name:</b> Alta View Elementary School<br><b>Address:</b> , <br><b>SSID:</b> eduroam<br><b>Enc:</b> WPA2<br><b>AP:</b> 27<br>]]></description>
      <Point>
        <coordinates>-111.8645954,40.5636337,0</coordinates>
      </Point>
    </Placemark>
    <Placemark>
      <name>Canyons School District</name>
      <description><![CDATA[<b>Name:</b> Altara Elementary School<br><b>Address:</b> , <br><b>SSID:</b> eduroam<br><b>Enc:</b> WPA2<br><b>AP:</b> 16<br>]]></description>
      <Point>
        <coordinates>-111.868309,40.550373,0</coordinates>
      </Point>
    </Placemark>
    <Placemark>
      <name>Canyons School District</name>
      <description><![CDATA[<b>Name:</b> Bell View Elementary School<br><b>Address:</b> , <br><b>SSID:</b> eduroam<br><b>Enc:</b> WPA2<br><b>AP:</b> 16<br>]]></description>
      <Point>
        <coordinates>-111.8686509,40.5739189,0</coordinates>
      </Point>
    </Placemark>
    <Placemark>
      <name>Canyons School District</name>
      <description><![CDATA[<b>Name:</b> Bella Vista Elementary School<br><b>Address:</b> , <br><b>SSID:</b> eduroam<br><b>Enc:</b> WPA2<br><b>AP:</b> 17<br>]]></description>
      <Point>
        <coordinates>-111.8299091,40.6252864,0</coordinates>
      </Point>
    </Placemark>
    <Placemark>
      <name>Canyons School District</name>
      <description><![CDATA[<b>Name:</b> Brighton High School<br><b>Address:</b> , <br><b>SSID:</b> eduroam<br><b>Enc:</b> WPA2<br><b>AP:</b> 58<br>]]></description>
      <Point>
        <coordinates>-111.8262291,40.6121606,0</coordinates>
      </Point>
    </Placemark>
    <Placemark>
      <name>Canyons School District</name>
      <description><![CDATA[<b>Name:</b> Brookwood Elementary School<br><b>Address:</b> , <br><b>SSID:</b> eduroam<br><b>Enc:</b> WPA2<br><b>AP:</b> 17<br>]]></description>
      <Point>
        <coordinates>-111.8207219,40.5941712,0</coordinates>
      </Point>
    </Placemark>
    <Placemark>
      <name>Canyons School District</name>
      <description><![CDATA[<b>Name:</b> Butler Elementary School<br><b>Address:</b> , <br><b>SSID:</b> eduroam<br><b>Enc:</b> WPA2<br><b>AP:</b> 20<br>]]></description>
      <Point>
        <coordinates>-111.8158994,40.6228241,0</coordinates>
      </Point>
    </Placemark>
    <Placemark>
      <name>Canyons School District</name>
      <description><![CDATA[<b>Name:</b> Butler Middle School<br><b>Address:</b> , <br><b>SSID:</b> eduroam<br><b>Enc:</b> WPA2<br><b>AP:</b> 43<br>]]></description>
      <Point>
        <coordinates>-111.8183756,40.6139606,0</coordinates>
      </Point>
    </Placemark>
    <Placemark>
      <name>Canyons School District</name>
      <description><![CDATA[<b>Name:</b> Canyon View Elementary School<br><b>Address:</b> , <br><b>SSID:</b> eduroam<br><b>Enc:</b> WPA2<br><b>AP:</b> 16<br>]]></description>
      <Point>
        <coordinates>-111.8066171,40.6085943,0</coordinates>
      </Point>
    </Placemark>
    <Placemark>
      <name>Canyons School District</name>
      <description><![CDATA[<b>Name:</b> Canyons Technical Education Center<br><b>Address:</b> , <br><b>SSID:</b> eduroam<br><b>Enc:</b> WPA2<br><b>AP:</b> 33<br>]]></description>
      <Point>
        <coordinates>-111.8683957,40.5874148,0</coordinates>
      </Point>
    </Placemark>
    <Placemark>
      <name>Canyons School District</name>
      <description><![CDATA[<b>Name:</b> CDO<br><b>Address:</b> , <br><b>SSID:</b> eduroam<br><b>Enc:</b> WPA2<br><b>AP:</b> 56<br>]]></description>
      <Point>
        <coordinates>-111.8807854,40.5814191,0</coordinates>
      </Point>
    </Placemark>
    <Placemark>
      <name>Canyons School District</name>
      <description><![CDATA[<b>Name:</b> Copperview Elementary School<br><b>Address:</b> , <br><b>SSID:</b> eduroam<br><b>Enc:</b> WPA2<br><b>AP:</b> 16<br>]]></description>
      <Point>
        <coordinates>-111.895325,40.5977103,0</coordinates>
      </Point>
    </Placemark>
    <Placemark>
      <name>Canyons School District</name>
      <description><![CDATA[<b>Name:</b> Corner Canyon High School<br><b>Address:</b> , <br><b>SSID:</b> eduroam<br><b>Enc:</b> WPA2<br><b>AP:</b> 103<br>]]></description>
      <Point>
        <coordinates>-111.870273,40.5163461,0</coordinates>
      </Point>
    </Placemark>
    <Placemark>
      <name>Canyons School District</name>
      <description><![CDATA[<b>Name:</b> Crescent Campus<br><b>Address:</b> , <br><b>SSID:</b> eduroam<br><b>Enc:</b> WPA2<br><b>AP:</b> 25<br>]]></description>
      <Point>
        <coordinates>-111.8822014,40.5492424,0</coordinates>
      </Point>
    </Placemark>
    <Placemark>
      <name>Canyons School District</name>
      <description><![CDATA[<b>Name:</b> Crescent Elementary School<br><b>Address:</b> , <br><b>SSID:</b> eduroam<br><b>Enc:</b> WPA2<br><b>AP:</b> 19<br>]]></description>
      <Point>
        <coordinates>-111.8856454,40.5495318,0</coordinates>
      </Point>
    </Placemark>
    <Placemark>
      <name>Canyons School District</name>
      <description><![CDATA[<b>Name:</b> Draper Elementary School<br><b>Address:</b> , <br><b>SSID:</b> eduroam<br><b>Enc:</b> WPA2<br><b>AP:</b> 17<br>]]></description>
      <Point>
        <coordinates>-111.8610361,40.5207706,0</coordinates>
      </Point>
    </Placemark>
    <Placemark>
      <name>Canyons School District</name>
      <description><![CDATA[<b>Name:</b> Draper Park Middle School<br><b>Address:</b> , <br><b>SSID:</b> eduroam<br><b>Enc:</b> WPA2<br><b>AP:</b> 54<br>]]></description>
      <Point>
        <coordinates>-111.8516994,40.5123636,0</coordinates>
      </Point>
    </Placemark>
    <Placemark>
      <name>Canyons School District</name>
      <description><![CDATA[<b>Name:</b> East Midvale Elementary School<br><b>Address:</b> , <br><b>SSID:</b> eduroam<br><b>Enc:</b> WPA2<br><b>AP:</b> 22<br>]]></description>
      <Point>
        <coordinates>-111.8831509,40.6249668,0</coordinates>
      </Point>
    </Placemark>
    <Placemark>
      <name>Canyons School District</name>
      <description><![CDATA[<b>Name:</b> East Sandy Elementary School<br><b>Address:</b> , <br><b>SSID:</b> eduroam<br><b>Enc:</b> WPA2<br><b>AP:</b> 17<br>]]></description>
      <Point>
        <coordinates>-111.8661296,40.6003825,0</coordinates>
      </Point>
    </Placemark>
    <Placemark>
      <name>Canyons School District</name>
      <description><![CDATA[<b>Name:</b> Eastmont Middle School<br><b>Address:</b> , <br><b>SSID:</b> eduroam<br><b>Enc:</b> WPA2<br><b>AP:</b> 35<br>]]></description>
      <Point>
        <coordinates>-111.854198,40.5668595,0</coordinates>
      </Point>
    </Placemark>
    <Placemark>
      <name>Canyons School District</name>
      <description><![CDATA[<b>Name:</b> Edgemont Elementary School<br><b>Address:</b> , <br><b>SSID:</b> eduroam<br><b>Enc:</b> WPA2<br><b>AP:</b> 18<br>]]></description>
      <Point>
        <coordinates>-111.8600644,40.5740833,0</coordinates>
      </Point>
    </Placemark>
    <Placemark>
      <name>Canyons School District</name>
      <description><![CDATA[<b>Name:</b> FSB<br><b>Address:</b> , <br><b>SSID:</b> eduroam<br><b>Enc:</b> WPA2<br><b>AP:</b> 15<br>]]></description>
      <Point>
        <coordinates>-111.9064704,40.5860251,0</coordinates>
      </Point>
    </Placemark>
    <Placemark>
      <name>Canyons School District</name>
      <description><![CDATA[<b>Name:</b> Goldminer's Daughter<br><b>Address:</b> , <br><b>SSID:</b> eduroam<br><b>Enc:</b> WPA2<br><b>AP:</b> 1<br>]]></description>
      <Point>
        <coordinates>-111.6380158,40.589069,0</coordinates>
      </Point>
    </Placemark>
    <Placemark>
      <name>Canyons School District</name>
      <description><![CDATA[<b>Name:</b> Granite Elementary School<br><b>Address:</b> , <br><b>SSID:</b> eduroam<br><b>Enc:</b> WPA2<br><b>AP:</b> 14<br>]]></description>
      <Point>
        <coordinates>-111.8074857,40.5737825,0</coordinates>
      </Point>
    </Placemark>
    <Placemark>
      <name>Canyons School District</name>
      <description><![CDATA[<b>Name:</b> Hillcrest High School<br><b>Address:</b> , <br><b>SSID:</b> eduroam<br><b>Enc:</b> WPA2<br><b>AP:</b> 73<br>]]></description>
      <Point>
        <coordinates>-111.8692053,40.6180955,0</coordinates>
      </Point>
    </Placemark>
    <Placemark>
      <name>Canyons School District</name>
      <description><![CDATA[<b>Name:</b> Indian Hills Middle School<br><b>Address:</b> , <br><b>SSID:</b> eduroam<br><b>Enc:</b> WPA2<br><b>AP:</b> 43<br>]]></description>
      <Point>
        <coordinates>-111.8566375,40.5392859,0</coordinates>
      </Point>
    </Placemark>
    <Placemark>
      <name>Canyons School District</name>
      <description><![CDATA[<b>Name:</b> Jordan High School<br><b>Address:</b> , <br><b>SSID:</b> eduroam<br><b>Enc:</b> WPA2<br><b>AP:</b> 96<br>]]></description>
      <Point>
        <coordinates>-111.8882418,40.5743101,0</coordinates>
      </Point>
    </Placemark>
    <Placemark>
      <name>Canyons School District</name>
      <description><![CDATA[<b>Name:</b> Jordan Valley School<br><b>Address:</b> , <br><b>SSID:</b> eduroam<br><b>Enc:</b> WPA2<br><b>AP:</b> 23<br>]]></description>
      <Point>
        <coordinates>-111.861335,40.6149429,0</coordinates>
      </Point>
    </Placemark>
    <Placemark>
      <name>Canyons School District</name>
      <description><![CDATA[<b>Name:</b> Lone Peak Elementary School<br><b>Address:</b> , <br><b>SSID:</b> eduroam<br><b>Enc:</b> WPA2<br><b>AP:</b> 22<br>]]></description>
      <Point>
        <coordinates>-111.8265295,40.5421455,0</coordinates>
      </Point>
    </Placemark>
    <Placemark>
      <name>Canyons School District</name>
      <description><![CDATA[<b>Name:</b> Midvale Elementary School<br><b>Address:</b> , <br><b>SSID:</b> eduroam<br><b>Enc:</b> WPA2<br><b>AP:</b> 33<br>]]></description>
      <Point>
        <coordinates>-111.9027446,40.6087292,0</coordinates>
      </Point>
    </Placemark>
    <Placemark>
      <name>Canyons School District</name>
      <description><![CDATA[<b>Name:</b> Midvale Middle School<br><b>Address:</b> , <br><b>SSID:</b> eduroam<br><b>Enc:</b> WPA2<br><b>AP:</b> 61<br>]]></description>
      <Point>
        <coordinates>-111.9010824,40.6079547,0</coordinates>
      </Point>
    </Placemark>
    <Placemark>
      <name>Canyons School District</name>
      <description><![CDATA[<b>Name:</b> Midvalley Elementary School<br><b>Address:</b> , <br><b>SSID:</b> eduroam<br><b>Enc:</b> WPA2<br><b>AP:</b> 24<br>]]></description>
      <Point>
        <coordinates>-111.8834757,40.6110548,0</coordinates>
      </Point>
    </Placemark>
    <Placemark>
      <name>Canyons School District</name>
      <description><![CDATA[<b>Name:</b> Mount Jordan Middle School<br><b>Address:</b> , <br><b>SSID:</b> eduroam<br><b>Enc:</b> WPA2<br><b>AP:</b> 41<br>]]></description>
      <Point>
        <coordinates>-111.883943,40.582088,0</coordinates>
      </Point>
    </Placemark>
    <Placemark>
      <name>Canyons School District</name>
      <description><![CDATA[<b>Name:</b> Oak Hollow Elementary School<br><b>Address:</b> , <br><b>SSID:</b> eduroam<br><b>Enc:</b> WPA2<br><b>AP:</b> 21<br>]]></description>
      <Point>
        <coordinates>-111.8676326,40.4929561,0</coordinates>
      </Point>
    </Placemark>
    <Placemark>
      <name>Canyons School District</name>
      <description><![CDATA[<b>Name:</b> Oakdale Elementary School<br><b>Address:</b> , <br><b>SSID:</b> eduroam<br><b>Enc:</b> WPA2<br><b>AP:</b> 17<br>]]></description>
      <Point>
        <coordinates>-111.836722,40.603522,0</coordinates>
      </Point>
    </Placemark>
    <Placemark>
      <name>Canyons School District</name>
      <description><![CDATA[<b>Name:</b> Park Lane Elementary School<br><b>Address:</b> , <br><b>SSID:</b> eduroam<br><b>Enc:</b> WPA2<br><b>AP:</b> 18<br>]]></description>
      <Point>
        <coordinates>-111.823504,40.5703005,0</coordinates>
      </Point>
    </Placemark>
    <Placemark>
      <name>Canyons School District</name>
      <description><![CDATA[<b>Name:</b> Peruvian Park Elementary School<br><b>Address:</b> , <br><b>SSID:</b> eduroam<br><b>Enc:</b> WPA2<br><b>AP:</b> 26<br>]]></description>
      <Point>
        <coordinates>-111.8475806,40.599117,0</coordinates>
      </Point>
    </Placemark>
    <Placemark>
      <name>Canyons School District</name>
      <description><![CDATA[<b>Name:</b> Quail Hollow Elementary School<br><b>Address:</b> , <br><b>SSID:</b> eduroam<br><b>Enc:</b> WPA2<br><b>AP:</b> 19<br>]]></description>
      <Point>
        <coordinates>-111.8164873,40.5871194,0</coordinates>
      </Point>
    </Placemark>
    <Placemark>
      <name>Canyons School District</name>
      <description><![CDATA[<b>Name:</b> Ridgecrest Elementary School<br><b>Address:</b> , <br><b>SSID:</b> eduroam<br><b>Enc:</b> WPA2<br><b>AP:</b> 17<br>]]></description>
      <Point>
        <coordinates>-111.8406916,40.6192298,0</coordinates>
      </Point>
    </Placemark>
    <Placemark>
      <name>Canyons School District</name>
      <description><![CDATA[<b>Name:</b> Sandy Elementary School<br><b>Address:</b> , <br><b>SSID:</b> eduroam<br><b>Enc:</b> WPA2<br><b>AP:</b> 26<br>]]></description>
      <Point>
        <coordinates>-111.8805507,40.5929898,0</coordinates>
      </Point>
    </Placemark>
    <Placemark>
      <name>Canyons School District</name>
      <description><![CDATA[<b>Name:</b> Silver Mesa Elementary School<br><b>Address:</b> , <br><b>SSID:</b> eduroam<br><b>Enc:</b> WPA2<br><b>AP:</b> 16<br>]]></description>
      <Point>
        <coordinates>-111.84497,40.589095,0</coordinates>
      </Point>
    </Placemark>
    <Placemark>
      <name>Canyons School District</name>
      <description><![CDATA[<b>Name:</b> Sprucewood Elementary School<br><b>Address:</b> , <br><b>SSID:</b> eduroam<br><b>Enc:</b> WPA2<br><b>AP:</b> 16<br>]]></description>
      <Point>
        <coordinates>-111.86172,40.5326913,0</coordinates>
      </Point>
    </Placemark>
    <Placemark>
      <name>Canyons School District</name>
      <description><![CDATA[<b>Name:</b> Sunrise Elementary School<br><b>Address:</b> , <br><b>SSID:</b> eduroam<br><b>Enc:</b> WPA2<br><b>AP:</b> 15<br>]]></description>
      <Point>
        <coordinates>-111.8476546,40.5463524,0</coordinates>
      </Point>
    </Placemark>
    <Placemark>
      <name>Canyons School District</name>
      <description><![CDATA[<b>Name:</b> Union Middle School<br><b>Address:</b> , <br><b>SSID:</b> eduroam<br><b>Enc:</b> WPA2<br><b>AP:</b> 34<br>]]></description>
      <Point>
        <coordinates>-111.8744659,40.6070619,0</coordinates>
      </Point>
    </Placemark>
    <Placemark>
      <name>Canyons School District</name>
      <description><![CDATA[<b>Name:</b> Willow Canyon Elementary School<br><b>Address:</b> , <br><b>SSID:</b> eduroam<br><b>Enc:</b> WPA2<br><b>AP:</b> 15<br>]]></description>
      <Point>
        <coordinates>-111.8466939,40.5760172,0</coordinates>
      </Point>
    </Placemark>
    <Placemark>
      <name>Canyons School District</name>
      <description><![CDATA[<b>Name:</b> Willow Springs Elementary School<br><b>Address:</b> , <br><b>SSID:</b> eduroam<br><b>Enc:</b> WPA2<br><b>AP:</b> 20<br>]]></description>
      <Point>
        <coordinates>-111.8771209,40.509931,0</coordinates>
      </Point>
    </Placemark>
    <Placemark>
      <name>Carbon School District</name>
      <description><![CDATA[<b>Name:</b> Carbon School District Office<br><b>Address:</b> , <br><b>SSID:</b> eduroam<br><b>Enc:</b> WPA2<br><b>AP:</b> 23<br>]]></description>
      <Point>
        <coordinates>-110.8163083,39.6043248,0</coordinates>
      </Point>
    </Placemark>
    <Placemark>
      <name>CentraCom</name>
      <description><![CDATA[<b>Name:</b> CentraCom Fairview Office<br><b>Address:</b> , <br><b>SSID:</b> eduroam<br><b>Enc:</b> WPA2<br><b>AP:</b> 4<br>]]></description>
      <Point>
        <coordinates>-111.4389073,39.627683,0</coordinates>
      </Point>
    </Placemark>
    <Placemark>
      <name>CentraCom</name>
      <description><![CDATA[<b>Name:</b> CentraCom Garden City Office<br><b>Address:</b> , <br><b>SSID:</b> eduroam<br><b>Enc:</b> WPA2<br><b>AP:</b> 1<br>]]></description>
      <Point>
        <coordinates>-111.3930977,41.9435948,0</coordinates>
      </Point>
    </Placemark>
    <Placemark>
      <name>CentraCom</name>
      <description><![CDATA[<b>Name:</b> CentraCom Lindon Office<br><b>Address:</b> , <br><b>SSID:</b> eduroam<br><b>Enc:</b> WPA2<br><b>AP:</b> 3<br>]]></description>
      <Point>
        <coordinates>-111.7322151,40.3310453,0</coordinates>
      </Point>
    </Placemark>
    <Placemark>
      <name>CentraCom</name>
      <description><![CDATA[<b>Name:</b> CentraCom Mount Pleasant Office<br><b>Address:</b> , <br><b>SSID:</b> eduroam<br><b>Enc:</b> WPA2<br><b>AP:</b> 1<br>]]></description>
      <Point>
        <coordinates>-111.4567934,39.5465129,0</coordinates>
      </Point>
    </Placemark>
    <Placemark>
      <name>CentraCom</name>
      <description><![CDATA[<b>Name:</b> CentraCom Provo Office<br><b>Address:</b> , <br><b>SSID:</b> eduroam<br><b>Enc:</b> WPA2<br><b>AP:</b> 1<br>]]></description>
      <Point>
        <coordinates>-111.635938,40.215286,0</coordinates>
      </Point>
    </Placemark>
    <Placemark>
      <name>CentraCom</name>
      <description><![CDATA[<b>Name:</b> CentraCom Scofield Office<br><b>Address:</b> , <br><b>SSID:</b> eduroam<br><b>Enc:</b> WPA2<br><b>AP:</b> 1<br>]]></description>
      <Point>
        <coordinates>-111.1607859,39.7236963,0</coordinates>
      </Point>
    </Placemark>
    <Placemark>
      <name>CentraCom</name>
      <description><![CDATA[<b>Name:</b> CentraCom Wendover Office<br><b>Address:</b> , <br><b>SSID:</b> eduroam<br><b>Enc:</b> WPA2<br><b>AP:</b> 1<br>]]></description>
      <Point>
        <coordinates>-114.036446,40.7367186,0</coordinates>
      </Point>
    </Placemark>
    <Placemark>
      <name>CentraCom</name>
      <description><![CDATA[<b>Name:</b> Promenade Place<br><b>Address:</b> , <br><b>SSID:</b> eduroam<br><b>Enc:</b> WPA2 + WPA3<br><b>AP:</b> 88<br>]]></description>
      <Point>
        <coordinates>-111.7302405,40.2813002,0</coordinates>
      </Point>
    </Placemark>
    <Placemark>
      <name>CentraCom</name>
      <description><![CDATA[<b>Name:</b> Snow Lodge Apartments<br><b>Address:</b> , <br><b>SSID:</b> eduroam<br><b>Enc:</b> WPA2 + WPA3<br><b>AP:</b> 24<br>]]></description>
      <Point>
        <coordinates>-111.5825064,39.3591944,0</coordinates>
      </Point>
    </Placemark>
    <Placemark>
      <name>CentraCom</name>
      <description><![CDATA[<b>Name:</b> The Vue at Traverse Ridge<br><b>Address:</b> , <br><b>SSID:</b> eduroam<br><b>Enc:</b> WPA2<br><b>AP:</b> 6<br>]]></description>
      <Point>
        <coordinates>-111.8612329,40.433948,0</coordinates>
      </Point>
    </Placemark>
    <Placemark>
      <name>Central Utah Educational Services</name>
      <description><![CDATA[<b>Name:</b> CUES<br><b>Address:</b> , <br><b>SSID:</b> eduroam<br><b>Enc:</b> WPA2<br><b>AP:</b> 6<br>]]></description>
      <Point>
        <coordinates>-112.084504,38.7795687,0</coordinates>
      </Point>
    </Placemark>
    <Placemark>
      <name>Central Utah Educational Services</name>
      <description><![CDATA[<b>Name:</b> Juab: District Office<br><b>Address:</b> , <br><b>SSID:</b> eduroam<br><b>Enc:</b> WPA2<br><b>AP:</b> 3<br>]]></description>
      <Point>
        <coordinates>-111.8296104,39.716947,0</coordinates>
      </Point>
    </Placemark>
    <Placemark>
      <name>Central Utah Educational Services</name>
      <description><![CDATA[<b>Name:</b> Juab: Juab High School<br><b>Address:</b> , <br><b>SSID:</b> eduroam<br><b>Enc:</b> WPA2<br><b>AP:</b> 40<br>]]></description>
      <Point>
        <coordinates>-111.8229461,39.7205154,0</coordinates>
      </Point>
    </Placemark>
    <Placemark>
      <name>Central Utah Educational Services</name>
      <description><![CDATA[<b>Name:</b> Juab: Juab Junior High School<br><b>Address:</b> , <br><b>SSID:</b> eduroam<br><b>Enc:</b> WPA2<br><b>AP:</b> 40<br>]]></description>
      <Point>
        <coordinates>-111.8252528,39.7203999,0</coordinates>
      </Point>
    </Placemark>
    <Placemark>
      <name>Central Utah Educational Services</name>
      <description><![CDATA[<b>Name:</b> Juab: Mona Elementary School<br><b>Address:</b> , <br><b>SSID:</b> eduroam<br><b>Enc:</b> WPA2<br><b>AP:</b> 21<br>]]></description>
      <Point>
        <coordinates>-111.8505621,39.8132831,0</coordinates>
      </Point>
    </Placemark>
    <Placemark>
      <name>Central Utah Educational Services</name>
      <description><![CDATA[<b>Name:</b> Juab: Nebo View Elementary School<br><b>Address:</b> , <br><b>SSID:</b> eduroam<br><b>Enc:</b> WPA2<br><b>AP:</b> 15<br>]]></description>
      <Point>
        <coordinates>-111.8289486,39.7107356,0</coordinates>
      </Point>
    </Placemark>
    <Placemark>
      <name>Central Utah Educational Services</name>
      <description><![CDATA[<b>Name:</b> Juab: Red Cliffs Elementary School<br><b>Address:</b> , <br><b>SSID:</b> eduroam<br><b>Enc:</b> WPA2<br><b>AP:</b> 24<br>]]></description>
      <Point>
        <coordinates>-111.8346874,39.6910166,0</coordinates>
      </Point>
    </Placemark>
    <Placemark>
      <name>Central Utah Educational Services</name>
      <description><![CDATA[<b>Name:</b> North Sanpete: District Office<br><b>Address:</b> , <br><b>SSID:</b> eduroam<br><b>Enc:</b> WPA2<br><b>AP:</b> 8<br>]]></description>
      <Point>
        <coordinates>-111.4510771,39.5360221,0</coordinates>
      </Point>
    </Placemark>
    <Placemark>
      <name>Central Utah Educational Services</name>
      <description><![CDATA[<b>Name:</b> North Sanpete: Fairview Elementary School<br><b>Address:</b> , <br><b>SSID:</b> eduroam<br><b>Enc:</b> WPA2<br><b>AP:</b> 14<br>]]></description>
      <Point>
        <coordinates>-111.4264727,39.6312916,0</coordinates>
      </Point>
    </Placemark>
    <Placemark>
      <name>Central Utah Educational Services</name>
      <description><![CDATA[<b>Name:</b> North Sanpete: Fountain Green Elementary School<br><b>Address:</b> , <br><b>SSID:</b> eduroam<br><b>Enc:</b> WPA2<br><b>AP:</b> 7<br>]]></description>
      <Point>
        <coordinates>-111.6414142,39.6264659,0</coordinates>
      </Point>
    </Placemark>
    <Placemark>
      <name>Central Utah Educational Services</name>
      <description><![CDATA[<b>Name:</b> North Sanpete: Moroni Elementary School<br><b>Address:</b> , <br><b>SSID:</b> eduroam<br><b>Enc:</b> WPA2<br><b>AP:</b> 14<br>]]></description>
      <Point>
        <coordinates>-111.5867018,39.5274951,0</coordinates>
      </Point>
    </Placemark>
    <Placemark>
      <name>Central Utah Educational Services</name>
      <description><![CDATA[<b>Name:</b> North Sanpete: Mt. Pleasant Elementary School<br><b>Address:</b> , <br><b>SSID:</b> eduroam<br><b>Enc:</b> WPA2<br><b>AP:</b> 26<br>]]></description>
      <Point>
        <coordinates>-111.4468678,39.538628,0</coordinates>
      </Point>
    </Placemark>
    <Placemark>
      <name>Central Utah Educational Services</name>
      <description><![CDATA[<b>Name:</b> North Sanpete: North Sanpete High School<br><b>Address:</b> , <br><b>SSID:</b> eduroam<br><b>Enc:</b> WPA2<br><b>AP:</b> 44<br>]]></description>
      <Point>
        <coordinates>-111.4480162,39.5355071,0</coordinates>
      </Point>
    </Placemark>
    <Placemark>
      <name>Central Utah Educational Services</name>
      <description><![CDATA[<b>Name:</b> North Sanpete: North Sanpete Middle School<br><b>Address:</b> , <br><b>SSID:</b> eduroam<br><b>Enc:</b> WPA2<br><b>AP:</b> 24<br>]]></description>
      <Point>
        <coordinates>-111.5714622,39.5233427,0</coordinates>
      </Point>
    </Placemark>
    <Placemark>
      <name>Central Utah Educational Services</name>
      <description><![CDATA[<b>Name:</b> North Sanpete: Spring City Elementary School<br><b>Address:</b> , <br><b>SSID:</b> eduroam<br><b>Enc:</b> WPA2<br><b>AP:</b> 7<br>]]></description>
      <Point>
        <coordinates>-111.4873481,39.4795827,0</coordinates>
      </Point>
    </Placemark>
    <Placemark>
      <name>Central Utah Educational Services</name>
      <description><![CDATA[<b>Name:</b> Piute: Circleville Elementary School<br><b>Address:</b> , <br><b>SSID:</b> eduroam<br><b>Enc:</b> WPA2<br><b>AP:</b> 14<br>]]></description>
      <Point>
        <coordinates>-112.2731709,38.1670897,0</coordinates>
      </Point>
    </Placemark>
    <Placemark>
      <name>Central Utah Educational Services</name>
      <description><![CDATA[<b>Name:</b> Piute: District Office<br><b>Address:</b> , <br><b>SSID:</b> eduroam<br><b>Enc:</b> WPA2<br><b>AP:</b> 5<br>]]></description>
      <Point>
        <coordinates>-112.2207977,38.2447666,0</coordinates>
      </Point>
    </Placemark>
    <Placemark>
      <name>Central Utah Educational Services</name>
      <description><![CDATA[<b>Name:</b> Piute: Oscarson Elementary School<br><b>Address:</b> , <br><b>SSID:</b> eduroam<br><b>Enc:</b> WPA2<br><b>AP:</b> 10<br>]]></description>
      <Point>
        <coordinates>-112.2331309,38.4507992,0</coordinates>
      </Point>
    </Placemark>
    <Placemark>
      <name>Central Utah Educational Services</name>
      <description><![CDATA[<b>Name:</b> Piute: Piute High School<br><b>Address:</b> , <br><b>SSID:</b> eduroam<br><b>Enc:</b> WPA2<br><b>AP:</b> 28<br>]]></description>
      <Point>
        <coordinates>-112.2216511,38.2454437,0</coordinates>
      </Point>
    </Placemark>
    <Placemark>
      <name>Central Utah Educational Services</name>
      <description><![CDATA[<b>Name:</b> Sevier: Asman Elementary School<br><b>Address:</b> , <br><b>SSID:</b> eduroam<br><b>Enc:</b> WPA2<br><b>AP:</b> 38<br>]]></description>
      <Point>
        <coordinates>-112.0875028,38.7689184,0</coordinates>
      </Point>
    </Placemark>
    <Placemark>
      <name>Central Utah Educational Services</name>
      <description><![CDATA[<b>Name:</b> Sevier: Cedar Ridge High School<br><b>Address:</b> , <br><b>SSID:</b> eduroam<br><b>Enc:</b> WPA2<br><b>AP:</b> 8<br>]]></description>
      <Point>
        <coordinates>-112.0950503,38.769078,0</coordinates>
      </Point>
    </Placemark>
    <Placemark>
      <name>Central Utah Educational Services</name>
      <description><![CDATA[<b>Name:</b> Sevier: District Office<br><b>Address:</b> , <br><b>SSID:</b> eduroam<br><b>Enc:</b> WPA2<br><b>AP:</b> 11<br>]]></description>
      <Point>
        <coordinates>-112.0813394,38.7761514,0</coordinates>
      </Point>
    </Placemark>
    <Placemark>
      <name>Central Utah Educational Services</name>
      <description><![CDATA[<b>Name:</b> Sevier: Koosharem Elementary School<br><b>Address:</b> , <br><b>SSID:</b> eduroam<br><b>Enc:</b> WPA2<br><b>AP:</b> 6<br>]]></description>
      <Point>
        <coordinates>-111.8798859,38.5100979,0</coordinates>
      </Point>
    </Placemark>
    <Placemark>
      <name>Central Utah Educational Services</name>
      <description><![CDATA[<b>Name:</b> Sevier: Monroe Elementary School<br><b>Address:</b> , <br><b>SSID:</b> eduroam<br><b>Enc:</b> WPA2<br><b>AP:</b> 39<br>]]></description>
      <Point>
        <coordinates>-112.122289,38.6321071,0</coordinates>
      </Point>
    </Placemark>
    <Placemark>
      <name>Central Utah Educational Services</name>
      <description><![CDATA[<b>Name:</b> Sevier: North Sevier High School<br><b>Address:</b> , <br><b>SSID:</b> eduroam<br><b>Enc:</b> WPA2<br><b>AP:</b> 33<br>]]></description>
      <Point>
        <coordinates>-111.8656284,38.9639282,0</coordinates>
      </Point>
    </Placemark>
    <Placemark>
      <name>Central Utah Educational Services</name>
      <description><![CDATA[<b>Name:</b> Sevier: North Sevier Middle School<br><b>Address:</b> , <br><b>SSID:</b> eduroam<br><b>Enc:</b> WPA2<br><b>AP:</b> 20<br>]]></description>
      <Point>
        <coordinates>-111.8619563,38.9594387,0</coordinates>
      </Point>
    </Placemark>
    <Placemark>
      <name>Central Utah Educational Services</name>
      <description><![CDATA[<b>Name:</b> Sevier: Pahvant Elementary School<br><b>Address:</b> , <br><b>SSID:</b> eduroam<br><b>Enc:</b> WPA2<br><b>AP:</b> 30<br>]]></description>
      <Point>
        <coordinates>-112.0898088,38.7753731,0</coordinates>
      </Point>
    </Placemark>
    <Placemark>
      <name>Central Utah Educational Services</name>
      <description><![CDATA[<b>Name:</b> Sevier: Red Hills Middle School<br><b>Address:</b> , <br><b>SSID:</b> eduroam<br><b>Enc:</b> WPA2<br><b>AP:</b> 30<br>]]></description>
      <Point>
        <coordinates>-112.0958886,38.7624488,0</coordinates>
      </Point>
    </Placemark>
    <Placemark>
      <name>Central Utah Educational Services</name>
      <description><![CDATA[<b>Name:</b> Sevier: Richfield High School<br><b>Address:</b> , <br><b>SSID:</b> eduroam<br><b>Enc:</b> WPA2<br><b>AP:</b> 98<br>]]></description>
      <Point>
        <coordinates>-112.0937955,38.7671872,0</coordinates>
      </Point>
    </Placemark>
    <Placemark>
      <name>Central Utah Educational Services</name>
      <description><![CDATA[<b>Name:</b> Sevier: Salina Elementary School<br><b>Address:</b> , <br><b>SSID:</b> eduroam<br><b>Enc:</b> WPA2<br><b>AP:</b> 34<br>]]></description>
      <Point>
        <coordinates>-111.8636589,38.9621978,0</coordinates>
      </Point>
    </Placemark>
    <Placemark>
      <name>Central Utah Educational Services</name>
      <description><![CDATA[<b>Name:</b> Sevier: South Sevier High School<br><b>Address:</b> , <br><b>SSID:</b> eduroam<br><b>Enc:</b> WPA2<br><b>AP:</b> 38<br>]]></description>
      <Point>
        <coordinates>-112.1300942,38.6301726,0</coordinates>
      </Point>
    </Placemark>
    <Placemark>
      <name>Central Utah Educational Services</name>
      <description><![CDATA[<b>Name:</b> Sevier: South Sevier Middle School<br><b>Address:</b> , <br><b>SSID:</b> eduroam<br><b>Enc:</b> WPA2<br><b>AP:</b> 26<br>]]></description>
      <Point>
        <coordinates>-112.1149249,38.6313565,0</coordinates>
      </Point>
    </Placemark>
    <Placemark>
      <name>Central Utah Educational Services</name>
      <description><![CDATA[<b>Name:</b> Sevier: Warehouse<br><b>Address:</b> , <br><b>SSID:</b> eduroam<br><b>Enc:</b> WPA2<br><b>AP:</b> 5<br>]]></description>
      <Point>
        <coordinates>-112.0445212,38.7908392,0</coordinates>
      </Point>
    </Placemark>
    <Placemark>
      <name>Central Utah Educational Services</name>
      <description><![CDATA[<b>Name:</b> South Sanpete: District Office<br><b>Address:</b> , <br><b>SSID:</b> eduroam<br><b>Enc:</b> WPA2<br><b>AP:</b> 3<br>]]></description>
      <Point>
        <coordinates>-111.6367277,39.2648365,0</coordinates>
      </Point>
    </Placemark>
    <Placemark>
      <name>Central Utah Educational Services</name>
      <description><![CDATA[<b>Name:</b> South Sanpete: Ephraim Elementary School<br><b>Address:</b> , <br><b>SSID:</b> eduroam<br><b>Enc:</b> WPA2<br><b>AP:</b> 28<br>]]></description>
      <Point>
        <coordinates>-111.580367,39.3498408,0</coordinates>
      </Point>
    </Placemark>
    <Placemark>
      <name>Central Utah Educational Services</name>
      <description><![CDATA[<b>Name:</b> South Sanpete: Ephraim Middle School<br><b>Address:</b> , <br><b>SSID:</b> eduroam<br><b>Enc:</b> WPA2<br><b>AP:</b> 28<br>]]></description>
      <Point>
        <coordinates>-111.5829754,39.3496443,0</coordinates>
      </Point>
    </Placemark>
    <Placemark>
      <name>Central Utah Educational Services</name>
      <description><![CDATA[<b>Name:</b> South Sanpete: Gunnison Valley Elementary School<br><b>Address:</b> , <br><b>SSID:</b> eduroam<br><b>Enc:</b> WPA2<br><b>AP:</b> 33<br>]]></description>
      <Point>
        <coordinates>-111.8102002,39.1439555,0</coordinates>
      </Point>
    </Placemark>
    <Placemark>
      <name>Central Utah Educational Services</name>
      <description><![CDATA[<b>Name:</b> South Sanpete: Gunnison Valley High School<br><b>Address:</b> , <br><b>SSID:</b> eduroam<br><b>Enc:</b> WPA2<br><b>AP:</b> 31<br>]]></description>
      <Point>
        <coordinates>-111.8167782,39.1418889,0</coordinates>
      </Point>
    </Placemark>
    <Placemark>
      <name>Central Utah Educational Services</name>
      <description><![CDATA[<b>Name:</b> South Sanpete: Gunnison Valley Middle School<br><b>Address:</b> , <br><b>SSID:</b> eduroam<br><b>Enc:</b> WPA2<br><b>AP:</b> 18<br>]]></description>
      <Point>
        <coordinates>-111.813054,39.141856,0</coordinates>
      </Point>
    </Placemark>
    <Placemark>
      <name>Central Utah Educational Services</name>
      <description><![CDATA[<b>Name:</b> South Sanpete: Manti Elementary School<br><b>Address:</b> , <br><b>SSID:</b> eduroam<br><b>Enc:</b> WPA2<br><b>AP:</b> 26<br>]]></description>
      <Point>
        <coordinates>-111.6398166,39.2644968,0</coordinates>
      </Point>
    </Placemark>
    <Placemark>
      <name>Central Utah Educational Services</name>
      <description><![CDATA[<b>Name:</b> South Sanpete: Manti High School<br><b>Address:</b> , <br><b>SSID:</b> eduroam<br><b>Enc:</b> WPA2<br><b>AP:</b> 39<br>]]></description>
      <Point>
        <coordinates>-111.6391182,39.2740256,0</coordinates>
      </Point>
    </Placemark>
    <Placemark>
      <name>Central Utah Educational Services</name>
      <description><![CDATA[<b>Name:</b> Tintic: Eureka Elementary School<br><b>Address:</b> , <br><b>SSID:</b> eduroam<br><b>Enc:</b> WPA2<br><b>AP:</b> 8<br>]]></description>
      <Point>
        <coordinates>-112.1130379,39.9565093,0</coordinates>
      </Point>
    </Placemark>
    <Placemark>
      <name>Central Utah Educational Services</name>
      <description><![CDATA[<b>Name:</b> Tintic: Tintic District Office<br><b>Address:</b> , <br><b>SSID:</b> eduroam<br><b>Enc:</b> WPA2<br><b>AP:</b> 6<br>]]></description>
      <Point>
        <coordinates>-112.1036873,39.9596146,0</coordinates>
      </Point>
    </Placemark>
    <Placemark>
      <name>Central Utah Educational Services</name>
      <description><![CDATA[<b>Name:</b> Tintic: Tintic High School<br><b>Address:</b> , <br><b>SSID:</b> eduroam<br><b>Enc:</b> WPA2<br><b>AP:</b> 10<br>]]></description>
      <Point>
        <coordinates>-112.1045788,39.9591678,0</coordinates>
      </Point>
    </Placemark>
    <Placemark>
      <name>Central Utah Educational Services</name>
      <description><![CDATA[<b>Name:</b> Tintic: West Desert Elementary School<br><b>Address:</b> , <br><b>SSID:</b> eduroam<br><b>Enc:</b> WPA2<br><b>AP:</b> 2<br>]]></description>
      <Point>
        <coordinates>-113.8893628,39.6436023,0</coordinates>
      </Point>
    </Placemark>
    <Placemark>
      <name>Central Utah Educational Services</name>
      <description><![CDATA[<b>Name:</b> Tintic: West Desert HighSchool<br><b>Address:</b> , <br><b>SSID:</b> eduroam<br><b>Enc:</b> WPA2<br><b>AP:</b> 2<br>]]></description>
      <Point>
        <coordinates>-113.8887759,39.6441492,0</coordinates>
      </Point>
    </Placemark>
    <Placemark>
      <name>Central Utah Educational Services</name>
      <description><![CDATA[<b>Name:</b> Wayne: District Office<br><b>Address:</b> , <br><b>SSID:</b> eduroam<br><b>Enc:</b> WPA2<br><b>AP:</b> 3<br>]]></description>
      <Point>
        <coordinates>-111.5464909,38.3416833,0</coordinates>
      </Point>
    </Placemark>
    <Placemark>
      <name>Central Utah Educational Services</name>
      <description><![CDATA[<b>Name:</b> Wayne: Hanksville Elementary School<br><b>Address:</b> , <br><b>SSID:</b> eduroam<br><b>Enc:</b> WPA2<br><b>AP:</b> 6<br>]]></description>
      <Point>
        <coordinates>-110.7150603,38.3719001,0</coordinates>
      </Point>
    </Placemark>
    <Placemark>
      <name>Central Utah Educational Services</name>
      <description><![CDATA[<b>Name:</b> Wayne: Loa Elementary School<br><b>Address:</b> , <br><b>SSID:</b> eduroam<br><b>Enc:</b> WPA2<br><b>AP:</b> 13<br>]]></description>
      <Point>
        <coordinates>-111.6410172,38.4010032,0</coordinates>
      </Point>
    </Placemark>
    <Placemark>
      <name>Central Utah Educational Services</name>
      <description><![CDATA[<b>Name:</b> Wayne: Wayne High School<br><b>Address:</b> , <br><b>SSID:</b> eduroam<br><b>Enc:</b> WPA2<br><b>AP:</b> 19<br>]]></description>
      <Point>
        <coordinates>-111.5519357,38.3436757,0</coordinates>
      </Point>
    </Placemark>
    <Placemark>
      <name>Central Utah Educational Services</name>
      <description><![CDATA[<b>Name:</b> Wayne: Wayne Middle School<br><b>Address:</b> , <br><b>SSID:</b> eduroam<br><b>Enc:</b> WPA2<br><b>AP:</b> 12<br>]]></description>
      <Point>
        <coordinates>-111.5456218,38.3415005,0</coordinates>
      </Point>
    </Placemark>
    <Placemark>
      <name>Daggett School District</name>
      <description><![CDATA[<b>Name:</b> Daggett School District Offices<br><b>Address:</b> , <br><b>SSID:</b> eduroam<br><b>Enc:</b> WPA2 + WPA3<br><b>AP:</b> 2<br>]]></description>
      <Point>
        <coordinates>-109.7270894,40.9918601,0</coordinates>
      </Point>
    </Placemark>
    <Placemark>
      <name>Daggett School District</name>
      <description><![CDATA[<b>Name:</b> Flaming Gorge Elementary School<br><b>Address:</b> , <br><b>SSID:</b> eduroam<br><b>Enc:</b> WPA2 + WPA3<br><b>AP:</b> 2<br>]]></description>
      <Point>
        <coordinates>-109.3943882,40.930634,0</coordinates>
      </Point>
    </Placemark>
    <Placemark>
      <name>Daggett School District</name>
      <description><![CDATA[<b>Name:</b> Manila Elementary School<br><b>Address:</b> , <br><b>SSID:</b> eduroam<br><b>Enc:</b> WPA2 + WPA3<br><b>AP:</b> 7<br>]]></description>
      <Point>
        <coordinates>-109.7258721,40.991523,0</coordinates>
      </Point>
    </Placemark>
    <Placemark>
      <name>Daggett School District</name>
      <description><![CDATA[<b>Name:</b> Manila High School<br><b>Address:</b> , <br><b>SSID:</b> eduroam<br><b>Enc:</b> WPA2 + WPA3<br><b>AP:</b> 11<br>]]></description>
      <Point>
        <coordinates>-109.7257761,40.9922409,0</coordinates>
      </Point>
    </Placemark>
    <Placemark>
      <name>Dairy Keen</name>
      <description><![CDATA[<b>Name:</b> Dairy Keen<br><b>Address:</b> , <br><b>SSID:</b> eduroam<br><b>Enc:</b> WPA2 + WPA3<br><b>AP:</b> 6<br>]]></description>
      <Point>
        <coordinates>-111.4130796,40.5054155,0</coordinates>
      </Point>
    </Placemark>
    <Placemark>
      <name>Davis School District</name>
      <description><![CDATA[<b>Name:</b> Adams Elementary<br><b>Address:</b> , <br><b>SSID:</b> eduroam<br><b>Enc:</b> WPA2+WPA<br><b>AP:</b> -<br>]]></description>
      <Point>
        <coordinates>-111.9256103,41.0949256,0</coordinates>
      </Point>
    </Placemark>
    <Placemark>
      <name>Davis School District</name>
      <description><![CDATA[<b>Name:</b> Adelaide Elementary<br><b>Address:</b> , <br><b>SSID:</b> eduroam<br><b>Enc:</b> WPA2+WPA<br><b>AP:</b> -<br>]]></description>
      <Point>
        <coordinates>-111.8997431,40.8501119,0</coordinates>
      </Point>
    </Placemark>
    <Placemark>
      <name>Davis School District</name>
      <description><![CDATA[<b>Name:</b> Administration Building<br><b>Address:</b> , <br><b>SSID:</b> eduroam<br><b>Enc:</b> WPA2+WPA<br><b>AP:</b> -<br>]]></description>
      <Point>
        <coordinates>-111.8863535,40.9807728,0</coordinates>
      </Point>
    </Placemark>
    <Placemark>
      <name>Davis School District</name>
      <description><![CDATA[<b>Name:</b> Antelope Elementary<br><b>Address:</b> , <br><b>SSID:</b> eduroam<br><b>Enc:</b> WPA2+WPA<br><b>AP:</b> -<br>]]></description>
      <Point>
        <coordinates>-112.0269575,41.0872661,0</coordinates>
      </Point>
    </Placemark>
    <Placemark>
      <name>Davis School District</name>
      <description><![CDATA[<b>Name:</b> Bluff Ridge Elementary<br><b>Address:</b> , <br><b>SSID:</b> eduroam<br><b>Enc:</b> WPA2+WPA<br><b>AP:</b> -<br>]]></description>
      <Point>
        <coordinates>-112.0411921,41.0755661,0</coordinates>
      </Point>
    </Placemark>
    <Placemark>
      <name>Davis School District</name>
      <description><![CDATA[<b>Name:</b> Boulton Elementary<br><b>Address:</b> , <br><b>SSID:</b> eduroam<br><b>Enc:</b> WPA2+WPA<br><b>AP:</b> -<br>]]></description>
      <Point>
        <coordinates>-111.8849158,40.8609047,0</coordinates>
      </Point>
    </Placemark>
    <Placemark>
      <name>Davis School District</name>
      <description><![CDATA[<b>Name:</b> Bountiful Elementary<br><b>Address:</b> , <br><b>SSID:</b> eduroam<br><b>Enc:</b> WPA2+WPA<br><b>AP:</b> -<br>]]></description>
      <Point>
        <coordinates>-111.8825555,40.8734967,0</coordinates>
      </Point>
    </Placemark>
    <Placemark>
      <name>Davis School District</name>
      <description><![CDATA[<b>Name:</b> Bountiful High School<br><b>Address:</b> , <br><b>SSID:</b> eduroam<br><b>Enc:</b> WPA2+WPA<br><b>AP:</b> -<br>]]></description>
      <Point>
        <coordinates>-111.871891,40.8818847,0</coordinates>
      </Point>
    </Placemark>
    <Placemark>
      <name>Davis School District</name>
      <description><![CDATA[<b>Name:</b> Bountiful Jr. High<br><b>Address:</b> , <br><b>SSID:</b> eduroam<br><b>Enc:</b> WPA2+WPA<br><b>AP:</b> -<br>]]></description>
      <Point>
        <coordinates>-111.882062,40.8944403,0</coordinates>
      </Point>
    </Placemark>
    <Placemark>
      <name>Davis School District</name>
      <description><![CDATA[<b>Name:</b> Buffalo Point Elementary<br><b>Address:</b> , <br><b>SSID:</b> eduroam<br><b>Enc:</b> WPA2+WPA<br><b>AP:</b> -<br>]]></description>
      <Point>
        <coordinates>-112.0959091,41.0863059,0</coordinates>
      </Point>
    </Placemark>
    <Placemark>
      <name>Davis School District</name>
      <description><![CDATA[<b>Name:</b> Burton Elementary<br><b>Address:</b> , <br><b>SSID:</b> eduroam<br><b>Enc:</b> WPA2+WPA<br><b>AP:</b> -<br>]]></description>
      <Point>
        <coordinates>-111.919055,41.0319419,0</coordinates>
      </Point>
    </Placemark>
    <Placemark>
      <name>Davis School District</name>
      <description><![CDATA[<b>Name:</b> Cafe Central<br><b>Address:</b> , <br><b>SSID:</b> eduroam<br><b>Enc:</b> WPA2+WPA<br><b>AP:</b> -<br>]]></description>
      <Point>
        <coordinates>-112.0376569,41.0974968,0</coordinates>
      </Point>
    </Placemark>
    <Placemark>
      <name>Davis School District</name>
      <description><![CDATA[<b>Name:</b> Canyon Creek Elementary<br><b>Address:</b> , <br><b>SSID:</b> eduroam<br><b>Enc:</b> WPA2+WPA<br><b>AP:</b> -<br>]]></description>
      <Point>
        <coordinates>-111.910429,40.968428,0</coordinates>
      </Point>
    </Placemark>
    <Placemark>
      <name>Davis School District</name>
      <description><![CDATA[<b>Name:</b> Canyon Heights Adult Learning Center<br><b>Address:</b> , <br><b>SSID:</b> eduroam<br><b>Enc:</b> WPA2+WPA<br><b>AP:</b> -<br>]]></description>
      <Point>
        <coordinates>-111.9267905,41.0304972,0</coordinates>
      </Point>
    </Placemark>
    <Placemark>
      <name>Davis School District</name>
      <description><![CDATA[<b>Name:</b> Centennial Jr. High<br><b>Address:</b> , <br><b>SSID:</b> eduroam<br><b>Enc:</b> WPA2+WPA<br><b>AP:</b> -<br>]]></description>
      <Point>
        <coordinates>-111.9559193,41.0225855,0</coordinates>
      </Point>
    </Placemark>
    <Placemark>
      <name>Davis School District</name>
      <description><![CDATA[<b>Name:</b> Centerville Elementary<br><b>Address:</b> , <br><b>SSID:</b> eduroam<br><b>Enc:</b> WPA2+WPA<br><b>AP:</b> -<br>]]></description>
      <Point>
        <coordinates>-111.8765473,40.9211334,0</coordinates>
      </Point>
    </Placemark>
    <Placemark>
      <name>Davis School District</name>
      <description><![CDATA[<b>Name:</b> Centerville Jr. High<br><b>Address:</b> , <br><b>SSID:</b> eduroam<br><b>Enc:</b> WPA2+WPA<br><b>AP:</b> -<br>]]></description>
      <Point>
        <coordinates>-111.8781137,40.9103343,0</coordinates>
      </Point>
    </Placemark>
    <Placemark>
      <name>Davis School District</name>
      <description><![CDATA[<b>Name:</b> Central Davis Jr. High<br><b>Address:</b> , <br><b>SSID:</b> eduroam<br><b>Enc:</b> WPA2+WPA<br><b>AP:</b> -<br>]]></description>
      <Point>
        <coordinates>-111.964159,41.0694191,0</coordinates>
      </Point>
    </Placemark>
    <Placemark>
      <name>Davis School District</name>
      <description><![CDATA[<b>Name:</b> Clearfield High School<br><b>Address:</b> , <br><b>SSID:</b> eduroam<br><b>Enc:</b> WPA2+WPA<br><b>AP:</b> -<br>]]></description>
      <Point>
        <coordinates>-112.0057189,41.1005202,0</coordinates>
      </Point>
    </Placemark>
    <Placemark>
      <name>Davis School District</name>
      <description><![CDATA[<b>Name:</b> Clinton Elementary<br><b>Address:</b> , <br><b>SSID:</b> eduroam<br><b>Enc:</b> WPA2+WPA<br><b>AP:</b> -<br>]]></description>
      <Point>
        <coordinates>-112.0473719,41.1391707,0</coordinates>
      </Point>
    </Placemark>
    <Placemark>
      <name>Davis School District</name>
      <description><![CDATA[<b>Name:</b> Columbia Elementary<br><b>Address:</b> , <br><b>SSID:</b> eduroam<br><b>Enc:</b> WPA2+WPA<br><b>AP:</b> -<br>]]></description>
      <Point>
        <coordinates>-111.939075,41.0276685,0</coordinates>
      </Point>
    </Placemark>
    <Placemark>
      <name>Davis School District</name>
      <description><![CDATA[<b>Name:</b> Cook Elementary<br><b>Address:</b> , <br><b>SSID:</b> eduroam<br><b>Enc:</b> WPA2+WPA<br><b>AP:</b> -<br>]]></description>
      <Point>
        <coordinates>-112.0487752,41.0936289,0</coordinates>
      </Point>
    </Placemark>
    <Placemark>
      <name>Davis School District</name>
      <description><![CDATA[<b>Name:</b> Creekside Elementary<br><b>Address:</b> , <br><b>SSID:</b> eduroam<br><b>Enc:</b> WPA2+WPA<br><b>AP:</b> -<br>]]></description>
      <Point>
        <coordinates>-111.9425726,41.0501492,0</coordinates>
      </Point>
    </Placemark>
    <Placemark>
      <name>Davis School District</name>
      <description><![CDATA[<b>Name:</b> Crestview Elementary<br><b>Address:</b> , <br><b>SSID:</b> eduroam<br><b>Enc:</b> WPA2+WPA<br><b>AP:</b> -<br>]]></description>
      <Point>
        <coordinates>-111.9708538,41.070147,0</coordinates>
      </Point>
    </Placemark>
    <Placemark>
      <name>Davis School District</name>
      <description><![CDATA[<b>Name:</b> Davis Catalyst Center<br><b>Address:</b> , <br><b>SSID:</b> eduroam<br><b>Enc:</b> WPA2+WPA<br><b>AP:</b> -<br>]]></description>
      <Point>
        <coordinates>-111.9626846,41.0423405,0</coordinates>
      </Point>
    </Placemark>
    <Placemark>
      <name>Davis School District</name>
      <description><![CDATA[<b>Name:</b> Davis Community Learning Center<br><b>Address:</b> , <br><b>SSID:</b> eduroam<br><b>Enc:</b> WPA2+WPA<br><b>AP:</b> -<br>]]></description>
      <Point>
        <coordinates>-112.0221851,41.1132502,0</coordinates>
      </Point>
    </Placemark>
    <Placemark>
      <name>Davis School District</name>
      <description><![CDATA[<b>Name:</b> Davis High School<br><b>Address:</b> , <br><b>SSID:</b> eduroam<br><b>Enc:</b> WPA2+WPA<br><b>AP:</b> -<br>]]></description>
      <Point>
        <coordinates>-111.9315863,41.030129,0</coordinates>
      </Point>
    </Placemark>
    <Placemark>
      <name>Davis School District</name>
      <description><![CDATA[<b>Name:</b> Davis School District Annex Building<br><b>Address:</b> , <br><b>SSID:</b> eduroam<br><b>Enc:</b> WPA2+WPA<br><b>AP:</b> -<br>]]></description>
      <Point>
        <coordinates>-111.8872677,40.9808807,0</coordinates>
      </Point>
    </Placemark>
    <Placemark>
      <name>Davis School District</name>
      <description><![CDATA[<b>Name:</b> Davis School District Northern Utah Testing Center<br><b>Address:</b> , <br><b>SSID:</b> eduroam<br><b>Enc:</b> WPA2+WPA<br><b>AP:</b> -<br>]]></description>
      <Point>
        <coordinates>-111.8872333,40.9826357,0</coordinates>
      </Point>
    </Placemark>
    <Placemark>
      <name>Davis School District</name>
      <description><![CDATA[<b>Name:</b> Doxey Elementary<br><b>Address:</b> , <br><b>SSID:</b> eduroam<br><b>Enc:</b> WPA2+WPA<br><b>AP:</b> -<br>]]></description>
      <Point>
        <coordinates>-112.0306027,41.1277041,0</coordinates>
      </Point>
    </Placemark>
    <Placemark>
      <name>Davis School District</name>
      <description><![CDATA[<b>Name:</b> Eagle Bay Elementary<br><b>Address:</b> , <br><b>SSID:</b> eduroam<br><b>Enc:</b> WPA2+WPA<br><b>AP:</b> -<br>]]></description>
      <Point>
        <coordinates>-111.9290113,40.9818096,0</coordinates>
      </Point>
    </Placemark>
    <Placemark>
      <name>Davis School District</name>
      <description><![CDATA[<b>Name:</b> East Layton Elementary<br><b>Address:</b> , <br><b>SSID:</b> eduroam<br><b>Enc:</b> WPA2+WPA<br><b>AP:</b> -<br>]]></description>
      <Point>
        <coordinates>-111.9187546,41.080451,0</coordinates>
      </Point>
    </Placemark>
    <Placemark>
      <name>Davis School District</name>
      <description><![CDATA[<b>Name:</b> Ellison Park Elementary<br><b>Address:</b> , <br><b>SSID:</b> eduroam<br><b>Enc:</b> WPA2+WPA<br><b>AP:</b> -<br>]]></description>
      <Point>
        <coordinates>-111.9995642,41.0719427,0</coordinates>
      </Point>
    </Placemark>
    <Placemark>
      <name>Davis School District</name>
      <description><![CDATA[<b>Name:</b> Endeavour Elementary<br><b>Address:</b> , <br><b>SSID:</b> eduroam<br><b>Enc:</b> WPA2+WPA<br><b>AP:</b> -<br>]]></description>
      <Point>
        <coordinates>-111.9389677,41.0033504,0</coordinates>
      </Point>
    </Placemark>
    <Placemark>
      <name>Davis School District</name>
      <description><![CDATA[<b>Name:</b> Fairfield Jr. High<br><b>Address:</b> , <br><b>SSID:</b> eduroam<br><b>Enc:</b> WPA2+WPA<br><b>AP:</b> -<br>]]></description>
      <Point>
        <coordinates>-111.9400406,41.0497931,0</coordinates>
      </Point>
    </Placemark>
    <Placemark>
      <name>Davis School District</name>
      <description><![CDATA[<b>Name:</b> Farmington Elementary<br><b>Address:</b> , <br><b>SSID:</b> eduroam<br><b>Enc:</b> WPA2+WPA<br><b>AP:</b> -<br>]]></description>
      <Point>
        <coordinates>-111.8890572,40.9773061,0</coordinates>
      </Point>
    </Placemark>
    <Placemark>
      <name>Davis School District</name>
      <description><![CDATA[<b>Name:</b> Farmington High School<br><b>Address:</b> , <br><b>SSID:</b> eduroam<br><b>Enc:</b> WPA2+WPA<br><b>AP:</b> -<br>]]></description>
      <Point>
        <coordinates>-111.9003654,40.9659328,0</coordinates>
      </Point>
    </Placemark>
    <Placemark>
      <name>Davis School District</name>
      <description><![CDATA[<b>Name:</b> Farmington Jr. High<br><b>Address:</b> , <br><b>SSID:</b> eduroam<br><b>Enc:</b> WPA2+WPA<br><b>AP:</b> -<br>]]></description>
      <Point>
        <coordinates>-111.8930483,40.9780189,0</coordinates>
      </Point>
    </Placemark>
    <Placemark>
      <name>Davis School District</name>
      <description><![CDATA[<b>Name:</b> Foxboro Elementary<br><b>Address:</b> , <br><b>SSID:</b> eduroam<br><b>Enc:</b> WPA2+WPA<br><b>AP:</b> -<br>]]></description>
      <Point>
        <coordinates>-111.9405127,40.8534878,0</coordinates>
      </Point>
    </Placemark>
    <Placemark>
      <name>Davis School District</name>
      <description><![CDATA[<b>Name:</b> Fremont Elementary<br><b>Address:</b> , <br><b>SSID:</b> eduroam<br><b>Enc:</b> WPA2+WPA<br><b>AP:</b> -<br>]]></description>
      <Point>
        <coordinates>-112.0287198,41.1504333,0</coordinates>
      </Point>
    </Placemark>
    <Placemark>
      <name>Davis School District</name>
      <description><![CDATA[<b>Name:</b> Heritage Elementary<br><b>Address:</b> , <br><b>SSID:</b> eduroam<br><b>Enc:</b> WPA2+WPA<br><b>AP:</b> -<br>]]></description>
      <Point>
        <coordinates>-111.9911742,41.0453915,0</coordinates>
      </Point>
    </Placemark>
    <Placemark>
      <name>Davis School District</name>
      <description><![CDATA[<b>Name:</b> Hill Field Elementary<br><b>Address:</b> , <br><b>SSID:</b> eduroam<br><b>Enc:</b> WPA2+WPA<br><b>AP:</b> -<br>]]></description>
      <Point>
        <coordinates>-112.0054394,41.1081501,0</coordinates>
      </Point>
    </Placemark>
    <Placemark>
      <name>Davis School District</name>
      <description><![CDATA[<b>Name:</b> Holbrook Elementary<br><b>Address:</b> , <br><b>SSID:</b> eduroam<br><b>Enc:</b> WPA2+WPA<br><b>AP:</b> -<br>]]></description>
      <Point>
        <coordinates>-111.8605989,40.8919424,0</coordinates>
      </Point>
    </Placemark>
    <Placemark>
      <name>Davis School District</name>
      <description><![CDATA[<b>Name:</b> Holt Elementary<br><b>Address:</b> , <br><b>SSID:</b> eduroam<br><b>Enc:</b> WPA2+WPA<br><b>AP:</b> -<br>]]></description>
      <Point>
        <coordinates>-112.0441532,41.1204223,0</coordinates>
      </Point>
    </Placemark>
    <Placemark>
      <name>Davis School District</name>
      <description><![CDATA[<b>Name:</b> Kay's Creek Elementary<br><b>Address:</b> , <br><b>SSID:</b> eduroam<br><b>Enc:</b> WPA2+WPA<br><b>AP:</b> -<br>]]></description>
      <Point>
        <coordinates>-111.9887924,41.0327512,0</coordinates>
      </Point>
    </Placemark>
    <Placemark>
      <name>Davis School District</name>
      <description><![CDATA[<b>Name:</b> Kaysville Elementary<br><b>Address:</b> , <br><b>SSID:</b> eduroam<br><b>Enc:</b> WPA2+WPA<br><b>AP:</b> -<br>]]></description>
      <Point>
        <coordinates>-111.9360602,41.0358346,0</coordinates>
      </Point>
    </Placemark>
    <Placemark>
      <name>Davis School District</name>
      <description><![CDATA[<b>Name:</b> Kaysville Jr. High<br><b>Address:</b> , <br><b>SSID:</b> eduroam<br><b>Enc:</b> WPA2+WPA<br><b>AP:</b> -<br>]]></description>
      <Point>
        <coordinates>-111.9365859,41.0286883,0</coordinates>
      </Point>
    </Placemark>
    <Placemark>
      <name>Davis School District</name>
      <description><![CDATA[<b>Name:</b> Kendall Building<br><b>Address:</b> , <br><b>SSID:</b> eduroam<br><b>Enc:</b> WPA2+WPA<br><b>AP:</b> -<br>]]></description>
      <Point>
        <coordinates>-111.8861366,40.981767,0</coordinates>
      </Point>
    </Placemark>
    <Placemark>
      <name>Davis School District</name>
      <description><![CDATA[<b>Name:</b> King Elementary<br><b>Address:</b> , <br><b>SSID:</b> eduroam<br><b>Enc:</b> WPA2+WPA<br><b>AP:</b> -<br>]]></description>
      <Point>
        <coordinates>-111.9539022,41.0750162,0</coordinates>
      </Point>
    </Placemark>
    <Placemark>
      <name>Davis School District</name>
      <description><![CDATA[<b>Name:</b> Knowlton Elementary<br><b>Address:</b> , <br><b>SSID:</b> eduroam<br><b>Enc:</b> WPA2+WPA<br><b>AP:</b> -<br>]]></description>
      <Point>
        <coordinates>-111.905129,41.0003384,0</coordinates>
      </Point>
    </Placemark>
    <Placemark>
      <name>Davis School District</name>
      <description><![CDATA[<b>Name:</b> Lakeside Elementary<br><b>Address:</b> , <br><b>SSID:</b> eduroam<br><b>Enc:</b> WPA2+WPA<br><b>AP:</b> -<br>]]></description>
      <Point>
        <coordinates>-112.0821869,41.1245603,0</coordinates>
      </Point>
    </Placemark>
    <Placemark>
      <name>Davis School District</name>
      <description><![CDATA[<b>Name:</b> Layton Elementary<br><b>Address:</b> , <br><b>SSID:</b> eduroam<br><b>Enc:</b> WPA2+WPA<br><b>AP:</b> -<br>]]></description>
      <Point>
        <coordinates>-111.9727635,41.059259,0</coordinates>
      </Point>
    </Placemark>
    <Placemark>
      <name>Davis School District</name>
      <description><![CDATA[<b>Name:</b> Layton High School<br><b>Address:</b> , <br><b>SSID:</b> eduroam<br><b>Enc:</b> WPA2+WPA<br><b>AP:</b> -<br>]]></description>
      <Point>
        <coordinates>-111.9595242,41.0650511,0</coordinates>
      </Point>
    </Placemark>
    <Placemark>
      <name>Davis School District</name>
      <description><![CDATA[<b>Name:</b> Legacy Jr. High<br><b>Address:</b> , <br><b>SSID:</b> eduroam<br><b>Enc:</b> WPA2+WPA<br><b>AP:</b> -<br>]]></description>
      <Point>
        <coordinates>-112.0295191,41.0672189,0</coordinates>
      </Point>
    </Placemark>
    <Placemark>
      <name>Davis School District</name>
      <description><![CDATA[<b>Name:</b> Lincoln Elementary<br><b>Address:</b> , <br><b>SSID:</b> eduroam<br><b>Enc:</b> WPA2+WPA<br><b>AP:</b> -<br>]]></description>
      <Point>
        <coordinates>-111.976862,41.0884408,0</coordinates>
      </Point>
    </Placemark>
    <Placemark>
      <name>Davis School District</name>
      <description><![CDATA[<b>Name:</b> Meadowbrook Elementary<br><b>Address:</b> , <br><b>SSID:</b> eduroam<br><b>Enc:</b> WPA2+WPA<br><b>AP:</b> -<br>]]></description>
      <Point>
        <coordinates>-111.8885422,40.8965733,0</coordinates>
      </Point>
    </Placemark>
    <Placemark>
      <name>Davis School District</name>
      <description><![CDATA[<b>Name:</b> Millcreek Jr. High<br><b>Address:</b> , <br><b>SSID:</b> eduroam<br><b>Enc:</b> WPA2+WPA<br><b>AP:</b> -<br>]]></description>
      <Point>
        <coordinates>-111.8754959,40.8798081,0</coordinates>
      </Point>
    </Placemark>
    <Placemark>
      <name>Davis School District</name>
      <description><![CDATA[<b>Name:</b> Morgan Elementary<br><b>Address:</b> , <br><b>SSID:</b> eduroam<br><b>Enc:</b> WPA2+WPA<br><b>AP:</b> -<br>]]></description>
      <Point>
        <coordinates>-111.9192696,41.051557,0</coordinates>
      </Point>
    </Placemark>
    <Placemark>
      <name>Davis School District</name>
      <description><![CDATA[<b>Name:</b> Mountain High School<br><b>Address:</b> , <br><b>SSID:</b> eduroam<br><b>Enc:</b> WPA2+WPA<br><b>AP:</b> -<br>]]></description>
      <Point>
        <coordinates>-111.927917,41.0282918,0</coordinates>
      </Point>
    </Placemark>
    <Placemark>
      <name>Davis School District</name>
      <description><![CDATA[<b>Name:</b> Mountain View Elementary<br><b>Address:</b> , <br><b>SSID:</b> eduroam<br><b>Enc:</b> WPA2+WPA<br><b>AP:</b> -<br>]]></description>
      <Point>
        <coordinates>-111.9281316,41.104773,0</coordinates>
      </Point>
    </Placemark>
    <Placemark>
      <name>Davis School District</name>
      <description><![CDATA[<b>Name:</b> Mueller Park Jr. High<br><b>Address:</b> , <br><b>SSID:</b> eduroam<br><b>Enc:</b> WPA2+WPA<br><b>AP:</b> -<br>]]></description>
      <Point>
        <coordinates>-111.8615913,40.8716957,0</coordinates>
      </Point>
    </Placemark>
    <Placemark>
      <name>Davis School District</name>
      <description><![CDATA[<b>Name:</b> Muir Elementary<br><b>Address:</b> , <br><b>SSID:</b> eduroam<br><b>Enc:</b> WPA2+WPA<br><b>AP:</b> -<br>]]></description>
      <Point>
        <coordinates>-111.8707752,40.8652051,0</coordinates>
      </Point>
    </Placemark>
    <Placemark>
      <name>Davis School District</name>
      <description><![CDATA[<b>Name:</b> North Davis Jr. High<br><b>Address:</b> , <br><b>SSID:</b> eduroam<br><b>Enc:</b> WPA2+WPA<br><b>AP:</b> -<br>]]></description>
      <Point>
        <coordinates>-112.0109367,41.102186,0</coordinates>
      </Point>
    </Placemark>
    <Placemark>
      <name>Davis School District</name>
      <description><![CDATA[<b>Name:</b> North Layton Jr. High<br><b>Address:</b> , <br><b>SSID:</b> eduroam<br><b>Enc:</b> WPA2+WPA<br><b>AP:</b> -<br>]]></description>
      <Point>
        <coordinates>-111.9862068,41.0901712,0</coordinates>
      </Point>
    </Placemark>
    <Placemark>
      <name>Davis School District</name>
      <description><![CDATA[<b>Name:</b> Northridge High School<br><b>Address:</b> , <br><b>SSID:</b> eduroam<br><b>Enc:</b> WPA2+WPA<br><b>AP:</b> -<br>]]></description>
      <Point>
        <coordinates>-111.9710255,41.0950065,0</coordinates>
      </Point>
    </Placemark>
    <Placemark>
      <name>Davis School District</name>
      <description><![CDATA[<b>Name:</b> Oak Hills Elementary<br><b>Address:</b> , <br><b>SSID:</b> eduroam<br><b>Enc:</b> WPA2+WPA<br><b>AP:</b> -<br>]]></description>
      <Point>
        <coordinates>-111.8553257,40.8827608,0</coordinates>
      </Point>
    </Placemark>
    <Placemark>
      <name>Davis School District</name>
      <description><![CDATA[<b>Name:</b> Odyssey Elementary<br><b>Address:</b> , <br><b>SSID:</b> eduroam<br><b>Enc:</b> WPA2+WPA<br><b>AP:</b> -<br>]]></description>
      <Point>
        <coordinates>-111.9335175,40.8697486,0</coordinates>
      </Point>
    </Placemark>
    <Placemark>
      <name>Davis School District</name>
      <description><![CDATA[<b>Name:</b> Orchard Elementary<br><b>Address:</b> , <br><b>SSID:</b> eduroam<br><b>Enc:</b> WPA2+WPA<br><b>AP:</b> -<br>]]></description>
      <Point>
        <coordinates>-111.9071674,40.8430834,0</coordinates>
      </Point>
    </Placemark>
    <Placemark>
      <name>Davis School District</name>
      <description><![CDATA[<b>Name:</b> Parkside Elementary<br><b>Address:</b> , <br><b>SSID:</b> eduroam<br><b>Enc:</b> WPA2+WPA<br><b>AP:</b> -<br>]]></description>
      <Point>
        <coordinates>-112.0539808,41.1461676,0</coordinates>
      </Point>
    </Placemark>
    <Placemark>
      <name>Davis School District</name>
      <description><![CDATA[<b>Name:</b> Reading Elementary<br><b>Address:</b> , <br><b>SSID:</b> eduroam<br><b>Enc:</b> WPA2+WPA<br><b>AP:</b> -<br>]]></description>
      <Point>
        <coordinates>-111.884543,40.9477191,0</coordinates>
      </Point>
    </Placemark>
    <Placemark>
      <name>Davis School District</name>
      <description><![CDATA[<b>Name:</b> Renaissance Academy<br><b>Address:</b> , <br><b>SSID:</b> eduroam<br><b>Enc:</b> WPA2+WPA<br><b>AP:</b> -<br>]]></description>
      <Point>
        <coordinates>-111.9274879,41.0304892,0</coordinates>
      </Point>
    </Placemark>
    <Placemark>
      <name>Davis School District</name>
      <description><![CDATA[<b>Name:</b> Sand Springs Elementary<br><b>Address:</b> , <br><b>SSID:</b> eduroam<br><b>Enc:</b> WPA2+WPA<br><b>AP:</b> -<br>]]></description>
      <Point>
        <coordinates>-112.0253134,41.0634656,0</coordinates>
      </Point>
    </Placemark>
    <Placemark>
      <name>Davis School District</name>
      <description><![CDATA[<b>Name:</b> Shoreline Jr. High<br><b>Address:</b> , <br><b>SSID:</b> eduroam<br><b>Enc:</b> WPA2+WPA<br><b>AP:</b> -<br>]]></description>
      <Point>
        <coordinates>-111.9976759,41.0428507,0</coordinates>
      </Point>
    </Placemark>
    <Placemark>
      <name>Davis School District</name>
      <description><![CDATA[<b>Name:</b> Snow Horse Elementary<br><b>Address:</b> , <br><b>SSID:</b> eduroam<br><b>Enc:</b> WPA2+WPA<br><b>AP:</b> -<br>]]></description>
      <Point>
        <coordinates>-111.9599104,41.0217922,0</coordinates>
      </Point>
    </Placemark>
    <Placemark>
      <name>Davis School District</name>
      <description><![CDATA[<b>Name:</b> South Clearfield Elementary<br><b>Address:</b> , <br><b>SSID:</b> eduroam<br><b>Enc:</b> WPA2+WPA<br><b>AP:</b> -<br>]]></description>
      <Point>
        <coordinates>-112.0092808,41.103268,0</coordinates>
      </Point>
    </Placemark>
    <Placemark>
      <name>Davis School District</name>
      <description><![CDATA[<b>Name:</b> South Davis Jr. High<br><b>Address:</b> , <br><b>SSID:</b> eduroam<br><b>Enc:</b> WPA2+WPA<br><b>AP:</b> -<br>]]></description>
      <Point>
        <coordinates>-111.8879414,40.8622192,0</coordinates>
      </Point>
    </Placemark>
    <Placemark>
      <name>Davis School District</name>
      <description><![CDATA[<b>Name:</b> South Weber Elementary<br><b>Address:</b> , <br><b>SSID:</b> eduroam<br><b>Enc:</b> WPA2+WPA<br><b>AP:</b> -<br>]]></description>
      <Point>
        <coordinates>-111.9475508,41.1317447,0</coordinates>
      </Point>
    </Placemark>
    <Placemark>
      <name>Davis School District</name>
      <description><![CDATA[<b>Name:</b> Stewart Elementary<br><b>Address:</b> , <br><b>SSID:</b> eduroam<br><b>Enc:</b> WPA2+WPA<br><b>AP:</b> -<br>]]></description>
      <Point>
        <coordinates>-111.87953,40.9311527,0</coordinates>
      </Point>
    </Placemark>
    <Placemark>
      <name>Davis School District</name>
      <description><![CDATA[<b>Name:</b> Sunburst Elementary<br><b>Address:</b> , <br><b>SSID:</b> eduroam<br><b>Enc:</b> WPA2+WPA<br><b>AP:</b> -<br>]]></description>
      <Point>
        <coordinates>-112.0132112,41.0542431,0</coordinates>
      </Point>
    </Placemark>
    <Placemark>
      <name>Davis School District</name>
      <description><![CDATA[<b>Name:</b> Sunset Elementary<br><b>Address:</b> , <br><b>SSID:</b> eduroam<br><b>Enc:</b> WPA2+WPA<br><b>AP:</b> -<br>]]></description>
      <Point>
        <coordinates>-112.0304096,41.1424753,0</coordinates>
      </Point>
    </Placemark>
    <Placemark>
      <name>Davis School District</name>
      <description><![CDATA[<b>Name:</b> Sunset Jr. High<br><b>Address:</b> , <br><b>SSID:</b> eduroam<br><b>Enc:</b> WPA2+WPA<br><b>AP:</b> -<br>]]></description>
      <Point>
        <coordinates>-112.0299482,41.1370537,0</coordinates>
      </Point>
    </Placemark>
    <Placemark>
      <name>Davis School District</name>
      <description><![CDATA[<b>Name:</b> Syracuse Elementary<br><b>Address:</b> , <br><b>SSID:</b> eduroam<br><b>Enc:</b> WPA2+WPA<br><b>AP:</b> -<br>]]></description>
      <Point>
        <coordinates>-112.0638084,41.0919825,0</coordinates>
      </Point>
    </Placemark>
    <Placemark>
      <name>Davis School District</name>
      <description><![CDATA[<b>Name:</b> Syracuse High School<br><b>Address:</b> , <br><b>SSID:</b> eduroam<br><b>Enc:</b> WPA2+WPA<br><b>AP:</b> -<br>]]></description>
      <Point>
        <coordinates>-112.0628858,41.1055006,0</coordinates>
      </Point>
    </Placemark>
    <Placemark>
      <name>Davis School District</name>
      <description><![CDATA[<b>Name:</b> Syracuse Jr. High<br><b>Address:</b> , <br><b>SSID:</b> eduroam<br><b>Enc:</b> WPA2+WPA<br><b>AP:</b> -<br>]]></description>
      <Point>
        <coordinates>-112.0657396,41.0930013,0</coordinates>
      </Point>
    </Placemark>
    <Placemark>
      <name>Davis School District</name>
      <description><![CDATA[<b>Name:</b> Taylor Elementary<br><b>Address:</b> , <br><b>SSID:</b> eduroam<br><b>Enc:</b> WPA2+WPA<br><b>AP:</b> -<br>]]></description>
      <Point>
        <coordinates>-111.875174,40.9068882,0</coordinates>
      </Point>
    </Placemark>
    <Placemark>
      <name>Davis School District</name>
      <description><![CDATA[<b>Name:</b> Tolman Elementary<br><b>Address:</b> , <br><b>SSID:</b> eduroam<br><b>Enc:</b> WPA2+WPA<br><b>AP:</b> -<br>]]></description>
      <Point>
        <coordinates>-111.8752277,40.9012606,0</coordinates>
      </Point>
    </Placemark>
    <Placemark>
      <name>Davis School District</name>
      <description><![CDATA[<b>Name:</b> Vae View Elementary<br><b>Address:</b> , <br><b>SSID:</b> eduroam<br><b>Enc:</b> WPA2+WPA<br><b>AP:</b> -<br>]]></description>
      <Point>
        <coordinates>-111.9985462,41.0834291,0</coordinates>
      </Point>
    </Placemark>
    <Placemark>
      <name>Davis School District</name>
      <description><![CDATA[<b>Name:</b> Valley View Elementary<br><b>Address:</b> , <br><b>SSID:</b> eduroam<br><b>Enc:</b> WPA2+WPA<br><b>AP:</b> -<br>]]></description>
      <Point>
        <coordinates>-111.8681145,40.8759062,0</coordinates>
      </Point>
    </Placemark>
    <Placemark>
      <name>Davis School District</name>
      <description><![CDATA[<b>Name:</b> Viewmont High School<br><b>Address:</b> , <br><b>SSID:</b> eduroam<br><b>Enc:</b> WPA2+WPA<br><b>AP:</b> -<br>]]></description>
      <Point>
        <coordinates>-111.8827486,40.9001821,0</coordinates>
      </Point>
    </Placemark>
    <Placemark>
      <name>Davis School District</name>
      <description><![CDATA[<b>Name:</b> Vista Education Center<br><b>Address:</b> , <br><b>SSID:</b> eduroam<br><b>Enc:</b> WPA2+WPA<br><b>AP:</b> -<br>]]></description>
      <Point>
        <coordinates>-111.8823624,40.9791853,0</coordinates>
      </Point>
    </Placemark>
    <Placemark>
      <name>Davis School District</name>
      <description><![CDATA[<b>Name:</b> Wasatch Elementary<br><b>Address:</b> , <br><b>SSID:</b> eduroam<br><b>Enc:</b> WPA2+WPA<br><b>AP:</b> -<br>]]></description>
      <Point>
        <coordinates>-112.0221851,41.1132502,0</coordinates>
      </Point>
    </Placemark>
    <Placemark>
      <name>Davis School District</name>
      <description><![CDATA[<b>Name:</b> West Bountiful Elementary<br><b>Address:</b> , <br><b>SSID:</b> eduroam<br><b>Enc:</b> WPA2+WPA<br><b>AP:</b> -<br>]]></description>
      <Point>
        <coordinates>-111.900537,40.8945377,0</coordinates>
      </Point>
    </Placemark>
    <Placemark>
      <name>Davis School District</name>
      <description><![CDATA[<b>Name:</b> West Clinton Elementary<br><b>Address:</b> , <br><b>SSID:</b> eduroam<br><b>Enc:</b> WPA2+WPA<br><b>AP:</b> -<br>]]></description>
      <Point>
        <coordinates>-112.0805883,41.1404796,0</coordinates>
      </Point>
    </Placemark>
    <Placemark>
      <name>Davis School District</name>
      <description><![CDATA[<b>Name:</b> West Point Elementary<br><b>Address:</b> , <br><b>SSID:</b> eduroam<br><b>Enc:</b> WPA2+WPA<br><b>AP:</b> -<br>]]></description>
      <Point>
        <coordinates>-112.09813,41.1186442,0</coordinates>
      </Point>
    </Placemark>
    <Placemark>
      <name>Davis School District</name>
      <description><![CDATA[<b>Name:</b> West Point Jr. High<br><b>Address:</b> , <br><b>SSID:</b> eduroam<br><b>Enc:</b> WPA2+WPA<br><b>AP:</b> -<br>]]></description>
      <Point>
        <coordinates>-112.0797193,41.1207052,0</coordinates>
      </Point>
    </Placemark>
    <Placemark>
      <name>Davis School District</name>
      <description><![CDATA[<b>Name:</b> Whitesides Elementary<br><b>Address:</b> , <br><b>SSID:</b> eduroam<br><b>Enc:</b> WPA2+WPA<br><b>AP:</b> -<br>]]></description>
      <Point>
        <coordinates>-111.9531727,41.0640965,0</coordinates>
      </Point>
    </Placemark>
    <Placemark>
      <name>Davis School District</name>
      <description><![CDATA[<b>Name:</b> Windridge Elementary<br><b>Address:</b> , <br><b>SSID:</b> eduroam<br><b>Enc:</b> WPA2+WPA<br><b>AP:</b> -<br>]]></description>
      <Point>
        <coordinates>-111.9234323,41.0134868,0</coordinates>
      </Point>
    </Placemark>
    <Placemark>
      <name>Davis School District</name>
      <description><![CDATA[<b>Name:</b> Woods Cross Elementary<br><b>Address:</b> , <br><b>SSID:</b> eduroam<br><b>Enc:</b> WPA2+WPA<br><b>AP:</b> -<br>]]></description>
      <Point>
        <coordinates>-111.89955,40.8782019,0</coordinates>
      </Point>
    </Placemark>
    <Placemark>
      <name>Davis School District</name>
      <description><![CDATA[<b>Name:</b> Woods Cross High School<br><b>Address:</b> , <br><b>SSID:</b> eduroam<br><b>Enc:</b> WPA2+WPA<br><b>AP:</b> -<br>]]></description>
      <Point>
        <coordinates>-111.8951511,40.8682557,0</coordinates>
      </Point>
    </Placemark>
    <Placemark>
      <name>Davis Technical College</name>
      <description><![CDATA[<b>Name:</b> Freeport West<br><b>Address:</b> , <br><b>SSID:</b> eduroam<br><b>Enc:</b> WPA2+WPA<br><b>AP:</b> 3<br>]]></description>
      <Point>
        <coordinates>-112.0323229,41.0926444,0</coordinates>
      </Point>
    </Placemark>
    <Placemark>
      <name>Davis Technical College</name>
      <description><![CDATA[<b>Name:</b> Main Campus<br><b>Address:</b> , <br><b>SSID:</b> eduroam<br><b>Enc:</b> WPA2+WPA<br><b>AP:</b> 90<br>]]></description>
      <Point>
        <coordinates>-111.9251919,41.0291578,0</coordinates>
      </Point>
    </Placemark>
    <Placemark>
      <name>Davis Technical College</name>
      <description><![CDATA[<b>Name:</b> MorganOffice<br><b>Address:</b> , <br><b>SSID:</b> eduroam<br><b>Enc:</b> WPA2+WPA<br><b>AP:</b> 1<br>]]></description>
      <Point>
        <coordinates>-111.6770777,41.0441332,0</coordinates>
      </Point>
    </Placemark>
    <Placemark>
      <name>Dixie Tech College</name>
      <description><![CDATA[<b>Name:</b> Dixie Tech College<br><b>Address:</b> , <br><b>SSID:</b> eduroam<br><b>Enc:</b> WPA2+WPA<br><b>AP:</b> 1<br>]]></description>
      <Point>
        <coordinates>-113.5916404,37.098531,0</coordinates>
      </Point>
    </Placemark>
    <Placemark>
      <name>Duchesne School District</name>
      <description><![CDATA[<b>Name:</b> Altamont High School<br><b>Address:</b> , <br><b>SSID:</b> eduroam<br><b>Enc:</b> WPA2+WPA<br><b>AP:</b> 30<br>]]></description>
      <Point>
        <coordinates>-110.2913618,40.3601328,0</coordinates>
      </Point>
    </Placemark>
    <Placemark>
      <name>Duchesne School District</name>
      <description><![CDATA[<b>Name:</b> Duchesne High School<br><b>Address:</b> , <br><b>SSID:</b> eduroam<br><b>Enc:</b> WPA2+WPA<br><b>AP:</b> 30<br>]]></description>
      <Point>
        <coordinates>-110.4045939,40.1640102,0</coordinates>
      </Point>
    </Placemark>
    <Placemark>
      <name>Duchesne School District</name>
      <description><![CDATA[<b>Name:</b> Roosevelt District Office<br><b>Address:</b> , <br><b>SSID:</b> eduroam<br><b>Enc:</b> WPA2+WPA<br><b>AP:</b> 10<br>]]></description>
      <Point>
        <coordinates>-109.9765885,40.301666,0</coordinates>
      </Point>
    </Placemark>
    <Placemark>
      <name>Duchesne School District</name>
      <description><![CDATA[<b>Name:</b> Roosevelt Junior High School<br><b>Address:</b> , <br><b>SSID:</b> eduroam<br><b>Enc:</b> WPA2+WPA<br><b>AP:</b> 50<br>]]></description>
      <Point>
        <coordinates>-109.99825,40.2964174,0</coordinates>
      </Point>
    </Placemark>
    <Placemark>
      <name>Duchesne School District</name>
      <description><![CDATA[<b>Name:</b> Tabiona School<br><b>Address:</b> , <br><b>SSID:</b> eduroam<br><b>Enc:</b> WPA2+WPA<br><b>AP:</b> 25<br>]]></description>
      <Point>
        <coordinates>-110.7078445,40.3534533,0</coordinates>
      </Point>
    </Placemark>
    <Placemark>
      <name>Duchesne School District</name>
      <description><![CDATA[<b>Name:</b> Union High School<br><b>Address:</b> , <br><b>SSID:</b> eduroam<br><b>Enc:</b> WPA2+WPA<br><b>AP:</b> 120<br>]]></description>
      <Point>
        <coordinates>-109.9794424,40.2986186,0</coordinates>
      </Point>
    </Placemark>
    <Placemark>
      <name>eduroam2go</name>
      <description><![CDATA[<b>Name:</b> Grounds for Coffee<br><b>Address:</b> , <br><b>SSID:</b> eduroam<br><b>Enc:</b> WPA2<br><b>AP:</b> 1<br>]]></description>
      <Point>
        <coordinates>-111.948936,41.2096174,0</coordinates>
      </Point>
    </Placemark>
    <Placemark>
      <name>eduroam2go</name>
      <description><![CDATA[<b>Name:</b> Shawn's House<br><b>Address:</b> , <br><b>SSID:</b> eduroam<br><b>Enc:</b> WPA2<br><b>AP:</b> 1<br>]]></description>
      <Point>
        <coordinates>-111.8290281,40.5729111,0</coordinates>
      </Point>
    </Placemark>
    <Placemark>
      <name>Emery School District</name>
      <description><![CDATA[<b>Name:</b> Emery School District Office<br><b>Address:</b> , <br><b>SSID:</b> eduroam<br><b>Enc:</b> WPA2<br><b>AP:</b> 4<br>]]></description>
      <Point>
        <coordinates>-110.9642606,39.328703,0</coordinates>
      </Point>
    </Placemark>
    <Placemark>
      <name>Ensign College</name>
      <description><![CDATA[<b>Name:</b> Ensign College<br><b>Address:</b> , <br><b>SSID:</b> eduroam<br><b>Enc:</b> WPA2<br><b>AP:</b> 101<br>]]></description>
      <Point>
        <coordinates>-111.900372,40.771178,0</coordinates>
      </Point>
    </Placemark>
    <Placemark>
      <name>Grand County Public Library</name>
      <description><![CDATA[<b>Name:</b> Grand County Public Library<br><b>Address:</b> , <br><b>SSID:</b> eduroam<br><b>Enc:</b> WPA2+WPA<br><b>AP:</b> 1<br>]]></description>
      <Point>
        <coordinates>-109.5455618,38.5736277,0</coordinates>
      </Point>
    </Placemark>
    <Placemark>
      <name>Grand County School District</name>
      <description><![CDATA[<b>Name:</b> GCSD High School<br><b>Address:</b> , <br><b>SSID:</b> eduroam<br><b>Enc:</b> WPA2<br><b>AP:</b> 20<br>]]></description>
      <Point>
        <coordinates>-109.5454656,38.5650938,0</coordinates>
      </Point>
    </Placemark>
    <Placemark>
      <name>Granite School District</name>
      <description><![CDATA[<b>Name:</b> Cottonwood High School<br><b>Address:</b> , <br><b>SSID:</b> eduroam<br><b>Enc:</b> WPA2+WPA<br><b>AP:</b> 69<br>]]></description>
      <Point>
        <coordinates>-111.8532378,40.6469081,0</coordinates>
      </Point>
    </Placemark>
    <Placemark>
      <name>Granite School District</name>
      <description><![CDATA[<b>Name:</b> Cyprus High School<br><b>Address:</b> , <br><b>SSID:</b> eduroam<br><b>Enc:</b> WPA2+WPA<br><b>AP:</b> 61<br>]]></description>
      <Point>
        <coordinates>-112.0994748,40.7045266,0</coordinates>
      </Point>
    </Placemark>
    <Placemark>
      <name>Granite School District</name>
      <description><![CDATA[<b>Name:</b> Cyprus: Brockbank Campus<br><b>Address:</b> , <br><b>SSID:</b> eduroam<br><b>Enc:</b> WPA2+WPA<br><b>AP:</b> 29<br>]]></description>
      <Point>
        <coordinates>-112.094815,40.705643,0</coordinates>
      </Point>
    </Placemark>
    <Placemark>
      <name>Granite School District</name>
      <description><![CDATA[<b>Name:</b> Granger High School<br><b>Address:</b> , <br><b>SSID:</b> eduroam<br><b>Enc:</b> WPA2+WPA<br><b>AP:</b> 136<br>]]></description>
      <Point>
        <coordinates>-111.9785244,40.6951525,0</coordinates>
      </Point>
    </Placemark>
    <Placemark>
      <name>Granite School District</name>
      <description><![CDATA[<b>Name:</b> Granite Connection<br><b>Address:</b> , <br><b>SSID:</b> eduroam<br><b>Enc:</b> WPA2+WPA<br><b>AP:</b> 33<br>]]></description>
      <Point>
        <coordinates>-111.8761272,40.6880674,0</coordinates>
      </Point>
    </Placemark>
    <Placemark>
      <name>Granite School District</name>
      <description><![CDATA[<b>Name:</b> Granite Eduction Center / GTI<br><b>Address:</b> , <br><b>SSID:</b> eduroam<br><b>Enc:</b> WPA2+WPA<br><b>AP:</b> 110<br>]]></description>
      <Point>
        <coordinates>-111.8892399,40.7163535,0</coordinates>
      </Point>
    </Placemark>
    <Placemark>
      <name>Granite School District</name>
      <description><![CDATA[<b>Name:</b> Granite School District Maintenance<br><b>Address:</b> , <br><b>SSID:</b> eduroam<br><b>Enc:</b> WPA2+WPA<br><b>AP:</b> 25<br>]]></description>
      <Point>
        <coordinates>-111.9017917,40.7050644,0</coordinates>
      </Point>
    </Placemark>
    <Placemark>
      <name>Granite School District</name>
      <description><![CDATA[<b>Name:</b> Hunter High School<br><b>Address:</b> , <br><b>SSID:</b> eduroam<br><b>Enc:</b> WPA2+WPA<br><b>AP:</b> 105<br>]]></description>
      <Point>
        <coordinates>-112.025951,40.679816,0</coordinates>
      </Point>
    </Placemark>
    <Placemark>
      <name>Granite School District</name>
      <description><![CDATA[<b>Name:</b> Kearns High School<br><b>Address:</b> , <br><b>SSID:</b> eduroam<br><b>Enc:</b> WPA2+WPA<br><b>AP:</b> 70<br>]]></description>
      <Point>
        <coordinates>-112.0044592,40.6499491,0</coordinates>
      </Point>
    </Placemark>
    <Placemark>
      <name>Granite School District</name>
      <description><![CDATA[<b>Name:</b> Olympus High School<br><b>Address:</b> , <br><b>SSID:</b> eduroam<br><b>Enc:</b> WPA2+WPA<br><b>AP:</b> 60<br>]]></description>
      <Point>
        <coordinates>-111.8236124,40.6853059,0</coordinates>
      </Point>
    </Placemark>
    <Placemark>
      <name>Granite School District</name>
      <description><![CDATA[<b>Name:</b> Skyline High School<br><b>Address:</b> , <br><b>SSID:</b> eduroam<br><b>Enc:</b> WPA2+WPA<br><b>AP:</b> 65<br>]]></description>
      <Point>
        <coordinates>-111.8008583,40.6909422,0</coordinates>
      </Point>
    </Placemark>
    <Placemark>
      <name>Granite School District</name>
      <description><![CDATA[<b>Name:</b> Taylorsville High School<br><b>Address:</b> , <br><b>SSID:</b> eduroam<br><b>Enc:</b> WPA2+WPA<br><b>AP:</b> 84<br>]]></description>
      <Point>
        <coordinates>-111.9371404,40.6557853,0</coordinates>
      </Point>
    </Placemark>
    <Placemark>
      <name>Granite School District</name>
      <description><![CDATA[<b>Name:</b> Teaching Learning Center<br><b>Address:</b> , <br><b>SSID:</b> eduroam<br><b>Enc:</b> WPA2+WPA<br><b>AP:</b> 10<br>]]></description>
      <Point>
        <coordinates>-112.0182478,40.6742083,0</coordinates>
      </Point>
    </Placemark>
    <Placemark>
      <name>Homestead Resort</name>
      <description><![CDATA[<b>Name:</b> Homestead Resort<br><b>Address:</b> , <br><b>SSID:</b> eduroam<br><b>Enc:</b> WPA2<br><b>AP:</b> -<br>]]></description>
      <Point>
        <coordinates>-111.4843269,40.5230143,0</coordinates>
      </Point>
    </Placemark>
    <Placemark>
      <name>Iron County School District</name>
      <description><![CDATA[<b>Name:</b> Canyon View High School<br><b>Address:</b> , <br><b>SSID:</b> eduroam<br><b>Enc:</b> WPA3+WPA2+WPA<br><b>AP:</b> 66<br>]]></description>
      <Point>
        <coordinates>-113.0628857,37.7136342,0</coordinates>
      </Point>
    </Placemark>
    <Placemark>
      <name>Iron County School District</name>
      <description><![CDATA[<b>Name:</b> Canyon View Middle School<br><b>Address:</b> , <br><b>SSID:</b> eduroam<br><b>Enc:</b> WPA3+WPA2+WPA<br><b>AP:</b> 64<br>]]></description>
      <Point>
        <coordinates>-113.0652117,37.7113006,0</coordinates>
      </Point>
    </Placemark>
    <Placemark>
      <name>Iron County School District</name>
      <description><![CDATA[<b>Name:</b> Cedar High School<br><b>Address:</b> , <br><b>SSID:</b> eduroam<br><b>Enc:</b> WPA3+WPA2+WPA<br><b>AP:</b> 70<br>]]></description>
      <Point>
        <coordinates>-113.0726421,37.6657061,0</coordinates>
      </Point>
    </Placemark>
    <Placemark>
      <name>Iron County School District</name>
      <description><![CDATA[<b>Name:</b> Cedar Middle School<br><b>Address:</b> , <br><b>SSID:</b> eduroam<br><b>Enc:</b> WPA3+WPA2+WPA<br><b>AP:</b> 67<br>]]></description>
      <Point>
        <coordinates>-113.0907362,37.6586153,0</coordinates>
      </Point>
    </Placemark>
    <Placemark>
      <name>Iron County School District</name>
      <description><![CDATA[<b>Name:</b> East Elementary School<br><b>Address:</b> , <br><b>SSID:</b> eduroam<br><b>Enc:</b> WPA3+WPA2+WPA<br><b>AP:</b> 35<br>]]></description>
      <Point>
        <coordinates>-113.05742,37.6765609,0</coordinates>
      </Point>
    </Placemark>
    <Placemark>
      <name>Iron County School District</name>
      <description><![CDATA[<b>Name:</b> Enoch Elementary School<br><b>Address:</b> , <br><b>SSID:</b> eduroam<br><b>Enc:</b> WPA3+WPA2+WPA<br><b>AP:</b> 35<br>]]></description>
      <Point>
        <coordinates>-113.0305184,37.7633618,0</coordinates>
      </Point>
    </Placemark>
    <Placemark>
      <name>Iron County School District</name>
      <description><![CDATA[<b>Name:</b> Escalante Valley Elementary<br><b>Address:</b> , <br><b>SSID:</b> eduroam<br><b>Enc:</b> WPA3+WPA2+WPA<br><b>AP:</b> 13<br>]]></description>
      <Point>
        <coordinates>-113.6562158,37.7121642,0</coordinates>
      </Point>
    </Placemark>
    <Placemark>
      <name>Iron County School District</name>
      <description><![CDATA[<b>Name:</b> Escalante Valley Elementary<br><b>Address:</b> , <br><b>SSID:</b> eduroam<br><b>Enc:</b> WPA3+WPA2+WPA<br><b>AP:</b> 12<br>]]></description>
      <Point>
        <coordinates>-113.655426,37.7107429,0</coordinates>
      </Point>
    </Placemark>
    <Placemark>
      <name>Iron County School District</name>
      <description><![CDATA[<b>Name:</b> Fiddlers Elementary School<br><b>Address:</b> , <br><b>SSID:</b> eduroam<br><b>Enc:</b> WPA3+WPA2+WPA<br><b>AP:</b> 32<br>]]></description>
      <Point>
        <coordinates>-113.053787,37.7130834,0</coordinates>
      </Point>
    </Placemark>
    <Placemark>
      <name>Iron County School District</name>
      <description><![CDATA[<b>Name:</b> Iron County School District Office<br><b>Address:</b> , <br><b>SSID:</b> eduroam<br><b>Enc:</b> WPA2 + WPA3<br><b>AP:</b> 6<br>]]></description>
      <Point>
        <coordinates>-113.0876184,37.6589037,0</coordinates>
      </Point>
    </Placemark>
    <Placemark>
      <name>Iron County School District</name>
      <description><![CDATA[<b>Name:</b> Iron Springs Elementary<br><b>Address:</b> , <br><b>SSID:</b> eduroam<br><b>Enc:</b> WPA3+WPA2+WPA<br><b>AP:</b> 36<br>]]></description>
      <Point>
        <coordinates>-113.1333838,37.6822353,0</coordinates>
      </Point>
    </Placemark>
    <Placemark>
      <name>Iron County School District</name>
      <description><![CDATA[<b>Name:</b> Launch High School<br><b>Address:</b> , <br><b>SSID:</b> eduroam<br><b>Enc:</b> WPA3+WPA2+WPA<br><b>AP:</b> 8<br>]]></description>
      <Point>
        <coordinates>-113.0870109,37.6587482,0</coordinates>
      </Point>
    </Placemark>
    <Placemark>
      <name>Iron County School District</name>
      <description><![CDATA[<b>Name:</b> North Elementary School<br><b>Address:</b> , <br><b>SSID:</b> eduroam<br><b>Enc:</b> WPA3+WPA2+WPA<br><b>AP:</b> 36<br>]]></description>
      <Point>
        <coordinates>-113.0707262,37.6812487,0</coordinates>
      </Point>
    </Placemark>
    <Placemark>
      <name>Iron County School District</name>
      <description><![CDATA[<b>Name:</b> Parowan Elementary School<br><b>Address:</b> , <br><b>SSID:</b> eduroam<br><b>Enc:</b> WPA3+WPA2+WPA<br><b>AP:</b> 26<br>]]></description>
      <Point>
        <coordinates>-112.8307536,37.8447257,0</coordinates>
      </Point>
    </Placemark>
    <Placemark>
      <name>Iron County School District</name>
      <description><![CDATA[<b>Name:</b> Parowan High School<br><b>Address:</b> , <br><b>SSID:</b> eduroam<br><b>Enc:</b> WPA3+WPA2+WPA<br><b>AP:</b> 40<br>]]></description>
      <Point>
        <coordinates>-112.8291709,37.8455991,0</coordinates>
      </Point>
    </Placemark>
    <Placemark>
      <name>Iron County School District</name>
      <description><![CDATA[<b>Name:</b> Posthigh<br><b>Address:</b> , <br><b>SSID:</b> eduroam<br><b>Enc:</b> WPA3+WPA2+WPA<br><b>AP:</b> 3<br>]]></description>
      <Point>
        <coordinates>-113.1118393,37.6831429,0</coordinates>
      </Point>
    </Placemark>
    <Placemark>
      <name>Iron County School District</name>
      <description><![CDATA[<b>Name:</b> South Elementary School<br><b>Address:</b> , <br><b>SSID:</b> eduroam<br><b>Enc:</b> WPA3+WPA2+WPA<br><b>AP:</b> 30<br>]]></description>
      <Point>
        <coordinates>-113.0651225,37.6702189,0</coordinates>
      </Point>
    </Placemark>
    <Placemark>
      <name>Iron County School District</name>
      <description><![CDATA[<b>Name:</b> South Preschool<br><b>Address:</b> , <br><b>SSID:</b> eduroam<br><b>Enc:</b> WPA3+WPA2+WPA<br><b>AP:</b> 2<br>]]></description>
      <Point>
        <coordinates>-113.0716569,37.6687706,0</coordinates>
      </Point>
    </Placemark>
    <Placemark>
      <name>Iron County School District</name>
      <description><![CDATA[<b>Name:</b> Southwest Educational Academy<br><b>Address:</b> , <br><b>SSID:</b> eduroam<br><b>Enc:</b> WPA3+WPA2+WPA<br><b>AP:</b> 10<br>]]></description>
      <Point>
        <coordinates>-113.0700514,37.6629772,0</coordinates>
      </Point>
    </Placemark>
    <Placemark>
      <name>Iron County School District</name>
      <description><![CDATA[<b>Name:</b> Three Peaks Elementary School<br><b>Address:</b> , <br><b>SSID:</b> eduroam<br><b>Enc:</b> WPA3+WPA2+WPA<br><b>AP:</b> 38<br>]]></description>
      <Point>
        <coordinates>-113.0818946,37.7639455,0</coordinates>
      </Point>
    </Placemark>
    <Placemark>
      <name>Iron County School District</name>
      <description><![CDATA[<b>Name:</b> Three Peaks Preschool<br><b>Address:</b> , <br><b>SSID:</b> eduroam<br><b>Enc:</b> WPA3+WPA2+WPA<br><b>AP:</b> 2<br>]]></description>
      <Point>
        <coordinates>-113.0802659,37.7643995,0</coordinates>
      </Point>
    </Placemark>
    <Placemark>
      <name>Itineris Early College High School</name>
      <description><![CDATA[<b>Name:</b> Itineris Early College High School<br><b>Address:</b> , <br><b>SSID:</b> eduroam<br><b>Enc:</b> WPA2<br><b>AP:</b> -<br>]]></description>
      <Point>
        <coordinates>-111.9747457,40.5931524,0</coordinates>
      </Point>
    </Placemark>
    <Placemark>
      <name>Jonathan Black - Residential</name>
      <description><![CDATA[<b>Name:</b> Jonathan's Home<br><b>Address:</b> , <br><b>SSID:</b> eduroam<br><b>Enc:</b> WPA3+WPA2+WPA<br><b>AP:</b> 2<br>]]></description>
      <Point>
        <coordinates>-111.7052149,40.2664123,0</coordinates>
      </Point>
    </Placemark>
    <Placemark>
      <name>Jordan School District</name>
      <description><![CDATA[<b>Name:</b> Jordan School District - District Office<br><b>Address:</b> , <br><b>SSID:</b> eduroam<br><b>Enc:</b> WPA2+WPA<br><b>AP:</b> -<br>]]></description>
      <Point>
        <coordinates>-111.9834155,40.6172758,0</coordinates>
      </Point>
    </Placemark>
    <Placemark>
      <name>Logan City School District</name>
      <description><![CDATA[<b>Name:</b> Adams Elementary School<br><b>Address:</b> , <br><b>SSID:</b> eduroam<br><b>Enc:</b> WPA2+WPA<br><b>AP:</b> 19<br>]]></description>
      <Point>
        <coordinates>-111.8236195,41.7415116,0</coordinates>
      </Point>
    </Placemark>
    <Placemark>
      <name>Logan City School District</name>
      <description><![CDATA[<b>Name:</b> Bridger Elementary School<br><b>Address:</b> , <br><b>SSID:</b> eduroam<br><b>Enc:</b> WPA2+WPA<br><b>AP:</b> 24<br>]]></description>
      <Point>
        <coordinates>-111.8457497,41.7556671,0</coordinates>
      </Point>
    </Placemark>
    <Placemark>
      <name>Logan City School District</name>
      <description><![CDATA[<b>Name:</b> District Office<br><b>Address:</b> , <br><b>SSID:</b> eduroam<br><b>Enc:</b> WPA2<br><b>AP:</b> 8<br>]]></description>
      <Point>
        <coordinates>-111.8379013,41.7316506,0</coordinates>
      </Point>
    </Placemark>
    <Placemark>
      <name>Logan City School District</name>
      <description><![CDATA[<b>Name:</b> Ellis Elementary School<br><b>Address:</b> , <br><b>SSID:</b> eduroam<br><b>Enc:</b> WPA2+WPA<br><b>AP:</b> 23<br>]]></description>
      <Point>
        <coordinates>-111.8444688,41.7369105,0</coordinates>
      </Point>
    </Placemark>
    <Placemark>
      <name>Logan City School District</name>
      <description><![CDATA[<b>Name:</b> Hillcrest Elementary School<br><b>Address:</b> , <br><b>SSID:</b> eduroam<br><b>Enc:</b> WPA2+WPA<br><b>AP:</b> 16<br>]]></description>
      <Point>
        <coordinates>-111.797449,41.7475569,0</coordinates>
      </Point>
    </Placemark>
    <Placemark>
      <name>Logan City School District</name>
      <description><![CDATA[<b>Name:</b> Logan High School<br><b>Address:</b> , <br><b>SSID:</b> eduroam<br><b>Enc:</b> WPA2+WPA<br><b>AP:</b> 90<br>]]></description>
      <Point>
        <coordinates>-111.8391589,41.7288399,0</coordinates>
      </Point>
    </Placemark>
    <Placemark>
      <name>Logan City School District</name>
      <description><![CDATA[<b>Name:</b> Mount Logan Middle School<br><b>Address:</b> , <br><b>SSID:</b> eduroam<br><b>Enc:</b> WPA2+WPA<br><b>AP:</b> 93<br>]]></description>
      <Point>
        <coordinates>-111.8305885,41.7480582,0</coordinates>
      </Point>
    </Placemark>
    <Placemark>
      <name>Logan City School District</name>
      <description><![CDATA[<b>Name:</b> Wilson Elementary School<br><b>Address:</b> , <br><b>SSID:</b> eduroam<br><b>Enc:</b> WPA2+WPA<br><b>AP:</b> 25<br>]]></description>
      <Point>
        <coordinates>-111.8236949,41.7302844,0</coordinates>
      </Point>
    </Placemark>
    <Placemark>
      <name>Logan City School District</name>
      <description><![CDATA[<b>Name:</b> Woodruff Elementary School<br><b>Address:</b> , <br><b>SSID:</b> eduroam<br><b>Enc:</b> WPA2+WPA<br><b>AP:</b> 29<br>]]></description>
      <Point>
        <coordinates>-111.8586285,41.7198409,0</coordinates>
      </Point>
    </Placemark>
    <Placemark>
      <name>Millard School District</name>
      <description><![CDATA[<b>Name:</b> Delta High School<br><b>Address:</b> , <br><b>SSID:</b> eduroam<br><b>Enc:</b> WPA2<br><b>AP:</b> 36<br>]]></description>
      <Point>
        <coordinates>-112.5753622,39.3580553,0</coordinates>
      </Point>
    </Placemark>
    <Placemark>
      <name>Millard School District</name>
      <description><![CDATA[<b>Name:</b> Delta Middle School<br><b>Address:</b> , <br><b>SSID:</b> eduroam<br><b>Enc:</b> WPA2<br><b>AP:</b> 27<br>]]></description>
      <Point>
        <coordinates>-112.5689032,39.3583618,0</coordinates>
      </Point>
    </Placemark>
    <Placemark>
      <name>Millard School District</name>
      <description><![CDATA[<b>Name:</b> Delta North Elementary School<br><b>Address:</b> , <br><b>SSID:</b> eduroam<br><b>Enc:</b> WPA2<br><b>AP:</b> 28<br>]]></description>
      <Point>
        <coordinates>-112.5724898,39.3526374,0</coordinates>
      </Point>
    </Placemark>
    <Placemark>
      <name>Millard School District</name>
      <description><![CDATA[<b>Name:</b> Delta South Elementary School<br><b>Address:</b> , <br><b>SSID:</b> eduroam<br><b>Enc:</b> WPA2<br><b>AP:</b> 21<br>]]></description>
      <Point>
        <coordinates>-112.5745161,39.3445378,0</coordinates>
      </Point>
    </Placemark>
    <Placemark>
      <name>Millard School District</name>
      <description><![CDATA[<b>Name:</b> Delta Technical Center<br><b>Address:</b> , <br><b>SSID:</b> eduroam<br><b>Enc:</b> WPA2<br><b>AP:</b> 8<br>]]></description>
      <Point>
        <coordinates>-112.5677395,39.3563624,0</coordinates>
      </Point>
    </Placemark>
    <Placemark>
      <name>Millard School District</name>
      <description><![CDATA[<b>Name:</b> Eskdale High School<br><b>Address:</b> , <br><b>SSID:</b> eduroam<br><b>Enc:</b> WPA2<br><b>AP:</b> 4<br>]]></description>
      <Point>
        <coordinates>-113.9524879,39.107169,0</coordinates>
      </Point>
    </Placemark>
    <Placemark>
      <name>Millard School District</name>
      <description><![CDATA[<b>Name:</b> Fillmore Elementary School<br><b>Address:</b> , <br><b>SSID:</b> eduroam<br><b>Enc:</b> WPA2<br><b>AP:</b> 20<br>]]></description>
      <Point>
        <coordinates>-112.3391456,38.9591952,0</coordinates>
      </Point>
    </Placemark>
    <Placemark>
      <name>Millard School District</name>
      <description><![CDATA[<b>Name:</b> Fillmore Middle School<br><b>Address:</b> , <br><b>SSID:</b> eduroam<br><b>Enc:</b> WPA2<br><b>AP:</b> 17<br>]]></description>
      <Point>
        <coordinates>-112.3376042,38.9593348,0</coordinates>
      </Point>
    </Placemark>
    <Placemark>
      <name>Millard School District</name>
      <description><![CDATA[<b>Name:</b> Garrison Elementary School<br><b>Address:</b> , <br><b>SSID:</b> eduroam<br><b>Enc:</b> WPA2<br><b>AP:</b> 1<br>]]></description>
      <Point>
        <coordinates>-114.031767,38.9373514,0</coordinates>
      </Point>
    </Placemark>
    <Placemark>
      <name>Millard School District</name>
      <description><![CDATA[<b>Name:</b> Millard High School<br><b>Address:</b> , <br><b>SSID:</b> eduroam<br><b>Enc:</b> WPA2<br><b>AP:</b> 33<br>]]></description>
      <Point>
        <coordinates>-112.3296495,38.9696256,0</coordinates>
      </Point>
    </Placemark>
    <Placemark>
      <name>Millard School District</name>
      <description><![CDATA[<b>Name:</b> Millard School District Office<br><b>Address:</b> , <br><b>SSID:</b> eduroam<br><b>Enc:</b> WPA2+WPA<br><b>AP:</b> 6<br>]]></description>
      <Point>
        <coordinates>-112.5685655,39.3577359,0</coordinates>
      </Point>
    </Placemark>
    <Placemark>
      <name>Monticello Academy</name>
      <description><![CDATA[<b>Name:</b> Monticello Academy<br><b>Address:</b> , <br><b>SSID:</b> eduroam<br><b>Enc:</b> WPA2<br><b>AP:</b> 1<br>]]></description>
      <Point>
        <coordinates>-112.0076751,40.7093625,0</coordinates>
      </Point>
    </Placemark>
    <Placemark>
      <name>Morgan School District</name>
      <description><![CDATA[<b>Name:</b> Morgan Elementary School<br><b>Address:</b> , <br><b>SSID:</b> eduroam<br><b>Enc:</b> WPA2 + WPA3<br><b>AP:</b> 43<br>]]></description>
      <Point>
        <coordinates>-111.671133,41.0371861,0</coordinates>
      </Point>
    </Placemark>
    <Placemark>
      <name>Morgan School District</name>
      <description><![CDATA[<b>Name:</b> Morgan High School<br><b>Address:</b> , <br><b>SSID:</b> eduroam<br><b>Enc:</b> WPA2 + WPA3<br><b>AP:</b> 79<br>]]></description>
      <Point>
        <coordinates>-111.6736758,41.0383433,0</coordinates>
      </Point>
    </Placemark>
    <Placemark>
      <name>Morgan School District</name>
      <description><![CDATA[<b>Name:</b> Morgan Middle School<br><b>Address:</b> , <br><b>SSID:</b> eduroam<br><b>Enc:</b> WPA2 + WPA3<br><b>AP:</b> 59<br>]]></description>
      <Point>
        <coordinates>-111.6757679,41.0373237,0</coordinates>
      </Point>
    </Placemark>
    <Placemark>
      <name>Morgan School District</name>
      <description><![CDATA[<b>Name:</b> Morgan School District Offices<br><b>Address:</b> , <br><b>SSID:</b> eduroam<br><b>Enc:</b> WPA2 + WPA3<br><b>AP:</b> 4<br>]]></description>
      <Point>
        <coordinates>-111.6752261,41.0381118,0</coordinates>
      </Point>
    </Placemark>
    <Placemark>
      <name>Morgan School District</name>
      <description><![CDATA[<b>Name:</b> Mountain Green Elementary School<br><b>Address:</b> , <br><b>SSID:</b> eduroam<br><b>Enc:</b> WPA2 + WPA3<br><b>AP:</b> 47<br>]]></description>
      <Point>
        <coordinates>-111.7543191,41.1469593,0</coordinates>
      </Point>
    </Placemark>
    <Placemark>
      <name>Morgan School District</name>
      <description><![CDATA[<b>Name:</b> Mountain Green Middle School<br><b>Address:</b> , <br><b>SSID:</b> eduroam<br><b>Enc:</b> WPA2 + WPA3<br><b>AP:</b> 69<br>]]></description>
      <Point>
        <coordinates>-111.7916042,41.1429987,0</coordinates>
      </Point>
    </Placemark>
    <Placemark>
      <name>Murray City School District</name>
      <description><![CDATA[<b>Name:</b> Grant Elementary School<br><b>Address:</b> , <br><b>SSID:</b> eduroam<br><b>Enc:</b> WPA2<br><b>AP:</b> 22<br>]]></description>
      <Point>
        <coordinates>-111.9090043,40.6375272,0</coordinates>
      </Point>
    </Placemark>
    <Placemark>
      <name>Murray City School District</name>
      <description><![CDATA[<b>Name:</b> Hillcrest Junior High School<br><b>Address:</b> , <br><b>SSID:</b> eduroam<br><b>Enc:</b> WPA2<br><b>AP:</b> 60<br>]]></description>
      <Point>
        <coordinates>-111.885167,40.6547722,0</coordinates>
      </Point>
    </Placemark>
    <Placemark>
      <name>Murray City School District</name>
      <description><![CDATA[<b>Name:</b> Horizon Elementary School<br><b>Address:</b> , <br><b>SSID:</b> eduroam<br><b>Enc:</b> WPA2<br><b>AP:</b> 38<br>]]></description>
      <Point>
        <coordinates>-111.9107023,40.6589576,0</coordinates>
      </Point>
    </Placemark>
    <Placemark>
      <name>Murray City School District</name>
      <description><![CDATA[<b>Name:</b> Liberty Elementary School<br><b>Address:</b> , <br><b>SSID:</b> eduroam<br><b>Enc:</b> WPA2<br><b>AP:</b> 26<br>]]></description>
      <Point>
        <coordinates>-111.895861,40.6389191,0</coordinates>
      </Point>
    </Placemark>
    <Placemark>
      <name>Murray City School District</name>
      <description><![CDATA[<b>Name:</b> Longview Elementary School<br><b>Address:</b> , <br><b>SSID:</b> eduroam<br><b>Enc:</b> WPA2<br><b>AP:</b> 28<br>]]></description>
      <Point>
        <coordinates>-111.8755117,40.6372237,0</coordinates>
      </Point>
    </Placemark>
    <Placemark>
      <name>Murray City School District</name>
      <description><![CDATA[<b>Name:</b> McMillan Elementary School<br><b>Address:</b> , <br><b>SSID:</b> eduroam<br><b>Enc:</b> WPA2<br><b>AP:</b> 27<br>]]></description>
      <Point>
        <coordinates>-111.8821037,40.6430888,0</coordinates>
      </Point>
    </Placemark>
    <Placemark>
      <name>Murray City School District</name>
      <description><![CDATA[<b>Name:</b> Murray City School District Office<br><b>Address:</b> , <br><b>SSID:</b> eduroam<br><b>Enc:</b> WPA2<br><b>AP:</b> 9<br>]]></description>
      <Point>
        <coordinates>-111.8990154,40.6605974,0</coordinates>
      </Point>
    </Placemark>
    <Placemark>
      <name>Murray City School District</name>
      <description><![CDATA[<b>Name:</b> Murray High School<br><b>Address:</b> , <br><b>SSID:</b> eduroam<br><b>Enc:</b> WPA2<br><b>AP:</b> 81<br>]]></description>
      <Point>
        <coordinates>-111.8902196,40.6537926,0</coordinates>
      </Point>
    </Placemark>
    <Placemark>
      <name>Murray City School District</name>
      <description><![CDATA[<b>Name:</b> Parkside Elementary School<br><b>Address:</b> , <br><b>SSID:</b> eduroam<br><b>Enc:</b> WPA2<br><b>AP:</b> 31<br>]]></description>
      <Point>
        <coordinates>-111.8768289,40.658063,0</coordinates>
      </Point>
    </Placemark>
    <Placemark>
      <name>Murray City School District</name>
      <description><![CDATA[<b>Name:</b> Riverview Jr High School<br><b>Address:</b> , <br><b>SSID:</b> eduroam<br><b>Enc:</b> WPA2<br><b>AP:</b> 46<br>]]></description>
      <Point>
        <coordinates>-111.9117753,40.6451325,0</coordinates>
      </Point>
    </Placemark>
    <Placemark>
      <name>Murray City School District</name>
      <description><![CDATA[<b>Name:</b> Viewmont Elementary School<br><b>Address:</b> , <br><b>SSID:</b> eduroam<br><b>Enc:</b> WPA2<br><b>AP:</b> 29<br>]]></description>
      <Point>
        <coordinates>-111.9115931,40.6470869,0</coordinates>
      </Point>
    </Placemark>
    <Placemark>
      <name>Murray Library</name>
      <description><![CDATA[<b>Name:</b> Murray Public Library<br><b>Address:</b> , <br><b>SSID:</b> eduroam<br><b>Enc:</b> WPA2+WPA<br><b>AP:</b> 2<br>]]></description>
      <Point>
        <coordinates>-111.8863889,40.6555472,0</coordinates>
      </Point>
    </Placemark>
    <Placemark>
      <name>Nebo School District</name>
      <description><![CDATA[<b>Name:</b> Apple Valley<br><b>Address:</b> , <br><b>SSID:</b> eduroam<br><b>Enc:</b> WPA2+WPA<br><b>AP:</b> 28<br>]]></description>
      <Point>
        <coordinates>-111.7831337,39.9889325,0</coordinates>
      </Point>
    </Placemark>
    <Placemark>
      <name>Nebo School District</name>
      <description><![CDATA[<b>Name:</b> Arty City Elementary<br><b>Address:</b> , <br><b>SSID:</b> eduroam<br><b>Enc:</b> WPA2+WPA<br><b>AP:</b> 28<br>]]></description>
      <Point>
        <coordinates>-111.5946774,40.1682601,0</coordinates>
      </Point>
    </Placemark>
    <Placemark>
      <name>Nebo School District</name>
      <description><![CDATA[<b>Name:</b> Barnett<br><b>Address:</b> , <br><b>SSID:</b> eduroam<br><b>Enc:</b> WPA2+WPA<br><b>AP:</b> 32<br>]]></description>
      <Point>
        <coordinates>-111.7281932,40.049551,0</coordinates>
      </Point>
    </Placemark>
    <Placemark>
      <name>Nebo School District</name>
      <description><![CDATA[<b>Name:</b> Brockbank Elementary<br><b>Address:</b> , <br><b>SSID:</b> eduroam<br><b>Enc:</b> WPA2+WPA<br><b>AP:</b> 25<br>]]></description>
      <Point>
        <coordinates>-111.6605406,40.1165216,0</coordinates>
      </Point>
    </Placemark>
    <Placemark>
      <name>Nebo School District</name>
      <description><![CDATA[<b>Name:</b> Brookside Elementary<br><b>Address:</b> , <br><b>SSID:</b> eduroam<br><b>Enc:</b> WPA2+WPA<br><b>AP:</b> 26<br>]]></description>
      <Point>
        <coordinates>-111.5977434,40.1604964,0</coordinates>
      </Point>
    </Placemark>
    <Placemark>
      <name>Nebo School District</name>
      <description><![CDATA[<b>Name:</b> Canyon Elmentary<br><b>Address:</b> , <br><b>SSID:</b> eduroam<br><b>Enc:</b> WPA2+WPA<br><b>AP:</b> 30<br>]]></description>
      <Point>
        <coordinates>-111.6286344,40.092786,0</coordinates>
      </Point>
    </Placemark>
    <Placemark>
      <name>Nebo School District</name>
      <description><![CDATA[<b>Name:</b> Cherry Creek Elementary<br><b>Address:</b> , <br><b>SSID:</b> eduroam<br><b>Enc:</b> WPA2+WPA<br><b>AP:</b> 35<br>]]></description>
      <Point>
        <coordinates>-111.6075084,40.159798,0</coordinates>
      </Point>
    </Placemark>
    <Placemark>
      <name>Nebo School District</name>
      <description><![CDATA[<b>Name:</b> Diamond Fork JHS<br><b>Address:</b> , <br><b>SSID:</b> eduroam<br><b>Enc:</b> WPA2+WPA<br><b>AP:</b> 57<br>]]></description>
      <Point>
        <coordinates>-111.637208,40.1108498,0</coordinates>
      </Point>
    </Placemark>
    <Placemark>
      <name>Nebo School District</name>
      <description><![CDATA[<b>Name:</b> District Office<br><b>Address:</b> , <br><b>SSID:</b> eduroam<br><b>Enc:</b> WPA2+WPA<br><b>AP:</b> 20<br>]]></description>
      <Point>
        <coordinates>-111.6553593,40.1053896,0</coordinates>
      </Point>
    </Placemark>
    <Placemark>
      <name>Nebo School District</name>
      <description><![CDATA[<b>Name:</b> East Meadows Elementary<br><b>Address:</b> , <br><b>SSID:</b> eduroam<br><b>Enc:</b> WPA2+WPA<br><b>AP:</b> 31<br>]]></description>
      <Point>
        <coordinates>-111.6186453,40.0930896,0</coordinates>
      </Point>
    </Placemark>
    <Placemark>
      <name>Nebo School District</name>
      <description><![CDATA[<b>Name:</b> Foothills<br><b>Address:</b> , <br><b>SSID:</b> eduroam<br><b>Enc:</b> WPA2+WPA<br><b>AP:</b> 31<br>]]></description>
      <Point>
        <coordinates>-111.6573308,40.0480563,0</coordinates>
      </Point>
    </Placemark>
    <Placemark>
      <name>Nebo School District</name>
      <description><![CDATA[<b>Name:</b> Goshen<br><b>Address:</b> , <br><b>SSID:</b> eduroam<br><b>Enc:</b> WPA2+WPA<br><b>AP:</b> 15<br>]]></description>
      <Point>
        <coordinates>-111.8995373,39.9544169,0</coordinates>
      </Point>
    </Placemark>
    <Placemark>
      <name>Nebo School District</name>
      <description><![CDATA[<b>Name:</b> Hobble Creek<br><b>Address:</b> , <br><b>SSID:</b> eduroam<br><b>Enc:</b> WPA2+WPA<br><b>AP:</b> 26<br>]]></description>
      <Point>
        <coordinates>-111.5653691,40.1417453,0</coordinates>
      </Point>
    </Placemark>
    <Placemark>
      <name>Nebo School District</name>
      <description><![CDATA[<b>Name:</b> Landmark HS<br><b>Address:</b> , <br><b>SSID:</b> eduroam<br><b>Enc:</b> WPA2+WPA<br><b>AP:</b> 20<br>]]></description>
      <Point>
        <coordinates>-111.6578639,40.1016759,0</coordinates>
      </Point>
    </Placemark>
    <Placemark>
      <name>Nebo School District</name>
      <description><![CDATA[<b>Name:</b> Larsen<br><b>Address:</b> , <br><b>SSID:</b> eduroam<br><b>Enc:</b> WPA2+WPA<br><b>AP:</b> 25<br>]]></description>
      <Point>
        <coordinates>-111.6341366,40.1061352,0</coordinates>
      </Point>
    </Placemark>
    <Placemark>
      <name>Nebo School District</name>
      <description><![CDATA[<b>Name:</b> Maple Mtn HS<br><b>Address:</b> , <br><b>SSID:</b> eduroam<br><b>Enc:</b> WPA2+WPA<br><b>AP:</b> 72<br>]]></description>
      <Point>
        <coordinates>-111.6129276,40.110444,0</coordinates>
      </Point>
    </Placemark>
    <Placemark>
      <name>Nebo School District</name>
      <description><![CDATA[<b>Name:</b> Maple Ridge<br><b>Address:</b> , <br><b>SSID:</b> eduroam<br><b>Enc:</b> WPA2+WPA<br><b>AP:</b> 22<br>]]></description>
      <Point>
        <coordinates>-111.6058642,40.1225464,0</coordinates>
      </Point>
    </Placemark>
    <Placemark>
      <name>Nebo School District</name>
      <description><![CDATA[<b>Name:</b> Mapleton Elementary<br><b>Address:</b> , <br><b>SSID:</b> eduroam<br><b>Enc:</b> WPA2+WPA<br><b>AP:</b> 29<br>]]></description>
      <Point>
        <coordinates>-111.580051,40.1305553,0</coordinates>
      </Point>
    </Placemark>
    <Placemark>
      <name>Nebo School District</name>
      <description><![CDATA[<b>Name:</b> Mapleton JHS<br><b>Address:</b> , <br><b>SSID:</b> eduroam<br><b>Enc:</b> WPA2+WPA<br><b>AP:</b> 40<br>]]></description>
      <Point>
        <coordinates>-111.5757116,40.1404508,0</coordinates>
      </Point>
    </Placemark>
    <Placemark>
      <name>Nebo School District</name>
      <description><![CDATA[<b>Name:</b> Meadow Brook<br><b>Address:</b> , <br><b>SSID:</b> eduroam<br><b>Enc:</b> WPA2+WPA<br><b>AP:</b> 25<br>]]></description>
      <Point>
        <coordinates>-111.6282551,40.1566248,0</coordinates>
      </Point>
    </Placemark>
    <Placemark>
      <name>Nebo School District</name>
      <description><![CDATA[<b>Name:</b> Mt. Loafer<br><b>Address:</b> , <br><b>SSID:</b> eduroam<br><b>Enc:</b> WPA2+WPA<br><b>AP:</b> 27<br>]]></description>
      <Point>
        <coordinates>-111.6777642,40.0395381,0</coordinates>
      </Point>
    </Placemark>
    <Placemark>
      <name>Nebo School District</name>
      <description><![CDATA[<b>Name:</b> Mt. Nebo JHS<br><b>Address:</b> , <br><b>SSID:</b> eduroam<br><b>Enc:</b> WPA2+WPA<br><b>AP:</b> 40<br>]]></description>
      <Point>
        <coordinates>-111.7478676,40.0367187,0</coordinates>
      </Point>
    </Placemark>
    <Placemark>
      <name>Nebo School District</name>
      <description><![CDATA[<b>Name:</b> Orchard Hills<br><b>Address:</b> , <br><b>SSID:</b> eduroam<br><b>Enc:</b> WPA2+WPA<br><b>AP:</b> 31<br>]]></description>
      <Point>
        <coordinates>-111.7811793,39.9658426,0</coordinates>
      </Point>
    </Placemark>
    <Placemark>
      <name>Nebo School District</name>
      <description><![CDATA[<b>Name:</b> Park Elementary<br><b>Address:</b> , <br><b>SSID:</b> eduroam<br><b>Enc:</b> WPA2+WPA<br><b>AP:</b> 24<br>]]></description>
      <Point>
        <coordinates>-111.6439087,40.1107595,0</coordinates>
      </Point>
    </Placemark>
    <Placemark>
      <name>Nebo School District</name>
      <description><![CDATA[<b>Name:</b> Park View<br><b>Address:</b> , <br><b>SSID:</b> eduroam<br><b>Enc:</b> WPA2+WPA<br><b>AP:</b> 23<br>]]></description>
      <Point>
        <coordinates>-111.7310397,40.0386207,0</coordinates>
      </Point>
    </Placemark>
    <Placemark>
      <name>Nebo School District</name>
      <description><![CDATA[<b>Name:</b> Payson HS<br><b>Address:</b> , <br><b>SSID:</b> eduroam<br><b>Enc:</b> WPA2+WPA<br><b>AP:</b> 60<br>]]></description>
      <Point>
        <coordinates>-111.7329173,40.0281874,0</coordinates>
      </Point>
    </Placemark>
    <Placemark>
      <name>Nebo School District</name>
      <description><![CDATA[<b>Name:</b> Payson JHS<br><b>Address:</b> , <br><b>SSID:</b> eduroam<br><b>Enc:</b> WPA2+WPA<br><b>AP:</b> 40<br>]]></description>
      <Point>
        <coordinates>-111.7381193,40.0281998,0</coordinates>
      </Point>
    </Placemark>
    <Placemark>
      <name>Nebo School District</name>
      <description><![CDATA[<b>Name:</b> Rees Elementary<br><b>Address:</b> , <br><b>SSID:</b> eduroam<br><b>Enc:</b> WPA2+WPA<br><b>AP:</b> 29<br>]]></description>
      <Point>
        <coordinates>-111.6292571,40.1175032,0</coordinates>
      </Point>
    </Placemark>
    <Placemark>
      <name>Nebo School District</name>
      <description><![CDATA[<b>Name:</b> Riverview<br><b>Address:</b> , <br><b>SSID:</b> eduroam<br><b>Enc:</b> WPA2+WPA<br><b>AP:</b> 31<br>]]></description>
      <Point>
        <coordinates>-111.6642884,40.1016234,0</coordinates>
      </Point>
    </Placemark>
    <Placemark>
      <name>Nebo School District</name>
      <description><![CDATA[<b>Name:</b> Sage Creek<br><b>Address:</b> , <br><b>SSID:</b> eduroam<br><b>Enc:</b> WPA2+WPA<br><b>AP:</b> 26<br>]]></description>
      <Point>
        <coordinates>-111.5984361,40.1509418,0</coordinates>
      </Point>
    </Placemark>
    <Placemark>
      <name>Nebo School District</name>
      <description><![CDATA[<b>Name:</b> Salem Elementary<br><b>Address:</b> , <br><b>SSID:</b> eduroam<br><b>Enc:</b> WPA2+WPA<br><b>AP:</b> 24<br>]]></description>
      <Point>
        <coordinates>-111.6770617,40.0535233,0</coordinates>
      </Point>
    </Placemark>
    <Placemark>
      <name>Nebo School District</name>
      <description><![CDATA[<b>Name:</b> Salem Hills HS<br><b>Address:</b> , <br><b>SSID:</b> eduroam<br><b>Enc:</b> WPA2+WPA<br><b>AP:</b> 60<br>]]></description>
      <Point>
        <coordinates>-111.6761225,40.0571336,0</coordinates>
      </Point>
    </Placemark>
    <Placemark>
      <name>Nebo School District</name>
      <description><![CDATA[<b>Name:</b> Salem JHS<br><b>Address:</b> , <br><b>SSID:</b> eduroam<br><b>Enc:</b> WPA2+WPA<br><b>AP:</b> 41<br>]]></description>
      <Point>
        <coordinates>-111.6726384,40.0637226,0</coordinates>
      </Point>
    </Placemark>
    <Placemark>
      <name>Nebo School District</name>
      <description><![CDATA[<b>Name:</b> Santaquin Elementary<br><b>Address:</b> , <br><b>SSID:</b> eduroam<br><b>Enc:</b> WPA2+WPA<br><b>AP:</b> 25<br>]]></description>
      <Point>
        <coordinates>-111.7934593,39.9739308,0</coordinates>
      </Point>
    </Placemark>
    <Placemark>
      <name>Nebo School District</name>
      <description><![CDATA[<b>Name:</b> Sierra Bonita<br><b>Address:</b> , <br><b>SSID:</b> eduroam<br><b>Enc:</b> WPA2+WPA<br><b>AP:</b> 31<br>]]></description>
      <Point>
        <coordinates>-111.62372,40.1091384,0</coordinates>
      </Point>
    </Placemark>
    <Placemark>
      <name>Nebo School District</name>
      <description><![CDATA[<b>Name:</b> Spanish Fork HS<br><b>Address:</b> , <br><b>SSID:</b> eduroam<br><b>Enc:</b> WPA2+WPA<br><b>AP:</b> 61<br>]]></description>
      <Point>
        <coordinates>-111.6616021,40.1110558,0</coordinates>
      </Point>
    </Placemark>
    <Placemark>
      <name>Nebo School District</name>
      <description><![CDATA[<b>Name:</b> Spanish Fork JHS<br><b>Address:</b> , <br><b>SSID:</b> eduroam<br><b>Enc:</b> WPA2+WPA<br><b>AP:</b> 47<br>]]></description>
      <Point>
        <coordinates>-111.6410214,40.1026533,0</coordinates>
      </Point>
    </Placemark>
    <Placemark>
      <name>Nebo School District</name>
      <description><![CDATA[<b>Name:</b> Spanish Oaks<br><b>Address:</b> , <br><b>SSID:</b> eduroam<br><b>Enc:</b> WPA2+WPA<br><b>AP:</b> 27<br>]]></description>
      <Point>
        <coordinates>-111.609246,40.0855937,0</coordinates>
      </Point>
    </Placemark>
    <Placemark>
      <name>Nebo School District</name>
      <description><![CDATA[<b>Name:</b> Spring Lake<br><b>Address:</b> , <br><b>SSID:</b> eduroam<br><b>Enc:</b> WPA2+WPA<br><b>AP:</b> 27<br>]]></description>
      <Point>
        <coordinates>-111.7393292,40.0156763,0</coordinates>
      </Point>
    </Placemark>
    <Placemark>
      <name>Nebo School District</name>
      <description><![CDATA[<b>Name:</b> Springville HS<br><b>Address:</b> , <br><b>SSID:</b> eduroam<br><b>Enc:</b> WPA2+WPA<br><b>AP:</b> 72<br>]]></description>
      <Point>
        <coordinates>-111.5885196,40.1547528,0</coordinates>
      </Point>
    </Placemark>
    <Placemark>
      <name>Nebo School District</name>
      <description><![CDATA[<b>Name:</b> Springville JHS<br><b>Address:</b> , <br><b>SSID:</b> eduroam<br><b>Enc:</b> WPA2+WPA<br><b>AP:</b> 41<br>]]></description>
      <Point>
        <coordinates>-111.5832011,40.1636889,0</coordinates>
      </Point>
    </Placemark>
    <Placemark>
      <name>Nebo School District</name>
      <description><![CDATA[<b>Name:</b> Summit Center<br><b>Address:</b> , <br><b>SSID:</b> eduroam<br><b>Enc:</b> WPA2+WPA<br><b>AP:</b> 20<br>]]></description>
      <Point>
        <coordinates>-111.5976947,40.1637349,0</coordinates>
      </Point>
    </Placemark>
    <Placemark>
      <name>Nebo School District</name>
      <description><![CDATA[<b>Name:</b> Taylor Elementary<br><b>Address:</b> , <br><b>SSID:</b> eduroam<br><b>Enc:</b> WPA2+WPA<br><b>AP:</b> 23<br>]]></description>
      <Point>
        <coordinates>-111.7401147,40.042777,0</coordinates>
      </Point>
    </Placemark>
    <Placemark>
      <name>Nebo School District</name>
      <description><![CDATA[<b>Name:</b> Valley View MS<br><b>Address:</b> , <br><b>SSID:</b> eduroam<br><b>Enc:</b> WPA2+WPA<br><b>AP:</b> 47<br>]]></description>
      <Point>
        <coordinates>-111.6521348,40.0483245,0</coordinates>
      </Point>
    </Placemark>
    <Placemark>
      <name>Nebo School District</name>
      <description><![CDATA[<b>Name:</b> Westside Elementary<br><b>Address:</b> , <br><b>SSID:</b> eduroam<br><b>Enc:</b> WPA2+WPA<br><b>AP:</b> 29<br>]]></description>
      <Point>
        <coordinates>-111.6236562,40.1671516,0</coordinates>
      </Point>
    </Placemark>
    <Placemark>
      <name>Nebo School District</name>
      <description><![CDATA[<b>Name:</b> Wilson Elementary<br><b>Address:</b> , <br><b>SSID:</b> eduroam<br><b>Enc:</b> WPA2+WPA<br><b>AP:</b> 27<br>]]></description>
      <Point>
        <coordinates>-111.741332,40.0369515,0</coordinates>
      </Point>
    </Placemark>
    <Placemark>
      <name>North Summit School District</name>
      <description><![CDATA[<b>Name:</b> North Summit Elementary School<br><b>Address:</b> , <br><b>SSID:</b> eduroam<br><b>Enc:</b> WPA2 + WPA3<br><b>AP:</b> 21<br>]]></description>
      <Point>
        <coordinates>-111.390656,40.912642,0</coordinates>
      </Point>
    </Placemark>
    <Placemark>
      <name>North Summit School District</name>
      <description><![CDATA[<b>Name:</b> North Summit High School<br><b>Address:</b> , <br><b>SSID:</b> eduroam<br><b>Enc:</b> WPA2 + WPA3<br><b>AP:</b> 34<br>]]></description>
      <Point>
        <coordinates>-111.3941603,40.9157073,0</coordinates>
      </Point>
    </Placemark>
    <Placemark>
      <name>North Summit School District</name>
      <description><![CDATA[<b>Name:</b> North Summit Middle School<br><b>Address:</b> , <br><b>SSID:</b> eduroam<br><b>Enc:</b> WPA2 + WPA3<br><b>AP:</b> 14<br>]]></description>
      <Point>
        <coordinates>-111.3957293,40.9159479,0</coordinates>
      </Point>
    </Placemark>
    <Placemark>
      <name>North Summit School District</name>
      <description><![CDATA[<b>Name:</b> North Summit School District Office<br><b>Address:</b> , <br><b>SSID:</b> eduroam<br><b>Enc:</b> WPA2 + WPA3<br><b>AP:</b> 1<br>]]></description>
      <Point>
        <coordinates>-111.3974093,40.9149552,0</coordinates>
      </Point>
    </Placemark>
    <Placemark>
      <name>Northeastern Utah Education Services</name>
      <description><![CDATA[<b>Name:</b> NUES Offices<br><b>Address:</b> , <br><b>SSID:</b> eduroam<br><b>Enc:</b> WPA2 + WPA3<br><b>AP:</b> 3<br>]]></description>
      <Point>
        <coordinates>-111.4130796,40.5072766,0</coordinates>
      </Point>
    </Placemark>
    <Placemark>
      <name>Ogden City School District</name>
      <description><![CDATA[<b>Name:</b> Ben Lomond High School<br><b>Address:</b> , <br><b>SSID:</b> eduroam<br><b>Enc:</b> WPA2+WPA<br><b>AP:</b> 117<br>]]></description>
      <Point>
        <coordinates>-111.9513176,41.2495274,0</coordinates>
      </Point>
    </Placemark>
    <Placemark>
      <name>Ogden City School District</name>
      <description><![CDATA[<b>Name:</b> Bonneville Elementary<br><b>Address:</b> , <br><b>SSID:</b> eduroam<br><b>Enc:</b> WPA2+WPA<br><b>AP:</b> 32<br>]]></description>
      <Point>
        <coordinates>-111.9564205,41.2552944,0</coordinates>
      </Point>
    </Placemark>
    <Placemark>
      <name>Ogden City School District</name>
      <description><![CDATA[<b>Name:</b> East Ridge Elementary<br><b>Address:</b> , <br><b>SSID:</b> eduroam<br><b>Enc:</b> WPA2+WPA<br><b>AP:</b> 62<br>]]></description>
      <Point>
        <coordinates>-111.9440297,41.2486525,0</coordinates>
      </Point>
    </Placemark>
    <Placemark>
      <name>Ogden City School District</name>
      <description><![CDATA[<b>Name:</b> George Washington High<br><b>Address:</b> , <br><b>SSID:</b> eduroam<br><b>Enc:</b> WPA2+WPA<br><b>AP:</b> 23<br>]]></description>
      <Point>
        <coordinates>-111.9689702,41.2138563,0</coordinates>
      </Point>
    </Placemark>
    <Placemark>
      <name>Ogden City School District</name>
      <description><![CDATA[<b>Name:</b> Gramercy Elementary<br><b>Address:</b> , <br><b>SSID:</b> eduroam<br><b>Enc:</b> WPA2+WPA<br><b>AP:</b> 35<br>]]></description>
      <Point>
        <coordinates>-111.956915,41.2428919,0</coordinates>
      </Point>
    </Placemark>
    <Placemark>
      <name>Ogden City School District</name>
      <description><![CDATA[<b>Name:</b> Heritage Elementary<br><b>Address:</b> , <br><b>SSID:</b> eduroam<br><b>Enc:</b> WPA2+WPA<br><b>AP:</b> 42<br>]]></description>
      <Point>
        <coordinates>-111.9810335,41.2571259,0</coordinates>
      </Point>
    </Placemark>
    <Placemark>
      <name>Ogden City School District</name>
      <description><![CDATA[<b>Name:</b> Highland Junior High<br><b>Address:</b> , <br><b>SSID:</b> eduroam<br><b>Enc:</b> WPA2+WPA<br><b>AP:</b> 54<br>]]></description>
      <Point>
        <coordinates>-111.9574407,41.2571019,0</coordinates>
      </Point>
    </Placemark>
    <Placemark>
      <name>Ogden City School District</name>
      <description><![CDATA[<b>Name:</b> Hillcrest Elementary<br><b>Address:</b> , <br><b>SSID:</b> eduroam<br><b>Enc:</b> WPA2+WPA<br><b>AP:</b> 34<br>]]></description>
      <Point>
        <coordinates>-111.9501066,41.2613648,0</coordinates>
      </Point>
    </Placemark>
    <Placemark>
      <name>Ogden City School District</name>
      <description><![CDATA[<b>Name:</b> James Madison Elementary<br><b>Address:</b> , <br><b>SSID:</b> eduroam<br><b>Enc:</b> WPA2+WPA<br><b>AP:</b> 47<br>]]></description>
      <Point>
        <coordinates>-111.9600469,41.219436,0</coordinates>
      </Point>
    </Placemark>
    <Placemark>
      <name>Ogden City School District</name>
      <description><![CDATA[<b>Name:</b> Lincoln Elementary<br><b>Address:</b> , <br><b>SSID:</b> eduroam<br><b>Enc:</b> WPA2+WPA<br><b>AP:</b> 30<br>]]></description>
      <Point>
        <coordinates>-111.9653838,41.2816446,0</coordinates>
      </Point>
    </Placemark>
    <Placemark>
      <name>Ogden City School District</name>
      <description><![CDATA[<b>Name:</b> Md. Fort Junior High<br><b>Address:</b> , <br><b>SSID:</b> eduroam<br><b>Enc:</b> WPA2+WPA<br><b>AP:</b> 68<br>]]></description>
      <Point>
        <coordinates>-111.9587699,41.2414539,0</coordinates>
      </Point>
    </Placemark>
    <Placemark>
      <name>Ogden City School District</name>
      <description><![CDATA[<b>Name:</b> Mt. Ogden Junior High<br><b>Address:</b> , <br><b>SSID:</b> eduroam<br><b>Enc:</b> WPA2+WPA<br><b>AP:</b> 58<br>]]></description>
      <Point>
        <coordinates>-111.9476846,41.2045212,0</coordinates>
      </Point>
    </Placemark>
    <Placemark>
      <name>Ogden City School District</name>
      <description><![CDATA[<b>Name:</b> New Bridge School<br><b>Address:</b> , <br><b>SSID:</b> eduroam<br><b>Enc:</b> WPA2+WPA<br><b>AP:</b> 52<br>]]></description>
      <Point>
        <coordinates>-111.9626139,41.227771,0</coordinates>
      </Point>
    </Placemark>
    <Placemark>
      <name>Ogden City School District</name>
      <description><![CDATA[<b>Name:</b> Odyssey Elementary<br><b>Address:</b> , <br><b>SSID:</b> eduroam<br><b>Enc:</b> WPA2+WPA<br><b>AP:</b> 43<br>]]></description>
      <Point>
        <coordinates>-111.9722771,41.2042488,0</coordinates>
      </Point>
    </Placemark>
    <Placemark>
      <name>Ogden City School District</name>
      <description><![CDATA[<b>Name:</b> Ogden City School District Office<br><b>Address:</b> , <br><b>SSID:</b> eduroam<br><b>Enc:</b> WPA2+WPA<br><b>AP:</b> 83<br>]]></description>
      <Point>
        <coordinates>-111.9584527,41.2319455,0</coordinates>
      </Point>
    </Placemark>
    <Placemark>
      <name>Ogden City School District</name>
      <description><![CDATA[<b>Name:</b> Ogden High School<br><b>Address:</b> , <br><b>SSID:</b> eduroam<br><b>Enc:</b> WPA2+WPA<br><b>AP:</b> 112<br>]]></description>
      <Point>
        <coordinates>-111.9474463,41.2131084,0</coordinates>
      </Point>
    </Placemark>
    <Placemark>
      <name>Ogden City School District</name>
      <description><![CDATA[<b>Name:</b> Shadow Valley Elementary<br><b>Address:</b> , <br><b>SSID:</b> eduroam<br><b>Enc:</b> WPA2+WPA<br><b>AP:</b> 38<br>]]></description>
      <Point>
        <coordinates>-111.9423311,41.1740127,0</coordinates>
      </Point>
    </Placemark>
    <Placemark>
      <name>Ogden City School District</name>
      <description><![CDATA[<b>Name:</b> Taylor Canyon Elementary<br><b>Address:</b> , <br><b>SSID:</b> eduroam<br><b>Enc:</b> WPA2+WPA<br><b>AP:</b> 27<br>]]></description>
      <Point>
        <coordinates>-111.9383459,41.2284146,0</coordinates>
      </Point>
    </Placemark>
    <Placemark>
      <name>Ogden City School District</name>
      <description><![CDATA[<b>Name:</b> Wasatch Elementary<br><b>Address:</b> , <br><b>SSID:</b> eduroam<br><b>Enc:</b> WPA2+WPA<br><b>AP:</b> 36<br>]]></description>
      <Point>
        <coordinates>-111.9426198,41.2016352,0</coordinates>
      </Point>
    </Placemark>
    <Placemark>
      <name>Ogden Weber Technical College</name>
      <description><![CDATA[<b>Name:</b> OWTC BDO Campus<br><b>Address:</b> , <br><b>SSID:</b> eduroam<br><b>Enc:</b> WPA3+WPA2+WPA<br><b>AP:</b> 11<br>]]></description>
      <Point>
        <coordinates>-111.9999075,41.2594849,0</coordinates>
      </Point>
    </Placemark>
    <Placemark>
      <name>Ogden Weber Technical College</name>
      <description><![CDATA[<b>Name:</b> OWTC Main Campus<br><b>Address:</b> , <br><b>SSID:</b> eduroam<br><b>Enc:</b> WPA3+WPA2+WPA<br><b>AP:</b> 92<br>]]></description>
      <Point>
        <coordinates>-111.9648457,41.2642593,0</coordinates>
      </Point>
    </Placemark>
    <Placemark>
      <name>Park City School District</name>
      <description><![CDATA[<b>Name:</b> Park City School District Office<br><b>Address:</b> , <br><b>SSID:</b> eduroam<br><b>Enc:</b> WPA2 + WPA3<br><b>AP:</b> -<br>]]></description>
      <Point>
        <coordinates>-111.4878382,40.6689028,0</coordinates>
      </Point>
    </Placemark>
    <Placemark>
      <name>Phaze 2 Solutions</name>
      <description><![CDATA[<b>Name:</b> Phase 2<br><b>Address:</b> , <br><b>SSID:</b> eduroam<br><b>Enc:</b> WPA2<br><b>AP:</b> -<br>]]></description>
      <Point>
        <coordinates>-111.9005451,41.0005011,0</coordinates>
      </Point>
    </Placemark>
    <Placemark>
      <name>Promontory School of Expeditionary Learning</name>
      <description><![CDATA[<b>Name:</b> Promontory School of Expeditionary Learning<br><b>Address:</b> , <br><b>SSID:</b> eduroam<br><b>Enc:</b> WPA2<br><b>AP:</b> -<br>]]></description>
      <Point>
        <coordinates>-112.0406507,41.4607712,0</coordinates>
      </Point>
    </Placemark>
    <Placemark>
      <name>Provo City School District</name>
      <description><![CDATA[<b>Name:</b> Provo School District Aux Services<br><b>Address:</b> , <br><b>SSID:</b> eduroam<br><b>Enc:</b> WPA2+WPA<br><b>AP:</b> 5<br>]]></description>
      <Point>
        <coordinates>-111.6864091,40.2271917,0</coordinates>
      </Point>
    </Placemark>
    <Placemark>
      <name>Rich School District</name>
      <description><![CDATA[<b>Name:</b> North Rich Elementary School<br><b>Address:</b> , <br><b>SSID:</b> eduroam<br><b>Enc:</b> WPA2<br><b>AP:</b> -<br>]]></description>
      <Point>
        <coordinates>-111.321609,41.8228857,0</coordinates>
      </Point>
    </Placemark>
    <Placemark>
      <name>Rich School District</name>
      <description><![CDATA[<b>Name:</b> Rich High School<br><b>Address:</b> , <br><b>SSID:</b> eduroam<br><b>Enc:</b> WPA2<br><b>AP:</b> -<br>]]></description>
      <Point>
        <coordinates>-111.189537,41.6649775,0</coordinates>
      </Point>
    </Placemark>
    <Placemark>
      <name>Rich School District</name>
      <description><![CDATA[<b>Name:</b> Rich Middle School<br><b>Address:</b> , <br><b>SSID:</b> eduroam<br><b>Enc:</b> WPA2<br><b>AP:</b> -<br>]]></description>
      <Point>
        <coordinates>-111.1882065,41.6650372,0</coordinates>
      </Point>
    </Placemark>
    <Placemark>
      <name>Rich School District</name>
      <description><![CDATA[<b>Name:</b> South Rich Elementary School<br><b>Address:</b> , <br><b>SSID:</b> eduroam<br><b>Enc:</b> WPA2<br><b>AP:</b> -<br>]]></description>
      <Point>
        <coordinates>-111.188166,41.6649755,0</coordinates>
      </Point>
    </Placemark>
    <Placemark>
      <name>Salt Lake City Public Library</name>
      <description><![CDATA[<b>Name:</b> Chapman Branch<br><b>Address:</b> , <br><b>SSID:</b> eduroam<br><b>Enc:</b> WPA2+WPA<br><b>AP:</b> 5<br>]]></description>
      <Point>
        <coordinates>-111.9164314,40.7565808,0</coordinates>
      </Point>
    </Placemark>
    <Placemark>
      <name>Salt Lake City Public Library</name>
      <description><![CDATA[<b>Name:</b> Foothill Branch<br><b>Address:</b> , <br><b>SSID:</b> eduroam<br><b>Enc:</b> WPA2+WPA<br><b>AP:</b> 7<br>]]></description>
      <Point>
        <coordinates>-111.8301693,40.7444142,0</coordinates>
      </Point>
    </Placemark>
    <Placemark>
      <name>Salt Lake City Public Library</name>
      <description><![CDATA[<b>Name:</b> Glendale Branch<br><b>Address:</b> , <br><b>SSID:</b> eduroam<br><b>Enc:</b> WPA2+WPA<br><b>AP:</b> 8<br>]]></description>
      <Point>
        <coordinates>-111.9267016,40.7388179,0</coordinates>
      </Point>
    </Placemark>
    <Placemark>
      <name>Salt Lake City Public Library</name>
      <description><![CDATA[<b>Name:</b> Main Library<br><b>Address:</b> , <br><b>SSID:</b> eduroam<br><b>Enc:</b> WPA2+WPA<br><b>AP:</b> 74<br>]]></description>
      <Point>
        <coordinates>-111.8848902,40.7599247,0</coordinates>
      </Point>
    </Placemark>
    <Placemark>
      <name>Salt Lake City Public Library</name>
      <description><![CDATA[<b>Name:</b> Marmalade Branch<br><b>Address:</b> , <br><b>SSID:</b> eduroam<br><b>Enc:</b> WPA2+WPA<br><b>AP:</b> 12<br>]]></description>
      <Point>
        <coordinates>-111.899058,40.7805232,0</coordinates>
      </Point>
    </Placemark>
    <Placemark>
      <name>Salt Lake City Public Library</name>
      <description><![CDATA[<b>Name:</b> Riverside Branch<br><b>Address:</b> , <br><b>SSID:</b> eduroam<br><b>Enc:</b> WPA2+WPA<br><b>AP:</b> 9<br>]]></description>
      <Point>
        <coordinates>-111.9360222,40.7905146,0</coordinates>
      </Point>
    </Placemark>
    <Placemark>
      <name>Salt Lake City Public Library</name>
      <description><![CDATA[<b>Name:</b> Sprague Branch<br><b>Address:</b> , <br><b>SSID:</b> eduroam<br><b>Enc:</b> WPA2+WPA<br><b>AP:</b> 8<br>]]></description>
      <Point>
        <coordinates>-111.8592604,40.7246311,0</coordinates>
      </Point>
    </Placemark>
    <Placemark>
      <name>Salt Lake City Public Library</name>
      <description><![CDATA[<b>Name:</b> Sweet Branch<br><b>Address:</b> , <br><b>SSID:</b> eduroam<br><b>Enc:</b> WPA2+WPA<br><b>AP:</b> 6<br>]]></description>
      <Point>
        <coordinates>-111.8764678,40.779919,0</coordinates>
      </Point>
    </Placemark>
    <Placemark>
      <name>Salt Lake City Public Library</name>
      <description><![CDATA[<b>Name:</b> TEMP - Sprague Firehouse Express<br><b>Address:</b> , <br><b>SSID:</b> eduroam<br><b>Enc:</b> WPA2+WPA<br><b>AP:</b> -<br>]]></description>
      <Point>
        <coordinates>-111.8598861,40.7223613,0</coordinates>
      </Point>
    </Placemark>
    <Placemark>
      <name>Salt Lake City School District</name>
      <description><![CDATA[<b>Name:</b> Backman Elementary<br><b>Address:</b> , <br><b>SSID:</b> eduroam<br><b>Enc:</b> WPA2+WPA<br><b>AP:</b> 35<br>]]></description>
      <Point>
        <coordinates>-111.9340841,40.7820026,0</coordinates>
      </Point>
    </Placemark>
    <Placemark>
      <name>Salt Lake City School District</name>
      <description><![CDATA[<b>Name:</b> Beacon Heights Elementary<br><b>Address:</b> , <br><b>SSID:</b> eduroam<br><b>Enc:</b> WPA2+WPA<br><b>AP:</b> 31<br>]]></description>
      <Point>
        <coordinates>-111.8204345,40.7304436,0</coordinates>
      </Point>
    </Placemark>
    <Placemark>
      <name>Salt Lake City School District</name>
      <description><![CDATA[<b>Name:</b> Beardsly Place<br><b>Address:</b> , <br><b>SSID:</b> eduroam<br><b>Enc:</b> WPA2+WPA<br><b>AP:</b> 7<br>]]></description>
      <Point>
        <coordinates>-111.9195081,40.7160577,0</coordinates>
      </Point>
    </Placemark>
    <Placemark>
      <name>Salt Lake City School District</name>
      <description><![CDATA[<b>Name:</b> Bonneville Elementary<br><b>Address:</b> , <br><b>SSID:</b> eduroam<br><b>Enc:</b> WPA2+WPA<br><b>AP:</b> 30<br>]]></description>
      <Point>
        <coordinates>-111.8357121,40.7443356,0</coordinates>
      </Point>
    </Placemark>
    <Placemark>
      <name>Salt Lake City School District</name>
      <description><![CDATA[<b>Name:</b> Bryant Middle School<br><b>Address:</b> , <br><b>SSID:</b> eduroam<br><b>Enc:</b> WPA2+WPA<br><b>AP:</b> 35<br>]]></description>
      <Point>
        <coordinates>-111.8691203,40.7684708,0</coordinates>
      </Point>
    </Placemark>
    <Placemark>
      <name>Salt Lake City School District</name>
      <description><![CDATA[<b>Name:</b> Clayton Middle School<br><b>Address:</b> , <br><b>SSID:</b> eduroam<br><b>Enc:</b> WPA2+WPA<br><b>AP:</b> 35<br>]]></description>
      <Point>
        <coordinates>-111.8372958,40.7379048,0</coordinates>
      </Point>
    </Placemark>
    <Placemark>
      <name>Salt Lake City School District</name>
      <description><![CDATA[<b>Name:</b> Dilworth Elementary<br><b>Address:</b> , <br><b>SSID:</b> eduroam<br><b>Enc:</b> WPA2+WPA<br><b>AP:</b> 34<br>]]></description>
      <Point>
        <coordinates>-111.8299364,40.7282599,0</coordinates>
      </Point>
    </Placemark>
    <Placemark>
      <name>Salt Lake City School District</name>
      <description><![CDATA[<b>Name:</b> District Administration Building<br><b>Address:</b> , <br><b>SSID:</b> eduroam<br><b>Enc:</b> WPA2+WPA<br><b>AP:</b> 19<br>]]></description>
      <Point>
        <coordinates>-111.8784241,40.7667772,0</coordinates>
      </Point>
    </Placemark>
    <Placemark>
      <name>Salt Lake City School District</name>
      <description><![CDATA[<b>Name:</b> East High<br><b>Address:</b> , <br><b>SSID:</b> eduroam<br><b>Enc:</b> WPA2+WPA<br><b>AP:</b> 107<br>]]></description>
      <Point>
        <coordinates>-111.8552749,40.7508774,0</coordinates>
      </Point>
    </Placemark>
    <Placemark>
      <name>Salt Lake City School District</name>
      <description><![CDATA[<b>Name:</b> Edison Elementary<br><b>Address:</b> , <br><b>SSID:</b> eduroam<br><b>Enc:</b> WPA2+WPA<br><b>AP:</b> 41<br>]]></description>
      <Point>
        <coordinates>-111.9354428,40.7588853,0</coordinates>
      </Point>
    </Placemark>
    <Placemark>
      <name>Salt Lake City School District</name>
      <description><![CDATA[<b>Name:</b> Emerson Elementary<br><b>Address:</b> , <br><b>SSID:</b> eduroam<br><b>Enc:</b> WPA2+WPA<br><b>AP:</b> 31<br>]]></description>
      <Point>
        <coordinates>-111.8617958,40.7405232,0</coordinates>
      </Point>
    </Placemark>
    <Placemark>
      <name>Salt Lake City School District</name>
      <description><![CDATA[<b>Name:</b> Ensign Elementary<br><b>Address:</b> , <br><b>SSID:</b> eduroam<br><b>Enc:</b> WPA2+WPA<br><b>AP:</b> 32<br>]]></description>
      <Point>
        <coordinates>-111.8674877,40.7829841,0</coordinates>
      </Point>
    </Placemark>
    <Placemark>
      <name>Salt Lake City School District</name>
      <description><![CDATA[<b>Name:</b> Escalante Elementary<br><b>Address:</b> , <br><b>SSID:</b> eduroam<br><b>Enc:</b> WPA2+WPA<br><b>AP:</b> 36<br>]]></description>
      <Point>
        <coordinates>-111.9422453,40.789522,0</coordinates>
      </Point>
    </Placemark>
    <Placemark>
      <name>Salt Lake City School District</name>
      <description><![CDATA[<b>Name:</b> Franklin Elementary<br><b>Address:</b> , <br><b>SSID:</b> eduroam<br><b>Enc:</b> WPA2+WPA<br><b>AP:</b> 35<br>]]></description>
      <Point>
        <coordinates>-111.9230453,40.762283,0</coordinates>
      </Point>
    </Placemark>
    <Placemark>
      <name>Salt Lake City School District</name>
      <description><![CDATA[<b>Name:</b> Glendale Middle School<br><b>Address:</b> , <br><b>SSID:</b> eduroam<br><b>Enc:</b> WPA2+WPA<br><b>AP:</b> 60<br>]]></description>
      <Point>
        <coordinates>-111.9300785,40.7379004,0</coordinates>
      </Point>
    </Placemark>
    <Placemark>
      <name>Salt Lake City School District</name>
      <description><![CDATA[<b>Name:</b> Hawthorne Elementary<br><b>Address:</b> , <br><b>SSID:</b> eduroam<br><b>Enc:</b> WPA2+WPA<br><b>AP:</b> 29<br>]]></description>
      <Point>
        <coordinates>-111.8729156,40.7339841,0</coordinates>
      </Point>
    </Placemark>
    <Placemark>
      <name>Salt Lake City School District</name>
      <description><![CDATA[<b>Name:</b> Highland High<br><b>Address:</b> , <br><b>SSID:</b> eduroam<br><b>Enc:</b> WPA2+WPA<br><b>AP:</b> 99<br>]]></description>
      <Point>
        <coordinates>-111.8435448,40.7235045,0</coordinates>
      </Point>
    </Placemark>
    <Placemark>
      <name>Salt Lake City School District</name>
      <description><![CDATA[<b>Name:</b> Highland Park Elementary<br><b>Address:</b> , <br><b>SSID:</b> eduroam<br><b>Enc:</b> WPA2+WPA<br><b>AP:</b> 35<br>]]></description>
      <Point>
        <coordinates>-111.8407426,40.7110098,0</coordinates>
      </Point>
    </Placemark>
    <Placemark>
      <name>Salt Lake City School District</name>
      <description><![CDATA[<b>Name:</b> Hillside Middle School<br><b>Address:</b> , <br><b>SSID:</b> eduroam<br><b>Enc:</b> WPA2+WPA<br><b>AP:</b> 38<br>]]></description>
      <Point>
        <coordinates>-111.8230428,40.7311358,0</coordinates>
      </Point>
    </Placemark>
    <Placemark>
      <name>Salt Lake City School District</name>
      <description><![CDATA[<b>Name:</b> Horizonte Instruction and Training Center<br><b>Address:</b> , <br><b>SSID:</b> eduroam<br><b>Enc:</b> WPA2+WPA<br><b>AP:</b> 52<br>]]></description>
      <Point>
        <coordinates>-111.8921645,40.7424969,0</coordinates>
      </Point>
    </Placemark>
    <Placemark>
      <name>Salt Lake City School District</name>
      <description><![CDATA[<b>Name:</b> Indian Hills Elementary<br><b>Address:</b> , <br><b>SSID:</b> eduroam<br><b>Enc:</b> WPA2+WPA<br><b>AP:</b> 35<br>]]></description>
      <Point>
        <coordinates>-111.8172657,40.7399263,0</coordinates>
      </Point>
    </Placemark>
    <Placemark>
      <name>Salt Lake City School District</name>
      <description><![CDATA[<b>Name:</b> Innovations Early College High School<br><b>Address:</b> , <br><b>SSID:</b> eduroam<br><b>Enc:</b> WPA2+WPA<br><b>AP:</b> 30<br>]]></description>
      <Point>
        <coordinates>-111.8866085,40.734166,0</coordinates>
      </Point>
    </Placemark>
    <Placemark>
      <name>Salt Lake City School District</name>
      <description><![CDATA[<b>Name:</b> Liberty Elementary School<br><b>Address:</b> , <br><b>SSID:</b> eduroam<br><b>Enc:</b> WPA2+WPA<br><b>AP:</b> 43<br>]]></description>
      <Point>
        <coordinates>-111.8839368,40.7452572,0</coordinates>
      </Point>
    </Placemark>
    <Placemark>
      <name>Salt Lake City School District</name>
      <description><![CDATA[<b>Name:</b> M. Lynn Bennion Elementary<br><b>Address:</b> , <br><b>SSID:</b> eduroam<br><b>Enc:</b> WPA2+WPA<br><b>AP:</b> 29<br>]]></description>
      <Point>
        <coordinates>-111.866487,40.759466,0</coordinates>
      </Point>
    </Placemark>
    <Placemark>
      <name>Salt Lake City School District</name>
      <description><![CDATA[<b>Name:</b> Mary W. Jackson Elementary School<br><b>Address:</b> , <br><b>SSID:</b> eduroam<br><b>Enc:</b> WPA2+WPA<br><b>AP:</b> 37<br>]]></description>
      <Point>
        <coordinates>-111.9129381,40.7748203,0</coordinates>
      </Point>
    </Placemark>
    <Placemark>
      <name>Salt Lake City School District</name>
      <description><![CDATA[<b>Name:</b> Meadowlark Elementary<br><b>Address:</b> , <br><b>SSID:</b> eduroam<br><b>Enc:</b> WPA2+WPA<br><b>AP:</b> 40<br>]]></description>
      <Point>
        <coordinates>-111.9450435,40.803541,0</coordinates>
      </Point>
    </Placemark>
    <Placemark>
      <name>Salt Lake City School District</name>
      <description><![CDATA[<b>Name:</b> Mountain View Elementary<br><b>Address:</b> , <br><b>SSID:</b> eduroam<br><b>Enc:</b> WPA2+WPA<br><b>AP:</b> 30<br>]]></description>
      <Point>
        <coordinates>-111.9306392,40.7401649,0</coordinates>
      </Point>
    </Placemark>
    <Placemark>
      <name>Salt Lake City School District</name>
      <description><![CDATA[<b>Name:</b> Newman Elementary<br><b>Address:</b> , <br><b>SSID:</b> eduroam<br><b>Enc:</b> WPA2+WPA<br><b>AP:</b> 33<br>]]></description>
      <Point>
        <coordinates>-111.9317808,40.7957149,0</coordinates>
      </Point>
    </Placemark>
    <Placemark>
      <name>Salt Lake City School District</name>
      <description><![CDATA[<b>Name:</b> Nibley Park School<br><b>Address:</b> , <br><b>SSID:</b> eduroam<br><b>Enc:</b> WPA2+WPA<br><b>AP:</b> 38<br>]]></description>
      <Point>
        <coordinates>-111.8666865,40.7100586,0</coordinates>
      </Point>
    </Placemark>
    <Placemark>
      <name>Salt Lake City School District</name>
      <description><![CDATA[<b>Name:</b> North Star Elementary<br><b>Address:</b> , <br><b>SSID:</b> eduroam<br><b>Enc:</b> WPA2+WPA<br><b>AP:</b> 36<br>]]></description>
      <Point>
        <coordinates>-111.9468337,40.8030011,0</coordinates>
      </Point>
    </Placemark>
    <Placemark>
      <name>Salt Lake City School District</name>
      <description><![CDATA[<b>Name:</b> Northwest Middle School<br><b>Address:</b> , <br><b>SSID:</b> eduroam<br><b>Enc:</b> WPA2+WPA<br><b>AP:</b> 53<br>]]></description>
      <Point>
        <coordinates>-111.9404186,40.806533,0</coordinates>
      </Point>
    </Placemark>
    <Placemark>
      <name>Salt Lake City School District</name>
      <description><![CDATA[<b>Name:</b> Open Classroom<br><b>Address:</b> , <br><b>SSID:</b> eduroam<br><b>Enc:</b> WPA2+WPA<br><b>AP:</b> 26<br>]]></description>
      <Point>
        <coordinates>-111.8784241,40.7725128,0</coordinates>
      </Point>
    </Placemark>
    <Placemark>
      <name>Salt Lake City School District</name>
      <description><![CDATA[<b>Name:</b> Parkview Elementary<br><b>Address:</b> , <br><b>SSID:</b> eduroam<br><b>Enc:</b> WPA2+WPA<br><b>AP:</b> 34<br>]]></description>
      <Point>
        <coordinates>-111.926488,40.748577,0</coordinates>
      </Point>
    </Placemark>
    <Placemark>
      <name>Salt Lake City School District</name>
      <description><![CDATA[<b>Name:</b> Riley Elementary<br><b>Address:</b> , <br><b>SSID:</b> eduroam<br><b>Enc:</b> WPA2+WPA<br><b>AP:</b> 35<br>]]></description>
      <Point>
        <coordinates>-111.9150806,40.7382428,0</coordinates>
      </Point>
    </Placemark>
    <Placemark>
      <name>Salt Lake City School District</name>
      <description><![CDATA[<b>Name:</b> Rose Park Elementary<br><b>Address:</b> , <br><b>SSID:</b> eduroam<br><b>Enc:</b> WPA2+WPA<br><b>AP:</b> 31<br>]]></description>
      <Point>
        <coordinates>-111.9226961,40.7905307,0</coordinates>
      </Point>
    </Placemark>
    <Placemark>
      <name>Salt Lake City School District</name>
      <description><![CDATA[<b>Name:</b> Salt Lake Center for Science Education<br><b>Address:</b> , <br><b>SSID:</b> eduroam<br><b>Enc:</b> WPA2+WPA<br><b>AP:</b> 41<br>]]></description>
      <Point>
        <coordinates>-111.9314391,40.7938851,0</coordinates>
      </Point>
    </Placemark>
    <Placemark>
      <name>Salt Lake City School District</name>
      <description><![CDATA[<b>Name:</b> SLCSD Transportation Office<br><b>Address:</b> , <br><b>SSID:</b> eduroam<br><b>Enc:</b> WPA2+WPA<br><b>AP:</b> 2<br>]]></description>
      <Point>
        <coordinates>-111.940563,40.7317598,0</coordinates>
      </Point>
    </Placemark>
    <Placemark>
      <name>Salt Lake City School District</name>
      <description><![CDATA[<b>Name:</b> Uintah Elementary<br><b>Address:</b> , <br><b>SSID:</b> eduroam<br><b>Enc:</b> WPA2+WPA<br><b>AP:</b> 33<br>]]></description>
      <Point>
        <coordinates>-111.8460972,40.7421024,0</coordinates>
      </Point>
    </Placemark>
    <Placemark>
      <name>Salt Lake City School District</name>
      <description><![CDATA[<b>Name:</b> Wasatch Elementary<br><b>Address:</b> , <br><b>SSID:</b> eduroam<br><b>Enc:</b> WPA2+WPA<br><b>AP:</b> 32<br>]]></description>
      <Point>
        <coordinates>-111.8575106,40.7700604,0</coordinates>
      </Point>
    </Placemark>
    <Placemark>
      <name>Salt Lake City School District</name>
      <description><![CDATA[<b>Name:</b> Washington Elementary<br><b>Address:</b> , <br><b>SSID:</b> eduroam<br><b>Enc:</b> WPA2+WPA<br><b>AP:</b> 30<br>]]></description>
      <Point>
        <coordinates>-111.8958907,40.7793421,0</coordinates>
      </Point>
    </Placemark>
    <Placemark>
      <name>Salt Lake City School District</name>
      <description><![CDATA[<b>Name:</b> West High<br><b>Address:</b> , <br><b>SSID:</b> eduroam<br><b>Enc:</b> WPA2+WPA<br><b>AP:</b> 126<br>]]></description>
      <Point>
        <coordinates>-111.900351,40.7747787,0</coordinates>
      </Point>
    </Placemark>
    <Placemark>
      <name>Salt Lake City School District</name>
      <description><![CDATA[<b>Name:</b> Whittier Elementary<br><b>Address:</b> , <br><b>SSID:</b> eduroam<br><b>Enc:</b> WPA2+WPA<br><b>AP:</b> 41<br>]]></description>
      <Point>
        <coordinates>-111.883332,40.735196,0</coordinates>
      </Point>
    </Placemark>
    <Placemark>
      <name>Salt Lake Community College</name>
      <description><![CDATA[<b>Name:</b> Aviation Education Center<br><b>Address:</b> , <br><b>SSID:</b> eduroam<br><b>Enc:</b> WPA2+WPA<br><b>AP:</b> 5<br>]]></description>
      <Point>
        <coordinates>-111.9535623,40.7816091,0</coordinates>
      </Point>
    </Placemark>
    <Placemark>
      <name>Salt Lake Community College</name>
      <description><![CDATA[<b>Name:</b> Community Writing Center<br><b>Address:</b> , <br><b>SSID:</b> eduroam<br><b>Enc:</b> WPA2+WPA<br><b>AP:</b> 1<br>]]></description>
      <Point>
        <coordinates>-111.8838366,40.7597157,0</coordinates>
      </Point>
    </Placemark>
    <Placemark>
      <name>Salt Lake Community College</name>
      <description><![CDATA[<b>Name:</b> Jordan Campus<br><b>Address:</b> , <br><b>SSID:</b> eduroam<br><b>Enc:</b> WPA2+WPA<br><b>AP:</b> 189<br>]]></description>
      <Point>
        <coordinates>-111.974227,40.5850801,0</coordinates>
      </Point>
    </Placemark>
    <Placemark>
      <name>Salt Lake Community College</name>
      <description><![CDATA[<b>Name:</b> Larry H. Miller Campus<br><b>Address:</b> , <br><b>SSID:</b> eduroam<br><b>Enc:</b> WPA2+WPA<br><b>AP:</b> 141<br>]]></description>
      <Point>
        <coordinates>-111.9008068,40.5739596,0</coordinates>
      </Point>
    </Placemark>
    <Placemark>
      <name>Salt Lake Community College</name>
      <description><![CDATA[<b>Name:</b> Library Square Campus<br><b>Address:</b> , <br><b>SSID:</b> eduroam<br><b>Enc:</b> WPA2+WPA<br><b>AP:</b> 10<br>]]></description>
      <Point>
        <coordinates>-111.8840848,40.7609266,0</coordinates>
      </Point>
    </Placemark>
    <Placemark>
      <name>Salt Lake Community College</name>
      <description><![CDATA[<b>Name:</b> Meadowbrook Campus<br><b>Address:</b> , <br><b>SSID:</b> eduroam<br><b>Enc:</b> WPA2+WPA<br><b>AP:</b> 3<br>]]></description>
      <Point>
        <coordinates>-111.8980688,40.6877818,0</coordinates>
      </Point>
    </Placemark>
    <Placemark>
      <name>Salt Lake Community College</name>
      <description><![CDATA[<b>Name:</b> South City Campus<br><b>Address:</b> , <br><b>SSID:</b> eduroam<br><b>Enc:</b> WPA2+WPA<br><b>AP:</b> 282<br>]]></description>
      <Point>
        <coordinates>-111.8873467,40.7352572,0</coordinates>
      </Point>
    </Placemark>
    <Placemark>
      <name>Salt Lake Community College</name>
      <description><![CDATA[<b>Name:</b> Taylorsville Redwood Rd Campus<br><b>Address:</b> , <br><b>SSID:</b> eduroam<br><b>Enc:</b> WPA2+WPA<br><b>AP:</b> 681<br>]]></description>
      <Point>
        <coordinates>-111.9417743,40.6714484,0</coordinates>
      </Point>
    </Placemark>
    <Placemark>
      <name>Salt Lake Community College</name>
      <description><![CDATA[<b>Name:</b> West Valley Center<br><b>Address:</b> , <br><b>SSID:</b> eduroam<br><b>Enc:</b> WPA2+WPA<br><b>AP:</b> 38<br>]]></description>
      <Point>
        <coordinates>-112.024893,40.6993424,0</coordinates>
      </Point>
    </Placemark>
    <Placemark>
      <name>Salt Lake Community College</name>
      <description><![CDATA[<b>Name:</b> Westpointe Center<br><b>Address:</b> , <br><b>SSID:</b> eduroam<br><b>Enc:</b> WPA2+WPA<br><b>AP:</b> 101<br>]]></description>
      <Point>
        <coordinates>-111.9514333,40.7919225,0</coordinates>
      </Point>
    </Placemark>
    <Placemark>
      <name>Salt Lake School for the Performing Arts</name>
      <description><![CDATA[<b>Name:</b> Salt Lake School for the Performing Arts<br><b>Address:</b> , <br><b>SSID:</b> eduroam<br><b>Enc:</b> WPA2+WPA<br><b>AP:</b> 24<br>]]></description>
      <Point>
        <coordinates>-111.8345736,40.7206938,0</coordinates>
      </Point>
    </Placemark>
    <Placemark>
      <name>Salt Palace Convention Center</name>
      <description><![CDATA[<b>Name:</b> Salt Palace Convention Center<br><b>Address:</b> , <br><b>SSID:</b> eduroam<br><b>Enc:</b> WPA2<br><b>AP:</b> 800<br>]]></description>
      <Point>
        <coordinates>-111.8959839,40.7674769,0</coordinates>
      </Point>
    </Placemark>
    <Placemark>
      <name>San Juan School District</name>
      <description><![CDATA[<b>Name:</b> Albert R. Lyman Middle School<br><b>Address:</b> , <br><b>SSID:</b> eduroam<br><b>Enc:</b> WPA2+WPA<br><b>AP:</b> 1<br>]]></description>
      <Point>
        <coordinates>-109.4767106,37.6327964,0</coordinates>
      </Point>
    </Placemark>
    <Placemark>
      <name>San Juan School District</name>
      <description><![CDATA[<b>Name:</b> Blanding Elementary School<br><b>Address:</b> , <br><b>SSID:</b> eduroam<br><b>Enc:</b> WPA2+WPA<br><b>AP:</b> 1<br>]]></description>
      <Point>
        <coordinates>-109.4806909,37.6209983,0</coordinates>
      </Point>
    </Placemark>
    <Placemark>
      <name>San Juan School District</name>
      <description><![CDATA[<b>Name:</b> Bluff Elementary School<br><b>Address:</b> , <br><b>SSID:</b> eduroam<br><b>Enc:</b> WPA2+WPA<br><b>AP:</b> 1<br>]]></description>
      <Point>
        <coordinates>-109.5513836,37.2840308,0</coordinates>
      </Point>
    </Placemark>
    <Placemark>
      <name>San Juan School District</name>
      <description><![CDATA[<b>Name:</b> La Sal Elementary School<br><b>Address:</b> , <br><b>SSID:</b> eduroam<br><b>Enc:</b> WPA2+WPA<br><b>AP:</b> 1<br>]]></description>
      <Point>
        <coordinates>-109.2481426,38.3123582,0</coordinates>
      </Point>
    </Placemark>
    <Placemark>
      <name>San Juan School District</name>
      <description><![CDATA[<b>Name:</b> Montezuma Creek Elementary School<br><b>Address:</b> , <br><b>SSID:</b> eduroam<br><b>Enc:</b> WPA2+WPA<br><b>AP:</b> 1<br>]]></description>
      <Point>
        <coordinates>-109.30085,37.2599006,0</coordinates>
      </Point>
    </Placemark>
    <Placemark>
      <name>San Juan School District</name>
      <description><![CDATA[<b>Name:</b> Monticello Elementary School<br><b>Address:</b> , <br><b>SSID:</b> eduroam<br><b>Enc:</b> WPA2+WPA<br><b>AP:</b> 1<br>]]></description>
      <Point>
        <coordinates>-109.3477755,37.875658,0</coordinates>
      </Point>
    </Placemark>
    <Placemark>
      <name>San Juan School District</name>
      <description><![CDATA[<b>Name:</b> Monticello High School<br><b>Address:</b> , <br><b>SSID:</b> eduroam<br><b>Enc:</b> WPA2+WPA<br><b>AP:</b> 1<br>]]></description>
      <Point>
        <coordinates>-109.3472778,37.8707015,0</coordinates>
      </Point>
    </Placemark>
    <Placemark>
      <name>San Juan School District</name>
      <description><![CDATA[<b>Name:</b> Monument Valley High School<br><b>Address:</b> , <br><b>SSID:</b> eduroam<br><b>Enc:</b> WPA2+WPA<br><b>AP:</b> 1<br>]]></description>
      <Point>
        <coordinates>-110.173473,37.0042602,0</coordinates>
      </Point>
    </Placemark>
    <Placemark>
      <name>San Juan School District</name>
      <description><![CDATA[<b>Name:</b> Navajo Mountain High School<br><b>Address:</b> , <br><b>SSID:</b> eduroam<br><b>Enc:</b> WPA2+WPA<br><b>AP:</b> 1<br>]]></description>
      <Point>
        <coordinates>-110.7798528,37.0597079,0</coordinates>
      </Point>
    </Placemark>
    <Placemark>
      <name>San Juan School District</name>
      <description><![CDATA[<b>Name:</b> San Juan High School<br><b>Address:</b> , <br><b>SSID:</b> eduroam<br><b>Enc:</b> WPA2+WPA<br><b>AP:</b> 1<br>]]></description>
      <Point>
        <coordinates>-109.4801007,37.6297792,0</coordinates>
      </Point>
    </Placemark>
    <Placemark>
      <name>San Juan School District</name>
      <description><![CDATA[<b>Name:</b> Tse'bii'nidzisgai Elementary<br><b>Address:</b> , <br><b>SSID:</b> eduroam<br><b>Enc:</b> WPA2+WPA<br><b>AP:</b> 1<br>]]></description>
      <Point>
        <coordinates>-110.1774377,37.0005519,0</coordinates>
      </Point>
    </Placemark>
    <Placemark>
      <name>Skaggs Catholic Center</name>
      <description><![CDATA[<b>Name:</b> Skaggs Catholic Center<br><b>Address:</b> , <br><b>SSID:</b> eduroam<br><b>Enc:</b> WPA2<br><b>AP:</b> 28<br>]]></description>
      <Point>
        <coordinates>-111.8814516,40.535348,0</coordinates>
      </Point>
    </Placemark>
    <Placemark>
      <name>Snow College</name>
      <description><![CDATA[<b>Name:</b> Snow College<br><b>Address:</b> , <br><b>SSID:</b> eduroam<br><b>Enc:</b> WPA2+WPA<br><b>AP:</b> 37<br>]]></description>
      <Point>
        <coordinates>-112.0983659,38.7663729,0</coordinates>
      </Point>
    </Placemark>
    <Placemark>
      <name>Soldier Hollow Charter School</name>
      <description><![CDATA[<b>Name:</b> Soldier Hollow Charter<br><b>Address:</b> , <br><b>SSID:</b> eduroam<br><b>Enc:</b> WPA2<br><b>AP:</b> 12<br>]]></description>
      <Point>
        <coordinates>-111.4677394,40.4718525,0</coordinates>
      </Point>
    </Placemark>
    <Placemark>
      <name>South Summit School District</name>
      <description><![CDATA[<b>Name:</b> Silver Summit Academy<br><b>Address:</b> , <br><b>SSID:</b> eduroam<br><b>Enc:</b> WPA2 + WPA3<br><b>AP:</b> 13<br>]]></description>
      <Point>
        <coordinates>-111.4863591,40.7222964,0</coordinates>
      </Point>
    </Placemark>
    <Placemark>
      <name>South Summit School District</name>
      <description><![CDATA[<b>Name:</b> South Summit Elementary School<br><b>Address:</b> , <br><b>SSID:</b> eduroam<br><b>Enc:</b> WPA2 + WPA3<br><b>AP:</b> 22<br>]]></description>
      <Point>
        <coordinates>-111.2692094,40.6389185,0</coordinates>
      </Point>
    </Placemark>
    <Placemark>
      <name>South Summit School District</name>
      <description><![CDATA[<b>Name:</b> South Summit High School<br><b>Address:</b> , <br><b>SSID:</b> eduroam<br><b>Enc:</b> WPA2 + WPA3<br><b>AP:</b> 24<br>]]></description>
      <Point>
        <coordinates>-111.2737708,40.6422364,0</coordinates>
      </Point>
    </Placemark>
    <Placemark>
      <name>South Summit School District</name>
      <description><![CDATA[<b>Name:</b> South Summit Middle School<br><b>Address:</b> , <br><b>SSID:</b> eduroam<br><b>Enc:</b> WPA2 + WPA3<br><b>AP:</b> 22<br>]]></description>
      <Point>
        <coordinates>-111.2728357,40.6387557,0</coordinates>
      </Point>
    </Placemark>
    <Placemark>
      <name>South Summit School District</name>
      <description><![CDATA[<b>Name:</b> South Summit School District Office<br><b>Address:</b> , <br><b>SSID:</b> eduroam<br><b>Enc:</b> WPA2 + WPA3<br><b>AP:</b> 5<br>]]></description>
      <Point>
        <coordinates>-111.274616,40.6366783,0</coordinates>
      </Point>
    </Placemark>
    <Placemark>
      <name>Southeast Education Service Center</name>
      <description><![CDATA[<b>Name:</b> Southeast Education Service Center<br><b>Address:</b> , <br><b>SSID:</b> eduroam<br><b>Enc:</b> WPA2<br><b>AP:</b> 3<br>]]></description>
      <Point>
        <coordinates>-110.7984549,39.5971189,0</coordinates>
      </Point>
    </Placemark>
    <Placemark>
      <name>Southern Utah University</name>
      <description><![CDATA[<b>Name:</b> Southern Utah University<br><b>Address:</b> , <br><b>SSID:</b> eduroam<br><b>Enc:</b> WPA2<br><b>AP:</b> 300<br>]]></description>
      <Point>
        <coordinates>-113.0712435,37.6755837,0</coordinates>
      </Point>
    </Placemark>
    <Placemark>
      <name>Southwest Educational Development Center</name>
      <description><![CDATA[<b>Name:</b> Beaver - Beaver High School<br><b>Address:</b> , <br><b>SSID:</b> eduroam<br><b>Enc:</b> WPA2+WPA<br><b>AP:</b> 1<br>]]></description>
      <Point>
        <coordinates>-112.6382088,38.2748919,0</coordinates>
      </Point>
    </Placemark>
    <Placemark>
      <name>Southwest Educational Development Center</name>
      <description><![CDATA[<b>Name:</b> Beaver - Belknap Elementary School<br><b>Address:</b> , <br><b>SSID:</b> eduroam<br><b>Enc:</b> WPA2+WPA<br><b>AP:</b> 1<br>]]></description>
      <Point>
        <coordinates>-112.6304569,38.2789191,0</coordinates>
      </Point>
    </Placemark>
    <Placemark>
      <name>Southwest Educational Development Center</name>
      <description><![CDATA[<b>Name:</b> Beaver - Milford Elementary School<br><b>Address:</b> , <br><b>SSID:</b> eduroam<br><b>Enc:</b> WPA2+WPA<br><b>AP:</b> 1<br>]]></description>
      <Point>
        <coordinates>-113.0137142,38.3989063,0</coordinates>
      </Point>
    </Placemark>
    <Placemark>
      <name>Southwest Educational Development Center</name>
      <description><![CDATA[<b>Name:</b> Beaver - Milford High School<br><b>Address:</b> , <br><b>SSID:</b> eduroam<br><b>Enc:</b> WPA2+WPA<br><b>AP:</b> 1<br>]]></description>
      <Point>
        <coordinates>-113.0137142,38.3989063,0</coordinates>
      </Point>
    </Placemark>
    <Placemark>
      <name>Southwest Educational Development Center</name>
      <description><![CDATA[<b>Name:</b> Beaver - Minersville School<br><b>Address:</b> , <br><b>SSID:</b> eduroam<br><b>Enc:</b> WPA2+WPA<br><b>AP:</b> 1<br>]]></description>
      <Point>
        <coordinates>-112.9267073,38.2084439,0</coordinates>
      </Point>
    </Placemark>
    <Placemark>
      <name>Southwest Educational Development Center</name>
      <description><![CDATA[<b>Name:</b> Garfield - Antimony Elementary School<br><b>Address:</b> , <br><b>SSID:</b> eduroam<br><b>Enc:</b> WPA2+WPA<br><b>AP:</b> 1<br>]]></description>
      <Point>
        <coordinates>-112.000413,38.1170036,0</coordinates>
      </Point>
    </Placemark>
    <Placemark>
      <name>Southwest Educational Development Center</name>
      <description><![CDATA[<b>Name:</b> Garfield - Boulder Elementary School<br><b>Address:</b> , <br><b>SSID:</b> eduroam<br><b>Enc:</b> WPA2+WPA<br><b>AP:</b> 1<br>]]></description>
      <Point>
        <coordinates>-111.4261111,37.9244444,0</coordinates>
      </Point>
    </Placemark>
    <Placemark>
      <name>Southwest Educational Development Center</name>
      <description><![CDATA[<b>Name:</b> Garfield - Bryce Valley Elementary School<br><b>Address:</b> , <br><b>SSID:</b> eduroam<br><b>Enc:</b> WPA2+WPA<br><b>AP:</b> 1<br>]]></description>
      <Point>
        <coordinates>-112.0910701,37.6239547,0</coordinates>
      </Point>
    </Placemark>
    <Placemark>
      <name>Southwest Educational Development Center</name>
      <description><![CDATA[<b>Name:</b> Garfield - Bryce Valley High School<br><b>Address:</b> , <br><b>SSID:</b> eduroam<br><b>Enc:</b> WPA2+WPA<br><b>AP:</b> 1<br>]]></description>
      <Point>
        <coordinates>-112.0937034,37.6240606,0</coordinates>
      </Point>
    </Placemark>
    <Placemark>
      <name>Southwest Educational Development Center</name>
      <description><![CDATA[<b>Name:</b> Garfield - Escalante Elementary School<br><b>Address:</b> , <br><b>SSID:</b> eduroam<br><b>Enc:</b> WPA2+WPA<br><b>AP:</b> 1<br>]]></description>
      <Point>
        <coordinates>-111.5941232,37.7706616,0</coordinates>
      </Point>
    </Placemark>
    <Placemark>
      <name>Southwest Educational Development Center</name>
      <description><![CDATA[<b>Name:</b> Garfield - Escalante High School<br><b>Address:</b> , <br><b>SSID:</b> eduroam<br><b>Enc:</b> WPA2+WPA<br><b>AP:</b> 1<br>]]></description>
      <Point>
        <coordinates>-111.5941232,37.7706616,0</coordinates>
      </Point>
    </Placemark>
    <Placemark>
      <name>Southwest Educational Development Center</name>
      <description><![CDATA[<b>Name:</b> Garfield - Panguich Elementary School<br><b>Address:</b> , <br><b>SSID:</b> eduroam<br><b>Enc:</b> WPA2+WPA<br><b>AP:</b> 1<br>]]></description>
      <Point>
        <coordinates>-112.4379045,37.8207341,0</coordinates>
      </Point>
    </Placemark>
    <Placemark>
      <name>Southwest Educational Development Center</name>
      <description><![CDATA[<b>Name:</b> Garfield - Panguich High School<br><b>Address:</b> , <br><b>SSID:</b> eduroam<br><b>Enc:</b> WPA2+WPA<br><b>AP:</b> 1<br>]]></description>
      <Point>
        <coordinates>-112.4285647,37.8209038,0</coordinates>
      </Point>
    </Placemark>
    <Placemark>
      <name>Southwest Educational Development Center</name>
      <description><![CDATA[<b>Name:</b> Garfield - Panguich Middle School<br><b>Address:</b> , <br><b>SSID:</b> eduroam<br><b>Enc:</b> WPA2+WPA<br><b>AP:</b> 1<br>]]></description>
      <Point>
        <coordinates>-112.4285876,37.8217609,0</coordinates>
      </Point>
    </Placemark>
    <Placemark>
      <name>Southwest Educational Development Center</name>
      <description><![CDATA[<b>Name:</b> Kanab - Big Water Elementary School<br><b>Address:</b> , <br><b>SSID:</b> eduroam<br><b>Enc:</b> WPA2+WPA<br><b>AP:</b> 1<br>]]></description>
      <Point>
        <coordinates>-111.6644952,37.0819406,0</coordinates>
      </Point>
    </Placemark>
    <Placemark>
      <name>Southwest Educational Development Center</name>
      <description><![CDATA[<b>Name:</b> Kanab - Big Water School<br><b>Address:</b> , <br><b>SSID:</b> eduroam<br><b>Enc:</b> WPA2+WPA<br><b>AP:</b> 1<br>]]></description>
      <Point>
        <coordinates>-111.6644952,37.0819406,0</coordinates>
      </Point>
    </Placemark>
    <Placemark>
      <name>Southwest Educational Development Center</name>
      <description><![CDATA[<b>Name:</b> Kanab - Kanab Elementary School<br><b>Address:</b> , <br><b>SSID:</b> eduroam<br><b>Enc:</b> WPA2+WPA<br><b>AP:</b> 1<br>]]></description>
      <Point>
        <coordinates>-112.529641,37.049355,0</coordinates>
      </Point>
    </Placemark>
    <Placemark>
      <name>Southwest Educational Development Center</name>
      <description><![CDATA[<b>Name:</b> Kanab - Kanab High School<br><b>Address:</b> , <br><b>SSID:</b> eduroam<br><b>Enc:</b> WPA2+WPA<br><b>AP:</b> 1<br>]]></description>
      <Point>
        <coordinates>-112.5296549,37.0369997,0</coordinates>
      </Point>
    </Placemark>
    <Placemark>
      <name>Southwest Educational Development Center</name>
      <description><![CDATA[<b>Name:</b> Kanab - Kanab Middle School<br><b>Address:</b> , <br><b>SSID:</b> eduroam<br><b>Enc:</b> WPA2+WPA<br><b>AP:</b> 1<br>]]></description>
      <Point>
        <coordinates>-112.5301553,37.0368927,0</coordinates>
      </Point>
    </Placemark>
    <Placemark>
      <name>Southwest Educational Development Center</name>
      <description><![CDATA[<b>Name:</b> Kanab - Lake Powell Elementary School<br><b>Address:</b> , <br><b>SSID:</b> eduroam<br><b>Enc:</b> WPA2+WPA<br><b>AP:</b> 1<br>]]></description>
      <Point>
        <coordinates>-110.7081415,37.5254862,0</coordinates>
      </Point>
    </Placemark>
    <Placemark>
      <name>Southwest Educational Development Center</name>
      <description><![CDATA[<b>Name:</b> Kanab - Lake Powell High School<br><b>Address:</b> , <br><b>SSID:</b> eduroam<br><b>Enc:</b> WPA2+WPA<br><b>AP:</b> 1<br>]]></description>
      <Point>
        <coordinates>-110.7081415,37.5254862,0</coordinates>
      </Point>
    </Placemark>
    <Placemark>
      <name>Southwest Educational Development Center</name>
      <description><![CDATA[<b>Name:</b> Kanab - Valley High School<br><b>Address:</b> , <br><b>SSID:</b> eduroam<br><b>Enc:</b> WPA2+WPA<br><b>AP:</b> 1<br>]]></description>
      <Point>
        <coordinates>-112.6377101,37.2758168,0</coordinates>
      </Point>
    </Placemark>
    <Placemark>
      <name>Southwest Educational Development Center</name>
      <description><![CDATA[<b>Name:</b> Main Campus<br><b>Address:</b> , <br><b>SSID:</b> eduroam<br><b>Enc:</b> WPA2+WPA<br><b>AP:</b> -<br>]]></description>
      <Point>
        <coordinates>-113.070366,37.664136,0</coordinates>
      </Point>
    </Placemark>
    <Placemark>
      <name>Southwest Technical College</name>
      <description><![CDATA[<b>Name:</b> Southwest Technical College<br><b>Address:</b> , <br><b>SSID:</b> eduroam<br><b>Enc:</b> WPA2+WPA<br><b>AP:</b> -<br>]]></description>
      <Point>
        <coordinates>-113.071145,37.663368,0</coordinates>
      </Point>
    </Placemark>
    <Placemark>
      <name>State of Utah Department of Technology Services</name>
      <description><![CDATA[<b>Name:</b> Anasazi State Park<br><b>Address:</b> , <br><b>SSID:</b> eduroam<br><b>Enc:</b> WPA2+WPA<br><b>AP:</b> 3<br>]]></description>
      <Point>
        <coordinates>-111.4236296,37.9108361,0</coordinates>
      </Point>
    </Placemark>
    <Placemark>
      <name>State of Utah Department of Technology Services</name>
      <description><![CDATA[<b>Name:</b> Antelope Island State Park<br><b>Address:</b> , <br><b>SSID:</b> eduroam<br><b>Enc:</b> WPA2+WPA<br><b>AP:</b> 4<br>]]></description>
      <Point>
        <coordinates>-112.2145571,40.9580848,0</coordinates>
      </Point>
    </Placemark>
    <Placemark>
      <name>State of Utah Department of Technology Services</name>
      <description><![CDATA[<b>Name:</b> Assessor&#8217;s Office<br><b>Address:</b> , <br><b>SSID:</b> eduroam<br><b>Enc:</b> WPA2+WPA<br><b>AP:</b> -<br>]]></description>
      <Point>
        <coordinates>-109.548162,38.5738642,0</coordinates>
      </Point>
    </Placemark>
    <Placemark>
      <name>State of Utah Department of Technology Services</name>
      <description><![CDATA[<b>Name:</b> Bear Lake State Park Marina<br><b>Address:</b> , <br><b>SSID:</b> eduroam<br><b>Enc:</b> WPA2+WPA<br><b>AP:</b> 3<br>]]></description>
      <Point>
        <coordinates>-111.3997129,41.9641702,0</coordinates>
      </Point>
    </Placemark>
    <Placemark>
      <name>State of Utah Department of Technology Services</name>
      <description><![CDATA[<b>Name:</b> Camp Floyd<br><b>Address:</b> , <br><b>SSID:</b> eduroam<br><b>Enc:</b> WPA2+WPA<br><b>AP:</b> 1<br>]]></description>
      <Point>
        <coordinates>-112.09342,40.260827,0</coordinates>
      </Point>
    </Placemark>
    <Placemark>
      <name>State of Utah Department of Technology Services</name>
      <description><![CDATA[<b>Name:</b> Coral Pink Sand dunes<br><b>Address:</b> , <br><b>SSID:</b> eduroam<br><b>Enc:</b> WPA2+WPA<br><b>AP:</b> 1<br>]]></description>
      <Point>
        <coordinates>-112.7144334,37.0377384,0</coordinates>
      </Point>
    </Placemark>
    <Placemark>
      <name>State of Utah Department of Technology Services</name>
      <description><![CDATA[<b>Name:</b> County Courthouse<br><b>Address:</b> , <br><b>SSID:</b> eduroam<br><b>Enc:</b> WPA2+WPA<br><b>AP:</b> 1<br>]]></description>
      <Point>
        <coordinates>-111.1845041,41.6650274,0</coordinates>
      </Point>
    </Placemark>
    <Placemark>
      <name>State of Utah Department of Technology Services</name>
      <description><![CDATA[<b>Name:</b> Dead Horse Point State Park<br><b>Address:</b> , <br><b>SSID:</b> eduroam<br><b>Enc:</b> WPA2+WPA<br><b>AP:</b> 7<br>]]></description>
      <Point>
        <coordinates>-109.7405716,38.4748255,0</coordinates>
      </Point>
    </Placemark>
    <Placemark>
      <name>State of Utah Department of Technology Services</name>
      <description><![CDATA[<b>Name:</b> Deer Creek State Park<br><b>Address:</b> , <br><b>SSID:</b> eduroam<br><b>Enc:</b> WPA2+WPA<br><b>AP:</b> 1<br>]]></description>
      <Point>
        <coordinates>-111.5029812,40.4100974,0</coordinates>
      </Point>
    </Placemark>
    <Placemark>
      <name>State of Utah Department of Technology Services</name>
      <description><![CDATA[<b>Name:</b> East Canyon State Park<br><b>Address:</b> , <br><b>SSID:</b> eduroam<br><b>Enc:</b> WPA2+WPA<br><b>AP:</b> 1<br>]]></description>
      <Point>
        <coordinates>-111.5871369,40.9011269,0</coordinates>
      </Point>
    </Placemark>
    <Placemark>
      <name>State of Utah Department of Technology Services</name>
      <description><![CDATA[<b>Name:</b> East Senate Building<br><b>Address:</b> , <br><b>SSID:</b> eduroam<br><b>Enc:</b> WPA2+WPA<br><b>AP:</b> -<br>]]></description>
      <Point>
        <coordinates>-111.887362,40.7780554,0</coordinates>
      </Point>
    </Placemark>
    <Placemark>
      <name>State of Utah Department of Technology Services</name>
      <description><![CDATA[<b>Name:</b> Edge of Cedars Museum<br><b>Address:</b> , <br><b>SSID:</b> eduroam<br><b>Enc:</b> WPA2+WPA<br><b>AP:</b> 5<br>]]></description>
      <Point>
        <coordinates>-109.490008,37.6315031,0</coordinates>
      </Point>
    </Placemark>
    <Placemark>
      <name>State of Utah Department of Technology Services</name>
      <description><![CDATA[<b>Name:</b> Escalante Petrified Forest State Park<br><b>Address:</b> , <br><b>SSID:</b> eduroam<br><b>Enc:</b> WPA2+WPA<br><b>AP:</b> 1<br>]]></description>
      <Point>
        <coordinates>-111.6306317,37.7873092,0</coordinates>
      </Point>
    </Placemark>
    <Placemark>
      <name>State of Utah Department of Technology Services</name>
      <description><![CDATA[<b>Name:</b> Farmington DMV<br><b>Address:</b> , <br><b>SSID:</b> eduroam<br><b>Enc:</b> WPA2+WPA<br><b>AP:</b> 1<br>]]></description>
      <Point>
        <coordinates>-111.9086064,40.9814082,0</coordinates>
      </Point>
    </Placemark>
    <Placemark>
      <name>State of Utah Department of Technology Services</name>
      <description><![CDATA[<b>Name:</b> Fremont Indian State Park<br><b>Address:</b> , <br><b>SSID:</b> eduroam<br><b>Enc:</b> WPA2+WPA<br><b>AP:</b> 3<br>]]></description>
      <Point>
        <coordinates>-112.334951,38.5775656,0</coordinates>
      </Point>
    </Placemark>
    <Placemark>
      <name>State of Utah Department of Technology Services</name>
      <description><![CDATA[<b>Name:</b> Frontier Homestead Museum<br><b>Address:</b> , <br><b>SSID:</b> eduroam<br><b>Enc:</b> WPA2+WPA<br><b>AP:</b> 2<br>]]></description>
      <Point>
        <coordinates>-113.0625,37.6886111,0</coordinates>
      </Point>
    </Placemark>
    <Placemark>
      <name>State of Utah Department of Technology Services</name>
      <description><![CDATA[<b>Name:</b> Goblin Valley State Park<br><b>Address:</b> , <br><b>SSID:</b> eduroam<br><b>Enc:</b> WPA2+WPA<br><b>AP:</b> 1<br>]]></description>
      <Point>
        <coordinates>-110.707109,38.573697,0</coordinates>
      </Point>
    </Placemark>
    <Placemark>
      <name>State of Utah Department of Technology Services</name>
      <description><![CDATA[<b>Name:</b> Governor's Mansion<br><b>Address:</b> , <br><b>SSID:</b> eduroam<br><b>Enc:</b> WPA2+WPA<br><b>AP:</b> -<br>]]></description>
      <Point>
        <coordinates>-111.8740582,40.7698168,0</coordinates>
      </Point>
    </Placemark>
    <Placemark>
      <name>State of Utah Department of Technology Services</name>
      <description><![CDATA[<b>Name:</b> Green River Golf Course<br><b>Address:</b> , <br><b>SSID:</b> eduroam<br><b>Enc:</b> WPA2+WPA<br><b>AP:</b> 1<br>]]></description>
      <Point>
        <coordinates>-110.1536726,38.9882327,0</coordinates>
      </Point>
    </Placemark>
    <Placemark>
      <name>State of Utah Department of Technology Services</name>
      <description><![CDATA[<b>Name:</b> Green River State Park<br><b>Address:</b> , <br><b>SSID:</b> eduroam<br><b>Enc:</b> WPA2+WPA<br><b>AP:</b> 1<br>]]></description>
      <Point>
        <coordinates>-110.1536726,38.9882327,0</coordinates>
      </Point>
    </Placemark>
    <Placemark>
      <name>State of Utah Department of Technology Services</name>
      <description><![CDATA[<b>Name:</b> Gunlock<br><b>Address:</b> , <br><b>SSID:</b> eduroam<br><b>Enc:</b> WPA2+WPA<br><b>AP:</b> 1<br>]]></description>
      <Point>
        <coordinates>-113.7707202,37.2543765,0</coordinates>
      </Point>
    </Placemark>
    <Placemark>
      <name>State of Utah Department of Technology Services</name>
      <description><![CDATA[<b>Name:</b> Huntington State Park<br><b>Address:</b> , <br><b>SSID:</b> eduroam<br><b>Enc:</b> WPA2+WPA<br><b>AP:</b> 1<br>]]></description>
      <Point>
        <coordinates>-110.9438363,39.3528913,0</coordinates>
      </Point>
    </Placemark>
    <Placemark>
      <name>State of Utah Department of Technology Services</name>
      <description><![CDATA[<b>Name:</b> Hyrum State Park<br><b>Address:</b> , <br><b>SSID:</b> eduroam<br><b>Enc:</b> WPA2+WPA<br><b>AP:</b> 1<br>]]></description>
      <Point>
        <coordinates>-111.8668278,41.6279346,0</coordinates>
      </Point>
    </Placemark>
    <Placemark>
      <name>State of Utah Department of Technology Services</name>
      <description><![CDATA[<b>Name:</b> Jordan River OHV Park<br><b>Address:</b> , <br><b>SSID:</b> eduroam<br><b>Enc:</b> WPA2+WPA<br><b>AP:</b> 1<br>]]></description>
      <Point>
        <coordinates>-111.9463106,40.825694,0</coordinates>
      </Point>
    </Placemark>
    <Placemark>
      <name>State of Utah Department of Technology Services</name>
      <description><![CDATA[<b>Name:</b> Jordanelle State Park<br><b>Address:</b> , <br><b>SSID:</b> eduroam<br><b>Enc:</b> WPA2+WPA<br><b>AP:</b> 3<br>]]></description>
      <Point>
        <coordinates>-111.409703,40.6199595,0</coordinates>
      </Point>
    </Placemark>
    <Placemark>
      <name>State of Utah Department of Technology Services</name>
      <description><![CDATA[<b>Name:</b> Kodachrome Basin State Park<br><b>Address:</b> , <br><b>SSID:</b> eduroam<br><b>Enc:</b> WPA2+WPA<br><b>AP:</b> 1<br>]]></description>
      <Point>
        <coordinates>-111.9939579,37.5177622,0</coordinates>
      </Point>
    </Placemark>
    <Placemark>
      <name>State of Utah Department of Technology Services</name>
      <description><![CDATA[<b>Name:</b> Millsite State Park<br><b>Address:</b> , <br><b>SSID:</b> eduroam<br><b>Enc:</b> WPA2+WPA<br><b>AP:</b> 1<br>]]></description>
      <Point>
        <coordinates>-111.1939734,39.0920411,0</coordinates>
      </Point>
    </Placemark>
    <Placemark>
      <name>State of Utah Department of Technology Services</name>
      <description><![CDATA[<b>Name:</b> Ogden DMV<br><b>Address:</b> , <br><b>SSID:</b> eduroam<br><b>Enc:</b> WPA2+WPA<br><b>AP:</b> 31<br>]]></description>
      <Point>
        <coordinates>-111.9764224,41.2217974,0</coordinates>
      </Point>
    </Placemark>
    <Placemark>
      <name>State of Utah Department of Technology Services</name>
      <description><![CDATA[<b>Name:</b> Ottercreek State Park<br><b>Address:</b> , <br><b>SSID:</b> eduroam<br><b>Enc:</b> WPA2+WPA<br><b>AP:</b> 2<br>]]></description>
      <Point>
        <coordinates>-112.0185738,38.1664001,0</coordinates>
      </Point>
    </Placemark>
    <Placemark>
      <name>State of Utah Department of Technology Services</name>
      <description><![CDATA[<b>Name:</b> Palisade State Park Booth<br><b>Address:</b> , <br><b>SSID:</b> eduroam<br><b>Enc:</b> WPA2+WPA<br><b>AP:</b> 1<br>]]></description>
      <Point>
        <coordinates>-111.666651,39.208955,0</coordinates>
      </Point>
    </Placemark>
    <Placemark>
      <name>State of Utah Department of Technology Services</name>
      <description><![CDATA[<b>Name:</b> Palisade State Park Office<br><b>Address:</b> , <br><b>SSID:</b> eduroam<br><b>Enc:</b> WPA2+WPA<br><b>AP:</b> 1<br>]]></description>
      <Point>
        <coordinates>-111.666651,39.208955,0</coordinates>
      </Point>
    </Placemark>
    <Placemark>
      <name>State of Utah Department of Technology Services</name>
      <description><![CDATA[<b>Name:</b> Provo DMV<br><b>Address:</b> , <br><b>SSID:</b> eduroam<br><b>Enc:</b> WPA2+WPA<br><b>AP:</b> 49<br>]]></description>
      <Point>
        <coordinates>-111.6560534,40.2331669,0</coordinates>
      </Point>
    </Placemark>
    <Placemark>
      <name>State of Utah Department of Technology Services</name>
      <description><![CDATA[<b>Name:</b> Quail Creek State Park<br><b>Address:</b> , <br><b>SSID:</b> eduroam<br><b>Enc:</b> WPA2+WPA<br><b>AP:</b> 1<br>]]></description>
      <Point>
        <coordinates>-113.3941251,37.1878909,0</coordinates>
      </Point>
    </Placemark>
    <Placemark>
      <name>State of Utah Department of Technology Services</name>
      <description><![CDATA[<b>Name:</b> Salt Lake City Council Hall<br><b>Address:</b> , <br><b>SSID:</b> eduroam<br><b>Enc:</b> WPA2+WPA<br><b>AP:</b> -<br>]]></description>
      <Point>
        <coordinates>-111.8877161,40.7755612,0</coordinates>
      </Point>
    </Placemark>
    <Placemark>
      <name>State of Utah Department of Technology Services</name>
      <description><![CDATA[<b>Name:</b> Salt Lake DMV<br><b>Address:</b> , <br><b>SSID:</b> eduroam<br><b>Enc:</b> WPA2+WPA<br><b>AP:</b> 1<br>]]></description>
      <Point>
        <coordinates>-111.9018992,40.7089581,0</coordinates>
      </Point>
    </Placemark>
    <Placemark>
      <name>State of Utah Department of Technology Services</name>
      <description><![CDATA[<b>Name:</b> Sand Hollow<br><b>Address:</b> , <br><b>SSID:</b> eduroam<br><b>Enc:</b> WPA2+WPA<br><b>AP:</b> -<br>]]></description>
      <Point>
        <coordinates>-113.3908662,37.1031442,0</coordinates>
      </Point>
    </Placemark>
    <Placemark>
      <name>State of Utah Department of Technology Services</name>
      <description><![CDATA[<b>Name:</b> Scofield State Park<br><b>Address:</b> , <br><b>SSID:</b> eduroam<br><b>Enc:</b> WPA2+WPA<br><b>AP:</b> 1<br>]]></description>
      <Point>
        <coordinates>-111.130866,39.7938027,0</coordinates>
      </Point>
    </Placemark>
    <Placemark>
      <name>State of Utah Department of Technology Services</name>
      <description><![CDATA[<b>Name:</b> Snow Canyon State Park<br><b>Address:</b> , <br><b>SSID:</b> eduroam<br><b>Enc:</b> WPA2+WPA<br><b>AP:</b> 2<br>]]></description>
      <Point>
        <coordinates>-113.6395961,37.2178145,0</coordinates>
      </Point>
    </Placemark>
    <Placemark>
      <name>State of Utah Department of Technology Services</name>
      <description><![CDATA[<b>Name:</b> South Valley DMV<br><b>Address:</b> , <br><b>SSID:</b> eduroam<br><b>Enc:</b> WPA2+WPA<br><b>AP:</b> 4<br>]]></description>
      <Point>
        <coordinates>-111.8929563,40.4875499,0</coordinates>
      </Point>
    </Placemark>
    <Placemark>
      <name>State of Utah Department of Technology Services</name>
      <description><![CDATA[<b>Name:</b> Starvation State Park<br><b>Address:</b> , <br><b>SSID:</b> eduroam<br><b>Enc:</b> WPA2+WPA<br><b>AP:</b> 2<br>]]></description>
      <Point>
        <coordinates>-110.4674219,40.1867915,0</coordinates>
      </Point>
    </Placemark>
    <Placemark>
      <name>State of Utah Department of Technology Services</name>
      <description><![CDATA[<b>Name:</b> State Library<br><b>Address:</b> , <br><b>SSID:</b> eduroam<br><b>Enc:</b> WPA2+WPA<br><b>AP:</b> -<br>]]></description>
      <Point>
        <coordinates>-111.9476468,40.7763472,0</coordinates>
      </Point>
    </Placemark>
    <Placemark>
      <name>State of Utah Department of Technology Services</name>
      <description><![CDATA[<b>Name:</b> State Office Building<br><b>Address:</b> , <br><b>SSID:</b> eduroam<br><b>Enc:</b> WPA2+WPA<br><b>AP:</b> -<br>]]></description>
      <Point>
        <coordinates>-111.8882203,40.7787704,0</coordinates>
      </Point>
    </Placemark>
    <Placemark>
      <name>State of Utah Department of Technology Services</name>
      <description><![CDATA[<b>Name:</b> Steinaker State Park<br><b>Address:</b> , <br><b>SSID:</b> eduroam<br><b>Enc:</b> WPA2+WPA<br><b>AP:</b> 1<br>]]></description>
      <Point>
        <coordinates>-109.5386354,40.5172307,0</coordinates>
      </Point>
    </Placemark>
    <Placemark>
      <name>State of Utah Department of Technology Services</name>
      <description><![CDATA[<b>Name:</b> Territorial Statehouse Museum<br><b>Address:</b> , <br><b>SSID:</b> eduroam<br><b>Enc:</b> WPA2+WPA<br><b>AP:</b> 2<br>]]></description>
      <Point>
        <coordinates>-112.3254178,38.9670787,0</coordinates>
      </Point>
    </Placemark>
    <Placemark>
      <name>State of Utah Department of Technology Services</name>
      <description><![CDATA[<b>Name:</b> Utah Field House<br><b>Address:</b> , <br><b>SSID:</b> eduroam<br><b>Enc:</b> WPA2+WPA<br><b>AP:</b> 2<br>]]></description>
      <Point>
        <coordinates>-109.5197117,40.4553611,0</coordinates>
      </Point>
    </Placemark>
    <Placemark>
      <name>State of Utah Department of Technology Services</name>
      <description><![CDATA[<b>Name:</b> Utah Lake State Park<br><b>Address:</b> , <br><b>SSID:</b> eduroam<br><b>Enc:</b> WPA2+WPA<br><b>AP:</b> 4<br>]]></description>
      <Point>
        <coordinates>-111.7362163,40.2378421,0</coordinates>
      </Point>
    </Placemark>
    <Placemark>
      <name>State of Utah Department of Technology Services</name>
      <description><![CDATA[<b>Name:</b> Utah State Capitol Building<br><b>Address:</b> , <br><b>SSID:</b> eduroam<br><b>Enc:</b> WPA2+WPA<br><b>AP:</b> -<br>]]></description>
      <Point>
        <coordinates>-111.8881774,40.7774217,0</coordinates>
      </Point>
    </Placemark>
    <Placemark>
      <name>State of Utah Department of Technology Services</name>
      <description><![CDATA[<b>Name:</b> Wasatch Mountain State Park<br><b>Address:</b> , <br><b>SSID:</b> eduroam<br><b>Enc:</b> WPA2+WPA<br><b>AP:</b> 1<br>]]></description>
      <Point>
        <coordinates>-111.4900505,40.5330942,0</coordinates>
      </Point>
    </Placemark>
    <Placemark>
      <name>State of Utah Department of Technology Services</name>
      <description><![CDATA[<b>Name:</b> Washington County DMV<br><b>Address:</b> , <br><b>SSID:</b> eduroam<br><b>Enc:</b> WPA2+WPA<br><b>AP:</b> 5<br>]]></description>
      <Point>
        <coordinates>-113.4089317,37.1673651,0</coordinates>
      </Point>
    </Placemark>
    <Placemark>
      <name>State of Utah Department of Technology Services</name>
      <description><![CDATA[<b>Name:</b> West House Building<br><b>Address:</b> , <br><b>SSID:</b> eduroam<br><b>Enc:</b> WPA2+WPA<br><b>AP:</b> -<br>]]></description>
      <Point>
        <coordinates>-111.8889499,40.7781082,0</coordinates>
      </Point>
    </Placemark>
    <Placemark>
      <name>State of Utah Department of Technology Services</name>
      <description><![CDATA[<b>Name:</b> Willard bay State Park North<br><b>Address:</b> , <br><b>SSID:</b> eduroam<br><b>Enc:</b> WPA2+WPA<br><b>AP:</b> 1<br>]]></description>
      <Point>
        <coordinates>-112.0532047,41.4200211,0</coordinates>
      </Point>
    </Placemark>
    <Placemark>
      <name>State of Utah Department of Technology Services</name>
      <description><![CDATA[<b>Name:</b> Yuba Lake<br><b>Address:</b> , <br><b>SSID:</b> eduroam<br><b>Enc:</b> WPA2+WPA<br><b>AP:</b> 2<br>]]></description>
      <Point>
        <coordinates>-112.0255709,39.3799068,0</coordinates>
      </Point>
    </Placemark>
    <Placemark>
      <name>Timpanogos School District</name>
      <description><![CDATA[<b>Name:</b> Timpanogos School District<br><b>Address:</b> , <br><b>SSID:</b> eduroam<br><b>Enc:</b> WPA2<br><b>AP:</b> -<br>]]></description>
      <Point>
        <coordinates>-111.7963069,40.3881525,0</coordinates>
      </Point>
    </Placemark>
    <Placemark>
      <name>Tooele County School District</name>
      <description><![CDATA[<b>Name:</b> Tooele High School<br><b>Address:</b> , <br><b>SSID:</b> eduroam<br><b>Enc:</b> WPA2<br><b>AP:</b> 60<br>]]></description>
      <Point>
        <coordinates>-112.3071774,40.529923,0</coordinates>
      </Point>
    </Placemark>
    <Placemark>
      <name>Tooele County School District</name>
      <description><![CDATA[<b>Name:</b> Tooele School District Office<br><b>Address:</b> , <br><b>SSID:</b> eduroam<br><b>Enc:</b> WPA2<br><b>AP:</b> 14<br>]]></description>
      <Point>
        <coordinates>-112.3491604,40.5303715,0</coordinates>
      </Point>
    </Placemark>
    <Placemark>
      <name>Uintah School District</name>
      <description><![CDATA[<b>Name:</b> Ashley Elementary<br><b>Address:</b> , <br><b>SSID:</b> eduroam<br><b>Enc:</b> WPA2+WPA<br><b>AP:</b> 24<br>]]></description>
      <Point>
        <coordinates>-109.5495566,40.4600164,0</coordinates>
      </Point>
    </Placemark>
    <Placemark>
      <name>Uintah School District</name>
      <description><![CDATA[<b>Name:</b> Davis Elementary<br><b>Address:</b> , <br><b>SSID:</b> eduroam<br><b>Enc:</b> WPA2+WPA<br><b>AP:</b> 20<br>]]></description>
      <Point>
        <coordinates>-109.4791259,40.3964958,0</coordinates>
      </Point>
    </Placemark>
    <Placemark>
      <name>Uintah School District</name>
      <description><![CDATA[<b>Name:</b> Discovery Elementary<br><b>Address:</b> , <br><b>SSID:</b> eduroam<br><b>Enc:</b> WPA2+WPA<br><b>AP:</b> 22<br>]]></description>
      <Point>
        <coordinates>-109.5396797,40.438233,0</coordinates>
      </Point>
    </Placemark>
    <Placemark>
      <name>Uintah School District</name>
      <description><![CDATA[<b>Name:</b> Eagle View Elementary<br><b>Address:</b> , <br><b>SSID:</b> eduroam<br><b>Enc:</b> WPA2+WPA<br><b>AP:</b> 28<br>]]></description>
      <Point>
        <coordinates>-109.8926478,40.3236361,0</coordinates>
      </Point>
    </Placemark>
    <Placemark>
      <name>Uintah School District</name>
      <description><![CDATA[<b>Name:</b> Maeser Elementary<br><b>Address:</b> , <br><b>SSID:</b> eduroam<br><b>Enc:</b> WPA2+WPA<br><b>AP:</b> 22<br>]]></description>
      <Point>
        <coordinates>-109.579314,40.471338,0</coordinates>
      </Point>
    </Placemark>
    <Placemark>
      <name>Uintah School District</name>
      <description><![CDATA[<b>Name:</b> Naples Elementary<br><b>Address:</b> , <br><b>SSID:</b> eduroam<br><b>Enc:</b> WPA2+WPA<br><b>AP:</b> 24<br>]]></description>
      <Point>
        <coordinates>-109.4956325,40.4274586,0</coordinates>
      </Point>
    </Placemark>
    <Placemark>
      <name>Uintah School District</name>
      <description><![CDATA[<b>Name:</b> Uintah District Office<br><b>Address:</b> , <br><b>SSID:</b> eduroam<br><b>Enc:</b> WPA2+WPA<br><b>AP:</b> 1<br>]]></description>
      <Point>
        <coordinates>-109.5004436,40.443999,0</coordinates>
      </Point>
    </Placemark>
    <Placemark>
      <name>Uintah School District</name>
      <description><![CDATA[<b>Name:</b> Uintah High School<br><b>Address:</b> , <br><b>SSID:</b> eduroam<br><b>Enc:</b> WPA2+WPA<br><b>AP:</b> 42<br>]]></description>
      <Point>
        <coordinates>-109.5648051,40.4643892,0</coordinates>
      </Point>
    </Placemark>
    <Placemark>
      <name>Uintah School District</name>
      <description><![CDATA[<b>Name:</b> Uintah Middle School<br><b>Address:</b> , <br><b>SSID:</b> eduroam<br><b>Enc:</b> WPA2+WPA<br><b>AP:</b> 31<br>]]></description>
      <Point>
        <coordinates>-109.5469533,40.4577148,0</coordinates>
      </Point>
    </Placemark>
    <Placemark>
      <name>Uintah School District</name>
      <description><![CDATA[<b>Name:</b> Vernal Middle School<br><b>Address:</b> , <br><b>SSID:</b> eduroam<br><b>Enc:</b> WPA2+WPA<br><b>AP:</b> 29<br>]]></description>
      <Point>
        <coordinates>-109.5424904,40.4532872,0</coordinates>
      </Point>
    </Placemark>
    <Placemark>
      <name>University of Utah</name>
      <description><![CDATA[<b>Name:</b> Main Campus<br><b>Address:</b> , <br><b>SSID:</b> eduroam<br><b>Enc:</b> WPA2<br><b>AP:</b> 13000<br>]]></description>
      <Point>
        <coordinates>-111.8359902,40.762071,0</coordinates>
      </Point>
    </Placemark>
    <Placemark>
      <name>Utah Education Network</name>
      <description><![CDATA[<b>Name:</b> UEN Office<br><b>Address:</b> , <br><b>SSID:</b> eduroam<br><b>Enc:</b> WPA2+WPA<br><b>AP:</b> -<br>]]></description>
      <Point>
        <coordinates>-111.837968,40.7673161,0</coordinates>
      </Point>
    </Placemark>
    <Placemark>
      <name>Utah Schools for the Deaf and the Blind</name>
      <description><![CDATA[<b>Name:</b> USDB<br><b>Address:</b> , <br><b>SSID:</b> eduroam<br><b>Enc:</b> WPA2+WPA<br><b>AP:</b> 80<br>]]></description>
      <Point>
        <coordinates>-111.9479021,41.2508607,0</coordinates>
      </Point>
    </Placemark>
    <Placemark>
      <name>Utah State Board of Education</name>
      <description><![CDATA[<b>Name:</b> Utah State Board of Education<br><b>Address:</b> , <br><b>SSID:</b> eduroam<br><b>Enc:</b> WPA2+WPA<br><b>AP:</b> 29<br>]]></description>
      <Point>
        <coordinates>-111.8837123,40.7581624,0</coordinates>
      </Point>
    </Placemark>
    <Placemark>
      <name>Utah State University</name>
      <description><![CDATA[<b>Name:</b> Caine Lyric Theatre<br><b>Address:</b> , <br><b>SSID:</b> eduroam<br><b>Enc:</b> WPA2+WPA<br><b>AP:</b> 2<br>]]></description>
      <Point>
        <coordinates>-111.8358751,41.7311077,0</coordinates>
      </Point>
    </Placemark>
    <Placemark>
      <name>Utah State University</name>
      <description><![CDATA[<b>Name:</b> Main Campus<br><b>Address:</b> , <br><b>SSID:</b> eduroam<br><b>Enc:</b> WPA2+WPA<br><b>AP:</b> 3200<br>]]></description>
      <Point>
        <coordinates>-111.8102004,41.7422203,0</coordinates>
      </Point>
    </Placemark>
    <Placemark>
      <name>Utah State University</name>
      <description><![CDATA[<b>Name:</b> Price Prehistoric Museum<br><b>Address:</b> , <br><b>SSID:</b> eduroam<br><b>Enc:</b> WPA2+WPA<br><b>AP:</b> 17<br>]]></description>
      <Point>
        <coordinates>-110.8078778,39.6000205,0</coordinates>
      </Point>
    </Placemark>
    <Placemark>
      <name>Utah State University</name>
      <description><![CDATA[<b>Name:</b> USU Blanding<br><b>Address:</b> , <br><b>SSID:</b> eduroam<br><b>Enc:</b> WPA2+WPA<br><b>AP:</b> 130<br>]]></description>
      <Point>
        <coordinates>-109.4893471,37.6223195,0</coordinates>
      </Point>
    </Placemark>
    <Placemark>
      <name>Utah State University</name>
      <description><![CDATA[<b>Name:</b> USU Botanical Center<br><b>Address:</b> , <br><b>SSID:</b> eduroam<br><b>Enc:</b> WPA2+WPA<br><b>AP:</b> 19<br>]]></description>
      <Point>
        <coordinates>-111.9401624,41.01899,0</coordinates>
      </Point>
    </Placemark>
    <Placemark>
      <name>Utah State University</name>
      <description><![CDATA[<b>Name:</b> USU Brigham Main<br><b>Address:</b> , <br><b>SSID:</b> eduroam<br><b>Enc:</b> WPA2+WPA<br><b>AP:</b> 60<br>]]></description>
      <Point>
        <coordinates>-112.0145886,41.4900896,0</coordinates>
      </Point>
    </Placemark>
    <Placemark>
      <name>Utah State University</name>
      <description><![CDATA[<b>Name:</b> USU Brigham/Miller<br><b>Address:</b> , <br><b>SSID:</b> eduroam<br><b>Enc:</b> WPA2+WPA<br><b>AP:</b> 24<br>]]></description>
      <Point>
        <coordinates>-112.0188601,41.4856226,0</coordinates>
      </Point>
    </Placemark>
    <Placemark>
      <name>Utah State University</name>
      <description><![CDATA[<b>Name:</b> USU Eastern<br><b>Address:</b> , <br><b>SSID:</b> eduroam<br><b>Enc:</b> WPA2+WPA<br><b>AP:</b> 330<br>]]></description>
      <Point>
        <coordinates>-110.8039829,39.607914,0</coordinates>
      </Point>
    </Placemark>
    <Placemark>
      <name>Utah State University</name>
      <description><![CDATA[<b>Name:</b> USU Ephraim<br><b>Address:</b> , <br><b>SSID:</b> eduroam<br><b>Enc:</b> WPA2+WPA<br><b>AP:</b> 6<br>]]></description>
      <Point>
        <coordinates>-111.5942476,39.3606821,0</coordinates>
      </Point>
    </Placemark>
    <Placemark>
      <name>Utah State University</name>
      <description><![CDATA[<b>Name:</b> USU Moab<br><b>Address:</b> , <br><b>SSID:</b> eduroam<br><b>Enc:</b> WPA2+WPA<br><b>AP:</b> 14<br>]]></description>
      <Point>
        <coordinates>-109.5530111,38.5697466,0</coordinates>
      </Point>
    </Placemark>
    <Placemark>
      <name>Utah State University</name>
      <description><![CDATA[<b>Name:</b> USU Orem<br><b>Address:</b> , <br><b>SSID:</b> eduroam<br><b>Enc:</b> WPA2+WPA<br><b>AP:</b> 4<br>]]></description>
      <Point>
        <coordinates>-111.6783601,40.2635209,0</coordinates>
      </Point>
    </Placemark>
    <Placemark>
      <name>Utah State University</name>
      <description><![CDATA[<b>Name:</b> USU Park City/Swaner EcoCenter<br><b>Address:</b> , <br><b>SSID:</b> eduroam<br><b>Enc:</b> WPA2+WPA<br><b>AP:</b> 7<br>]]></description>
      <Point>
        <coordinates>-111.5377472,40.7217182,0</coordinates>
      </Point>
    </Placemark>
    <Placemark>
      <name>Utah State University</name>
      <description><![CDATA[<b>Name:</b> USU Roosevelt<br><b>Address:</b> , <br><b>SSID:</b> eduroam<br><b>Enc:</b> WPA2+WPA<br><b>AP:</b> 36<br>]]></description>
      <Point>
        <coordinates>-109.9788083,40.3002786,0</coordinates>
      </Point>
    </Placemark>
    <Placemark>
      <name>Utah State University</name>
      <description><![CDATA[<b>Name:</b> USU Salt Lake<br><b>Address:</b> , <br><b>SSID:</b> eduroam<br><b>Enc:</b> WPA2+WPA<br><b>AP:</b> 14<br>]]></description>
      <Point>
        <coordinates>-111.9174237,40.6749588,0</coordinates>
      </Point>
    </Placemark>
    <Placemark>
      <name>Utah State University</name>
      <description><![CDATA[<b>Name:</b> USU South Farm<br><b>Address:</b> , <br><b>SSID:</b> eduroam<br><b>Enc:</b> WPA2+WPA<br><b>AP:</b> 19<br>]]></description>
      <Point>
        <coordinates>-111.8920199,41.6653412,0</coordinates>
      </Point>
    </Placemark>
    <Placemark>
      <name>Utah State University</name>
      <description><![CDATA[<b>Name:</b> USU Tooele<br><b>Address:</b> , <br><b>SSID:</b> eduroam<br><b>Enc:</b> WPA2+WPA<br><b>AP:</b> 43<br>]]></description>
      <Point>
        <coordinates>-112.3247426,40.5300684,0</coordinates>
      </Point>
    </Placemark>
    <Placemark>
      <name>Utah State University</name>
      <description><![CDATA[<b>Name:</b> USU Tremonton<br><b>Address:</b> , <br><b>SSID:</b> eduroam<br><b>Enc:</b> WPA2+WPA<br><b>AP:</b> 6<br>]]></description>
      <Point>
        <coordinates>-112.1719172,41.71952,0</coordinates>
      </Point>
    </Placemark>
    <Placemark>
      <name>Utah State University</name>
      <description><![CDATA[<b>Name:</b> USU Vernal<br><b>Address:</b> , <br><b>SSID:</b> eduroam<br><b>Enc:</b> WPA2+WPA<br><b>AP:</b> 44<br>]]></description>
      <Point>
        <coordinates>-109.565842,40.46015,0</coordinates>
      </Point>
    </Placemark>
    <Placemark>
      <name>Utah Tech University</name>
      <description><![CDATA[<b>Name:</b> Utah Tech - Dixie (Main) Campus<br><b>Address:</b> , <br><b>SSID:</b> eduroam<br><b>Enc:</b> WPA2+WPA<br><b>AP:</b> 980<br>]]></description>
      <Point>
        <coordinates>-113.5648985,37.1058736,0</coordinates>
      </Point>
    </Placemark>
    <Placemark>
      <name>Utah Tech University</name>
      <description><![CDATA[<b>Name:</b> Utah Tech - Hurricane Center<br><b>Address:</b> , <br><b>SSID:</b> eduroam<br><b>Enc:</b> WPA2+WPA<br><b>AP:</b> 15<br>]]></description>
      <Point>
        <coordinates>-113.3006947,37.1745098,0</coordinates>
      </Point>
    </Placemark>
    <Placemark>
      <name>Utah Valley University</name>
      <description><![CDATA[<b>Name:</b> Main Campus<br><b>Address:</b> , <br><b>SSID:</b> eduroam<br><b>Enc:</b> WPA2+WPA<br><b>AP:</b> 1100<br>]]></description>
      <Point>
        <coordinates>-111.7181205,40.2795779,0</coordinates>
      </Point>
    </Placemark>
    <Placemark>
      <name>Wasatch County School District</name>
      <description><![CDATA[<b>Name:</b> Wasatch High School West Campus<br><b>Address:</b> , <br><b>SSID:</b> eduroam<br><b>Enc:</b> WPA2<br><b>AP:</b> 42<br>]]></description>
      <Point>
        <coordinates>-111.4108645,40.4975473,0</coordinates>
      </Point>
    </Placemark>
    <Placemark>
      <name>Wasatch County School District</name>
      <description><![CDATA[<b>Name:</b> Wasatch School District Office<br><b>Address:</b> , <br><b>SSID:</b> eduroam<br><b>Enc:</b> WPA2<br><b>AP:</b> 8<br>]]></description>
      <Point>
        <coordinates>-111.4110768,40.5106873,0</coordinates>
      </Point>
    </Placemark>
    <Placemark>
      <name>Washington County School District</name>
      <description><![CDATA[<b>Name:</b> Arrowhead Elementary<br><b>Address:</b> , <br><b>SSID:</b> eduroam<br><b>Enc:</b> WPA2<br><b>AP:</b> 19<br>]]></description>
      <Point>
        <coordinates>-113.6335015,37.118665,0</coordinates>
      </Point>
    </Placemark>
    <Placemark>
      <name>Washington County School District</name>
      <description><![CDATA[<b>Name:</b> Bloomington Elementary<br><b>Address:</b> , <br><b>SSID:</b> eduroam<br><b>Enc:</b> WPA2<br><b>AP:</b> 19<br>]]></description>
      <Point>
        <coordinates>-113.59285,37.0515723,0</coordinates>
      </Point>
    </Placemark>
    <Placemark>
      <name>Washington County School District</name>
      <description><![CDATA[<b>Name:</b> Bloomington Hills Elementary<br><b>Address:</b> , <br><b>SSID:</b> eduroam<br><b>Enc:</b> WPA2<br><b>AP:</b> 19<br>]]></description>
      <Point>
        <coordinates>-113.5646009,37.0549374,0</coordinates>
      </Point>
    </Placemark>
    <Placemark>
      <name>Washington County School District</name>
      <description><![CDATA[<b>Name:</b> Bloomington Hills Preschool<br><b>Address:</b> , <br><b>SSID:</b> eduroam<br><b>Enc:</b> WPA2<br><b>AP:</b> 1<br>]]></description>
      <Point>
        <coordinates>-113.563643,37.0537355,0</coordinates>
      </Point>
    </Placemark>
    <Placemark>
      <name>Washington County School District</name>
      <description><![CDATA[<b>Name:</b> Coral Canyon Elementary<br><b>Address:</b> , <br><b>SSID:</b> eduroam<br><b>Enc:</b> WPA2<br><b>AP:</b> 19<br>]]></description>
      <Point>
        <coordinates>-113.4521627,37.1623344,0</coordinates>
      </Point>
    </Placemark>
    <Placemark>
      <name>Washington County School District</name>
      <description><![CDATA[<b>Name:</b> Coral Cliffs Elementary<br><b>Address:</b> , <br><b>SSID:</b> eduroam<br><b>Enc:</b> WPA2<br><b>AP:</b> 9<br>]]></description>
      <Point>
        <coordinates>-113.6269623,37.1439244,0</coordinates>
      </Point>
    </Placemark>
    <Placemark>
      <name>Washington County School District</name>
      <description><![CDATA[<b>Name:</b> Coral Cliffs Professional Development Center<br><b>Address:</b> , <br><b>SSID:</b> eduroam<br><b>Enc:</b> WPA2<br><b>AP:</b> 13<br>]]></description>
      <Point>
        <coordinates>-113.6274529,37.1439296,0</coordinates>
      </Point>
    </Placemark>
    <Placemark>
      <name>Washington County School District</name>
      <description><![CDATA[<b>Name:</b> Crimson Cliffs High<br><b>Address:</b> , <br><b>SSID:</b> eduroam<br><b>Enc:</b> WPA2<br><b>AP:</b> 59<br>]]></description>
      <Point>
        <coordinates>-113.5085296,37.0710754,0</coordinates>
      </Point>
    </Placemark>
    <Placemark>
      <name>Washington County School District</name>
      <description><![CDATA[<b>Name:</b> Crimson Cliffs Middle<br><b>Address:</b> , <br><b>SSID:</b> eduroam<br><b>Enc:</b> WPA2<br><b>AP:</b> 35<br>]]></description>
      <Point>
        <coordinates>-113.5070162,37.0739983,0</coordinates>
      </Point>
    </Placemark>
    <Placemark>
      <name>Washington County School District</name>
      <description><![CDATA[<b>Name:</b> Crimson View Elementary<br><b>Address:</b> , <br><b>SSID:</b> eduroam<br><b>Enc:</b> WPA2<br><b>AP:</b> 21<br>]]></description>
      <Point>
        <coordinates>-113.525627,37.0750187,0</coordinates>
      </Point>
    </Placemark>
    <Placemark>
      <name>Washington County School District</name>
      <description><![CDATA[<b>Name:</b> Desert Canyons Elementary<br><b>Address:</b> , <br><b>SSID:</b> eduroam<br><b>Enc:</b> WPA2<br><b>AP:</b> 21<br>]]></description>
      <Point>
        <coordinates>-113.5171618,37.0003826,0</coordinates>
      </Point>
    </Placemark>
    <Placemark>
      <name>Washington County School District</name>
      <description><![CDATA[<b>Name:</b> Desert Hills High<br><b>Address:</b> , <br><b>SSID:</b> eduroam<br><b>Enc:</b> WPA2<br><b>AP:</b> 52<br>]]></description>
      <Point>
        <coordinates>-113.5670899,37.0507187,0</coordinates>
      </Point>
    </Placemark>
    <Placemark>
      <name>Washington County School District</name>
      <description><![CDATA[<b>Name:</b> Desert Hills Middle<br><b>Address:</b> , <br><b>SSID:</b> eduroam<br><b>Enc:</b> WPA2<br><b>AP:</b> 32<br>]]></description>
      <Point>
        <coordinates>-113.5635495,37.0508788,0</coordinates>
      </Point>
    </Placemark>
    <Placemark>
      <name>Washington County School District</name>
      <description><![CDATA[<b>Name:</b> Diamond Valley Elementary<br><b>Address:</b> , <br><b>SSID:</b> eduroam<br><b>Enc:</b> WPA2<br><b>AP:</b> 13<br>]]></description>
      <Point>
        <coordinates>-113.6147318,37.2493021,0</coordinates>
      </Point>
    </Placemark>
    <Placemark>
      <name>Washington County School District</name>
      <description><![CDATA[<b>Name:</b> District Office<br><b>Address:</b> , <br><b>SSID:</b> eduroam<br><b>Enc:</b> WPA2<br><b>AP:</b> 5<br>]]></description>
      <Point>
        <coordinates>-113.5860103,37.1078549,0</coordinates>
      </Point>
    </Placemark>
    <Placemark>
      <name>Washington County School District</name>
      <description><![CDATA[<b>Name:</b> Dixie High<br><b>Address:</b> , <br><b>SSID:</b> eduroam<br><b>Enc:</b> WPA2<br><b>AP:</b> 45<br>]]></description>
      <Point>
        <coordinates>-113.5776043,37.0959223,0</coordinates>
      </Point>
    </Placemark>
    <Placemark>
      <name>Washington County School District</name>
      <description><![CDATA[<b>Name:</b> Dixie Middle<br><b>Address:</b> , <br><b>SSID:</b> eduroam<br><b>Enc:</b> WPA2<br><b>AP:</b> 33<br>]]></description>
      <Point>
        <coordinates>-113.5804937,37.092429,0</coordinates>
      </Point>
    </Placemark>
    <Placemark>
      <name>Washington County School District</name>
      <description><![CDATA[<b>Name:</b> Enterprise Elementary<br><b>Address:</b> , <br><b>SSID:</b> eduroam<br><b>Enc:</b> WPA2<br><b>AP:</b> 17<br>]]></description>
      <Point>
        <coordinates>-113.7198687,37.570059,0</coordinates>
      </Point>
    </Placemark>
    <Placemark>
      <name>Washington County School District</name>
      <description><![CDATA[<b>Name:</b> Enterprise High<br><b>Address:</b> , <br><b>SSID:</b> eduroam<br><b>Enc:</b> WPA2<br><b>AP:</b> 26<br>]]></description>
      <Point>
        <coordinates>-113.7157059,37.5648545,0</coordinates>
      </Point>
    </Placemark>
    <Placemark>
      <name>Washington County School District</name>
      <description><![CDATA[<b>Name:</b> Facilities and Maintenance<br><b>Address:</b> , <br><b>SSID:</b> eduroam<br><b>Enc:</b> WPA2<br><b>AP:</b> 3<br>]]></description>
      <Point>
        <coordinates>-113.5665558,37.0559017,0</coordinates>
      </Point>
    </Placemark>
    <Placemark>
      <name>Washington County School District</name>
      <description><![CDATA[<b>Name:</b> Fossil Ridge Intermediate<br><b>Address:</b> , <br><b>SSID:</b> eduroam<br><b>Enc:</b> WPA2<br><b>AP:</b> 38<br>]]></description>
      <Point>
        <coordinates>-113.537457,37.1022204,0</coordinates>
      </Point>
    </Placemark>
    <Placemark>
      <name>Washington County School District</name>
      <description><![CDATA[<b>Name:</b> Heritage Elementary<br><b>Address:</b> , <br><b>SSID:</b> eduroam<br><b>Enc:</b> WPA2<br><b>AP:</b> 19<br>]]></description>
      <Point>
        <coordinates>-113.567605,37.0876723,0</coordinates>
      </Point>
    </Placemark>
    <Placemark>
      <name>Washington County School District</name>
      <description><![CDATA[<b>Name:</b> Horizon Elementary<br><b>Address:</b> , <br><b>SSID:</b> eduroam<br><b>Enc:</b> WPA2<br><b>AP:</b> 19<br>]]></description>
      <Point>
        <coordinates>-113.4902716,37.1042377,0</coordinates>
      </Point>
    </Placemark>
    <Placemark>
      <name>Washington County School District</name>
      <description><![CDATA[<b>Name:</b> Hurricane Elementary<br><b>Address:</b> , <br><b>SSID:</b> eduroam<br><b>Enc:</b> WPA2<br><b>AP:</b> 22<br>]]></description>
      <Point>
        <coordinates>-113.3055854,37.1822279,0</coordinates>
      </Point>
    </Placemark>
    <Placemark>
      <name>Washington County School District</name>
      <description><![CDATA[<b>Name:</b> Hurricane High<br><b>Address:</b> , <br><b>SSID:</b> eduroam<br><b>Enc:</b> WPA2<br><b>AP:</b> 49<br>]]></description>
      <Point>
        <coordinates>-113.2957363,37.1751243,0</coordinates>
      </Point>
    </Placemark>
    <Placemark>
      <name>Washington County School District</name>
      <description><![CDATA[<b>Name:</b> Hurricane Intermediate<br><b>Address:</b> , <br><b>SSID:</b> eduroam<br><b>Enc:</b> WPA2<br><b>AP:</b> 38<br>]]></description>
      <Point>
        <coordinates>-113.2995129,37.1547073,0</coordinates>
      </Point>
    </Placemark>
    <Placemark>
      <name>Washington County School District</name>
      <description><![CDATA[<b>Name:</b> Hurricane Middle<br><b>Address:</b> , <br><b>SSID:</b> eduroam<br><b>Enc:</b> WPA2<br><b>AP:</b> 31<br>]]></description>
      <Point>
        <coordinates>-113.2939768,37.1831083,0</coordinates>
      </Point>
    </Placemark>
    <Placemark>
      <name>Washington County School District</name>
      <description><![CDATA[<b>Name:</b> Hurricane Preschool<br><b>Address:</b> , <br><b>SSID:</b> eduroam<br><b>Enc:</b> WPA2<br><b>AP:</b> 1<br>]]></description>
      <Point>
        <coordinates>-113.3042106,37.1820014,0</coordinates>
      </Point>
    </Placemark>
    <Placemark>
      <name>Washington County School District</name>
      <description><![CDATA[<b>Name:</b> Lava Ridge Intermediate<br><b>Address:</b> , <br><b>SSID:</b> eduroam<br><b>Enc:</b> WPA2<br><b>AP:</b> 33<br>]]></description>
      <Point>
        <coordinates>-113.6619115,37.1510816,0</coordinates>
      </Point>
    </Placemark>
    <Placemark>
      <name>Washington County School District</name>
      <description><![CDATA[<b>Name:</b> LaVerkin Elementary<br><b>Address:</b> , <br><b>SSID:</b> eduroam<br><b>Enc:</b> WPA2<br><b>AP:</b> 19<br>]]></description>
      <Point>
        <coordinates>-113.2708883,37.2008342,0</coordinates>
      </Point>
    </Placemark>
    <Placemark>
      <name>Washington County School District</name>
      <description><![CDATA[<b>Name:</b> Legacy Elementary<br><b>Address:</b> , <br><b>SSID:</b> eduroam<br><b>Enc:</b> WPA2<br><b>AP:</b> 22<br>]]></description>
      <Point>
        <coordinates>-113.5775077,37.1061394,0</coordinates>
      </Point>
    </Placemark>
    <Placemark>
      <name>Washington County School District</name>
      <description><![CDATA[<b>Name:</b> Little Valley Elementary<br><b>Address:</b> , <br><b>SSID:</b> eduroam<br><b>Enc:</b> WPA2<br><b>AP:</b> 23<br>]]></description>
      <Point>
        <coordinates>-113.5359335,37.0527454,0</coordinates>
      </Point>
    </Placemark>
    <Placemark>
      <name>Washington County School District</name>
      <description><![CDATA[<b>Name:</b> Majestic Fields Elementary<br><b>Address:</b> , <br><b>SSID:</b> eduroam<br><b>Enc:</b> WPA2<br><b>AP:</b> 23<br>]]></description>
      <Point>
        <coordinates>-113.4981167,37.0897547,0</coordinates>
      </Point>
    </Placemark>
    <Placemark>
      <name>Washington County School District</name>
      <description><![CDATA[<b>Name:</b> Millcreek High<br><b>Address:</b> , <br><b>SSID:</b> eduroam<br><b>Enc:</b> WPA2<br><b>AP:</b> 14<br>]]></description>
      <Point>
        <coordinates>-113.5318995,37.1025969,0</coordinates>
      </Point>
    </Placemark>
    <Placemark>
      <name>Washington County School District</name>
      <description><![CDATA[<b>Name:</b> Panorama Elementary<br><b>Address:</b> , <br><b>SSID:</b> eduroam<br><b>Enc:</b> WPA2<br><b>AP:</b> 19<br>]]></description>
      <Point>
        <coordinates>-113.5376072,37.1135318,0</coordinates>
      </Point>
    </Placemark>
    <Placemark>
      <name>Washington County School District</name>
      <description><![CDATA[<b>Name:</b> Paradise Canyon Elementary<br><b>Address:</b> , <br><b>SSID:</b> eduroam<br><b>Enc:</b> WPA2<br><b>AP:</b> 22<br>]]></description>
      <Point>
        <coordinates>-113.6215925,37.1288448,0</coordinates>
      </Point>
    </Placemark>
    <Placemark>
      <name>Washington County School District</name>
      <description><![CDATA[<b>Name:</b> Pine View High<br><b>Address:</b> , <br><b>SSID:</b> eduroam<br><b>Enc:</b> WPA2<br><b>AP:</b> 47<br>]]></description>
      <Point>
        <coordinates>-113.5257626,37.1196402,0</coordinates>
      </Point>
    </Placemark>
    <Placemark>
      <name>Washington County School District</name>
      <description><![CDATA[<b>Name:</b> Pine View Middle<br><b>Address:</b> , <br><b>SSID:</b> eduroam<br><b>Enc:</b> WPA2<br><b>AP:</b> 31<br>]]></description>
      <Point>
        <coordinates>-113.5375857,37.1112046,0</coordinates>
      </Point>
    </Placemark>
    <Placemark>
      <name>Washington County School District</name>
      <description><![CDATA[<b>Name:</b> Post High<br><b>Address:</b> , <br><b>SSID:</b> eduroam<br><b>Enc:</b> WPA2<br><b>AP:</b> 3<br>]]></description>
      <Point>
        <coordinates>-113.5816298,37.0931489,0</coordinates>
      </Point>
    </Placemark>
    <Placemark>
      <name>Washington County School District</name>
      <description><![CDATA[<b>Name:</b> Red Mountain Elementary<br><b>Address:</b> , <br><b>SSID:</b> eduroam<br><b>Enc:</b> WPA2<br><b>AP:</b> 17<br>]]></description>
      <Point>
        <coordinates>-113.6734772,37.1655834,0</coordinates>
      </Point>
    </Placemark>
    <Placemark>
      <name>Washington County School District</name>
      <description><![CDATA[<b>Name:</b> Riverside Elementary<br><b>Address:</b> , <br><b>SSID:</b> eduroam<br><b>Enc:</b> WPA2<br><b>AP:</b> 24<br>]]></description>
      <Point>
        <coordinates>-113.5190678,37.0968465,0</coordinates>
      </Point>
    </Placemark>
    <Placemark>
      <name>Washington County School District</name>
      <description><![CDATA[<b>Name:</b> Riverside Preschool<br><b>Address:</b> , <br><b>SSID:</b> eduroam<br><b>Enc:</b> WPA2<br><b>AP:</b> 1<br>]]></description>
      <Point>
        <coordinates>-113.5187012,37.0979889,0</coordinates>
      </Point>
    </Placemark>
    <Placemark>
      <name>Washington County School District</name>
      <description><![CDATA[<b>Name:</b> Sandstone Elementary<br><b>Address:</b> , <br><b>SSID:</b> eduroam<br><b>Enc:</b> WPA2<br><b>AP:</b> 23<br>]]></description>
      <Point>
        <coordinates>-113.53073,37.122335,0</coordinates>
      </Point>
    </Placemark>
    <Placemark>
      <name>Washington County School District</name>
      <description><![CDATA[<b>Name:</b> Santa Clara Elementary<br><b>Address:</b> , <br><b>SSID:</b> eduroam<br><b>Enc:</b> WPA2<br><b>AP:</b> 19<br>]]></description>
      <Point>
        <coordinates>-113.6523628,37.1369876,0</coordinates>
      </Point>
    </Placemark>
    <Placemark>
      <name>Washington County School District</name>
      <description><![CDATA[<b>Name:</b> Snow Canyon High<br><b>Address:</b> , <br><b>SSID:</b> eduroam<br><b>Enc:</b> WPA2<br><b>AP:</b> 48<br>]]></description>
      <Point>
        <coordinates>-113.6351109,37.1321978,0</coordinates>
      </Point>
    </Placemark>
    <Placemark>
      <name>Washington County School District</name>
      <description><![CDATA[<b>Name:</b> Snow Canyon Middle<br><b>Address:</b> , <br><b>SSID:</b> eduroam<br><b>Enc:</b> WPA2<br><b>AP:</b> 24<br>]]></description>
      <Point>
        <coordinates>-113.6353147,37.128956,0</coordinates>
      </Point>
    </Placemark>
    <Placemark>
      <name>Washington County School District</name>
      <description><![CDATA[<b>Name:</b> Snow Canyon Preschool<br><b>Address:</b> , <br><b>SSID:</b> eduroam<br><b>Enc:</b> WPA2<br><b>AP:</b> 1<br>]]></description>
      <Point>
        <coordinates>-113.6347427,37.1341389,0</coordinates>
      </Point>
    </Placemark>
    <Placemark>
      <name>Washington County School District</name>
      <description><![CDATA[<b>Name:</b> South Mesa Elementary<br><b>Address:</b> , <br><b>SSID:</b> eduroam<br><b>Enc:</b> WPA2<br><b>AP:</b> 21<br>]]></description>
      <Point>
        <coordinates>-113.5148246,37.0584735,0</coordinates>
      </Point>
    </Placemark>
    <Placemark>
      <name>Washington County School District</name>
      <description><![CDATA[<b>Name:</b> Southwest High<br><b>Address:</b> , <br><b>SSID:</b> eduroam<br><b>Enc:</b> WPA2<br><b>AP:</b> 3<br>]]></description>
      <Point>
        <coordinates>-113.5900084,37.1078858,0</coordinates>
      </Point>
    </Placemark>
    <Placemark>
      <name>Washington County School District</name>
      <description><![CDATA[<b>Name:</b> Springdale Elementary<br><b>Address:</b> , <br><b>SSID:</b> eduroam<br><b>Enc:</b> WPA2<br><b>AP:</b> 5<br>]]></description>
      <Point>
        <coordinates>-112.9992718,37.1892069,0</coordinates>
      </Point>
    </Placemark>
    <Placemark>
      <name>Washington County School District</name>
      <description><![CDATA[<b>Name:</b> Sunrise Ridge Intermediate<br><b>Address:</b> , <br><b>SSID:</b> eduroam<br><b>Enc:</b> WPA2<br><b>AP:</b> 38<br>]]></description>
      <Point>
        <coordinates>-113.5335302,37.0548346,0</coordinates>
      </Point>
    </Placemark>
    <Placemark>
      <name>Washington County School District</name>
      <description><![CDATA[<b>Name:</b> Sunset Elementary<br><b>Address:</b> , <br><b>SSID:</b> eduroam<br><b>Enc:</b> WPA2<br><b>AP:</b> 20<br>]]></description>
      <Point>
        <coordinates>-113.6154985,37.1166973,0</coordinates>
      </Point>
    </Placemark>
    <Placemark>
      <name>Washington County School District</name>
      <description><![CDATA[<b>Name:</b> Technology<br><b>Address:</b> , <br><b>SSID:</b> eduroam<br><b>Enc:</b> WPA2<br><b>AP:</b> 3<br>]]></description>
      <Point>
        <coordinates>-113.5816406,37.0922212,0</coordinates>
      </Point>
    </Placemark>
    <Placemark>
      <name>Washington County School District</name>
      <description><![CDATA[<b>Name:</b> Three Falls Elementary<br><b>Address:</b> , <br><b>SSID:</b> eduroam<br><b>Enc:</b> WPA2<br><b>AP:</b> 19<br>]]></description>
      <Point>
        <coordinates>-113.2996845,37.1653782,0</coordinates>
      </Point>
    </Placemark>
    <Placemark>
      <name>Washington County School District</name>
      <description><![CDATA[<b>Name:</b> Tonaquint Intermediate<br><b>Address:</b> , <br><b>SSID:</b> eduroam<br><b>Enc:</b> WPA2<br><b>AP:</b> 38<br>]]></description>
      <Point>
        <coordinates>-113.6095333,37.0735323,0</coordinates>
      </Point>
    </Placemark>
    <Placemark>
      <name>Washington County School District</name>
      <description><![CDATA[<b>Name:</b> Transportation<br><b>Address:</b> , <br><b>SSID:</b> eduroam<br><b>Enc:</b> WPA2<br><b>AP:</b> 2<br>]]></description>
      <Point>
        <coordinates>-113.5646381,37.0569391,0</coordinates>
      </Point>
    </Placemark>
    <Placemark>
      <name>Washington County School District</name>
      <description><![CDATA[<b>Name:</b> Warehouse<br><b>Address:</b> , <br><b>SSID:</b> eduroam<br><b>Enc:</b> WPA2<br><b>AP:</b> 2<br>]]></description>
      <Point>
        <coordinates>-113.5665451,37.0569805,0</coordinates>
      </Point>
    </Placemark>
    <Placemark>
      <name>Washington County School District</name>
      <description><![CDATA[<b>Name:</b> Washington Elementary<br><b>Address:</b> , <br><b>SSID:</b> eduroam<br><b>Enc:</b> WPA2<br><b>AP:</b> 20<br>]]></description>
      <Point>
        <coordinates>-113.5038972,37.1357389,0</coordinates>
      </Point>
    </Placemark>
    <Placemark>
      <name>Washington County School District</name>
      <description><![CDATA[<b>Name:</b> Washington Fields Intermediate<br><b>Address:</b> , <br><b>SSID:</b> eduroam<br><b>Enc:</b> WPA2<br><b>AP:</b> 38<br>]]></description>
      <Point>
        <coordinates>-113.5146102,37.0900171,0</coordinates>
      </Point>
    </Placemark>
    <Placemark>
      <name>Washington County School District</name>
      <description><![CDATA[<b>Name:</b> Water Canyon Elementary<br><b>Address:</b> , <br><b>SSID:</b> eduroam<br><b>Enc:</b> WPA2<br><b>AP:</b> 12<br>]]></description>
      <Point>
        <coordinates>-112.9679757,37.0059478,0</coordinates>
      </Point>
    </Placemark>
    <Placemark>
      <name>Washington County School District</name>
      <description><![CDATA[<b>Name:</b> Water Canyon High<br><b>Address:</b> , <br><b>SSID:</b> eduroam<br><b>Enc:</b> WPA2<br><b>AP:</b> 17<br>]]></description>
      <Point>
        <coordinates>-112.9682493,37.0049517,0</coordinates>
      </Point>
    </Placemark>
    <Placemark>
      <name>Washington County School District</name>
      <description><![CDATA[<b>Name:</b> Woodward<br><b>Address:</b> , <br><b>SSID:</b> eduroam<br><b>Enc:</b> WPA2<br><b>AP:</b> 4<br>]]></description>
      <Point>
        <coordinates>-113.5850158,37.1078631,0</coordinates>
      </Point>
    </Placemark>
    <Placemark>
      <name>Weber County Library</name>
      <description><![CDATA[<b>Name:</b> Main Library<br><b>Address:</b> , <br><b>SSID:</b> eduroam<br><b>Enc:</b> WPA2<br><b>AP:</b> 21<br>]]></description>
      <Point>
        <coordinates>-111.9644594,41.2210994,0</coordinates>
      </Point>
    </Placemark>
    <Placemark>
      <name>Weber County Library</name>
      <description><![CDATA[<b>Name:</b> North Branch<br><b>Address:</b> , <br><b>SSID:</b> eduroam<br><b>Enc:</b> WPA2<br><b>AP:</b> 4<br>]]></description>
      <Point>
        <coordinates>-111.9658968,41.3053453,0</coordinates>
      </Point>
    </Placemark>
    <Placemark>
      <name>Weber County Library</name>
      <description><![CDATA[<b>Name:</b> Ogden Valley Branch<br><b>Address:</b> , <br><b>SSID:</b> eduroam<br><b>Enc:</b> WPA2<br><b>AP:</b> 6<br>]]></description>
      <Point>
        <coordinates>-111.7706292,41.2619773,0</coordinates>
      </Point>
    </Placemark>
    <Placemark>
      <name>Weber County Library</name>
      <description><![CDATA[<b>Name:</b> Pleasant Valley Branch<br><b>Address:</b> , <br><b>SSID:</b> eduroam<br><b>Enc:</b> WPA2<br><b>AP:</b> 4<br>]]></description>
      <Point>
        <coordinates>-111.9679678,41.1625478,0</coordinates>
      </Point>
    </Placemark>
    <Placemark>
      <name>Weber County Library</name>
      <description><![CDATA[<b>Name:</b> Southwest Branch<br><b>Address:</b> , <br><b>SSID:</b> eduroam<br><b>Enc:</b> WPA2<br><b>AP:</b> 16<br>]]></description>
      <Point>
        <coordinates>-112.0297122,41.189603,0</coordinates>
      </Point>
    </Placemark>
    <Placemark>
      <name>Weber School District</name>
      <description><![CDATA[<b>Name:</b> Bonneville High School<br><b>Address:</b> , <br><b>SSID:</b> eduroam<br><b>Enc:</b> WPA2+WPA<br><b>AP:</b> 80<br>]]></description>
      <Point>
        <coordinates>-111.975419,41.175162,0</coordinates>
      </Point>
    </Placemark>
    <Placemark>
      <name>Weber School District</name>
      <description><![CDATA[<b>Name:</b> Canyon View School<br><b>Address:</b> , <br><b>SSID:</b> eduroam<br><b>Enc:</b> WPA2+WPA<br><b>AP:</b> 20<br>]]></description>
      <Point>
        <coordinates>-111.9619128,41.2454932,0</coordinates>
      </Point>
    </Placemark>
    <Placemark>
      <name>Weber School District</name>
      <description><![CDATA[<b>Name:</b> District Office<br><b>Address:</b> , <br><b>SSID:</b> eduroam<br><b>Enc:</b> WPA2+WPA<br><b>AP:</b> 10<br>]]></description>
      <Point>
        <coordinates>-111.9680287,41.1670839,0</coordinates>
      </Point>
    </Placemark>
    <Placemark>
      <name>Weber School District</name>
      <description><![CDATA[<b>Name:</b> Fremont High School<br><b>Address:</b> , <br><b>SSID:</b> eduroam<br><b>Enc:</b> WPA2+WPA<br><b>AP:</b> 80<br>]]></description>
      <Point>
        <coordinates>-112.0905874,41.2924056,0</coordinates>
      </Point>
    </Placemark>
    <Placemark>
      <name>Weber School District</name>
      <description><![CDATA[<b>Name:</b> North Ogden Jr High<br><b>Address:</b> , <br><b>SSID:</b> eduroam<br><b>Enc:</b> WPA2+WPA<br><b>AP:</b> 40<br>]]></description>
      <Point>
        <coordinates>-111.9609367,41.3154188,0</coordinates>
      </Point>
    </Placemark>
    <Placemark>
      <name>Weber School District</name>
      <description><![CDATA[<b>Name:</b> Orion Jr High<br><b>Address:</b> , <br><b>SSID:</b> eduroam<br><b>Enc:</b> WPA2+WPA<br><b>AP:</b> 40<br>]]></description>
      <Point>
        <coordinates>-111.9874914,41.2971072,0</coordinates>
      </Point>
    </Placemark>
    <Placemark>
      <name>Weber School District</name>
      <description><![CDATA[<b>Name:</b> Rocky Mountain Jr High<br><b>Address:</b> , <br><b>SSID:</b> eduroam<br><b>Enc:</b> WPA2+WPA<br><b>AP:</b> 40<br>]]></description>
      <Point>
        <coordinates>-112.085592,41.1771767,0</coordinates>
      </Point>
    </Placemark>
    <Placemark>
      <name>Weber School District</name>
      <description><![CDATA[<b>Name:</b> Roy High School<br><b>Address:</b> , <br><b>SSID:</b> eduroam<br><b>Enc:</b> WPA2+WPA<br><b>AP:</b> 80<br>]]></description>
      <Point>
        <coordinates>-112.0326531,41.1768897,0</coordinates>
      </Point>
    </Placemark>
    <Placemark>
      <name>Weber School District</name>
      <description><![CDATA[<b>Name:</b> Roy Jr High<br><b>Address:</b> , <br><b>SSID:</b> eduroam<br><b>Enc:</b> WPA2+WPA<br><b>AP:</b> 40<br>]]></description>
      <Point>
        <coordinates>-112.0315825,41.1661123,0</coordinates>
      </Point>
    </Placemark>
    <Placemark>
      <name>Weber School District</name>
      <description><![CDATA[<b>Name:</b> Sand Ridge Jr High<br><b>Address:</b> , <br><b>SSID:</b> eduroam<br><b>Enc:</b> WPA2+WPA<br><b>AP:</b> 40<br>]]></description>
      <Point>
        <coordinates>-112.0323193,41.1802125,0</coordinates>
      </Point>
    </Placemark>
    <Placemark>
      <name>Weber School District</name>
      <description><![CDATA[<b>Name:</b> Snowcrest Jr High<br><b>Address:</b> , <br><b>SSID:</b> eduroam<br><b>Enc:</b> WPA2+WPA<br><b>AP:</b> 25<br>]]></description>
      <Point>
        <coordinates>-111.8321638,41.3077899,0</coordinates>
      </Point>
    </Placemark>
    <Placemark>
      <name>Weber School District</name>
      <description><![CDATA[<b>Name:</b> South Ogden Jr High<br><b>Address:</b> , <br><b>SSID:</b> eduroam<br><b>Enc:</b> WPA2+WPA<br><b>AP:</b> 40<br>]]></description>
      <Point>
        <coordinates>-111.9626784,41.1600623,0</coordinates>
      </Point>
    </Placemark>
    <Placemark>
      <name>Weber School District</name>
      <description><![CDATA[<b>Name:</b> Technical Services<br><b>Address:</b> , <br><b>SSID:</b> eduroam<br><b>Enc:</b> WPA2+WPA<br><b>AP:</b> 4<br>]]></description>
      <Point>
        <coordinates>-112.0003614,41.2621307,0</coordinates>
      </Point>
    </Placemark>
    <Placemark>
      <name>Weber School District</name>
      <description><![CDATA[<b>Name:</b> TH Bell Jr High<br><b>Address:</b> , <br><b>SSID:</b> eduroam<br><b>Enc:</b> WPA2+WPA<br><b>AP:</b> 30<br>]]></description>
      <Point>
        <coordinates>-111.9806232,41.1700576,0</coordinates>
      </Point>
    </Placemark>
    <Placemark>
      <name>Weber School District</name>
      <description><![CDATA[<b>Name:</b> Two Rivers High School<br><b>Address:</b> , <br><b>SSID:</b> eduroam<br><b>Enc:</b> WPA2+WPA<br><b>AP:</b> 30<br>]]></description>
      <Point>
        <coordinates>-112.0018054,41.2441264,0</coordinates>
      </Point>
    </Placemark>
    <Placemark>
      <name>Weber School District</name>
      <description><![CDATA[<b>Name:</b> Wahlquist Jr High<br><b>Address:</b> , <br><b>SSID:</b> eduroam<br><b>Enc:</b> WPA2+WPA<br><b>AP:</b> 50<br>]]></description>
      <Point>
        <coordinates>-112.0378834,41.3045362,0</coordinates>
      </Point>
    </Placemark>
    <Placemark>
      <name>Weber School District</name>
      <description><![CDATA[<b>Name:</b> Weber High School<br><b>Address:</b> , <br><b>SSID:</b> eduroam<br><b>Enc:</b> WPA2+WPA<br><b>AP:</b> 80<br>]]></description>
      <Point>
        <coordinates>-111.9848757,41.3233191,0</coordinates>
      </Point>
    </Placemark>
    <Placemark>
      <name>Weber School District</name>
      <description><![CDATA[<b>Name:</b> Weber Innovation Center<br><b>Address:</b> , <br><b>SSID:</b> eduroam<br><b>Enc:</b> WPA2+WPA<br><b>AP:</b> 40<br>]]></description>
      <Point>
        <coordinates>-112.0041427,41.24374,0</coordinates>
      </Point>
    </Placemark>
    <Placemark>
      <name>Weber State University</name>
      <description><![CDATA[<b>Name:</b> Weber State University - Community Education Center<br><b>Address:</b> , <br><b>SSID:</b> eduroam<br><b>Enc:</b> WPA2<br><b>AP:</b> 20<br>]]></description>
      <Point>
        <coordinates>-111.9598665,41.218103,0</coordinates>
      </Point>
    </Placemark>
    <Placemark>
      <name>Weber State University</name>
      <description><![CDATA[<b>Name:</b> Weber State University - Davis Campus<br><b>Address:</b> , <br><b>SSID:</b> eduroam<br><b>Enc:</b> WPA2<br><b>AP:</b> 300<br>]]></description>
      <Point>
        <coordinates>-111.9822537,41.0994261,0</coordinates>
      </Point>
    </Placemark>
    <Placemark>
      <name>Weber State University</name>
      <description><![CDATA[<b>Name:</b> Weber State University - Farmington Station<br><b>Address:</b> , <br><b>SSID:</b> eduroam<br><b>Enc:</b> WPA2<br><b>AP:</b> 20<br>]]></description>
      <Point>
        <coordinates>-111.9064581,40.9844865,0</coordinates>
      </Point>
    </Placemark>
    <Placemark>
      <name>Weber State University</name>
      <description><![CDATA[<b>Name:</b> Weber State University - Ogden Campus<br><b>Address:</b> , <br><b>SSID:</b> eduroam<br><b>Enc:</b> WPA2<br><b>AP:</b> 1500<br>]]></description>
      <Point>
        <coordinates>-111.9437446,41.193039,0</coordinates>
      </Point>
    </Placemark>
    <Placemark>
      <name>Weber State University</name>
      <description><![CDATA[<b>Name:</b> Weber State University - West Center<br><b>Address:</b> , <br><b>SSID:</b> eduroam<br><b>Enc:</b> WPA2<br><b>AP:</b> 10<br>]]></description>
      <Point>
        <coordinates>-112.0652762,41.1606545,0</coordinates>
      </Point>
    </Placemark>
    <Placemark>
      <name>Weber State University</name>
      <description><![CDATA[<b>Name:</b> Weber State University - WSU Downtown<br><b>Address:</b> , <br><b>SSID:</b> eduroam<br><b>Enc:</b> WPA2<br><b>AP:</b> 20<br>]]></description>
      <Point>
        <coordinates>-111.9699254,41.2244214,0</coordinates>
      </Point>
    </Placemark>
    <Placemark>
      <name>Weber State University</name>
      <description><![CDATA[<b>Name:</b> Weber State University at the United Way of Northern Utah Building<br><b>Address:</b> , <br><b>SSID:</b> eduroam<br><b>Enc:</b> WPA2<br><b>AP:</b> 1<br>]]></description>
      <Point>
        <coordinates>-111.9488355,41.2107122,0</coordinates>
      </Point>
    </Placemark>
    <Placemark>
      <name>Weilenmann School of Discovery</name>
      <description><![CDATA[<b>Name:</b> Weilenmann<br><b>Address:</b> , <br><b>SSID:</b> eduroam<br><b>Enc:</b> WPA2 + WPA3<br><b>AP:</b> 24<br>]]></description>
      <Point>
        <coordinates>-111.5921981,40.7519464,0</coordinates>
      </Point>
    </Placemark>
    <Placemark>
      <name>Westminster University</name>
      <description><![CDATA[<b>Name:</b> Westminster University Campus<br><b>Address:</b> , <br><b>SSID:</b> eduroam<br><b>Enc:</b> WPA2+WPA<br><b>AP:</b> -<br>]]></description>
      <Point>
        <coordinates>-111.8538797,40.7312712,0</coordinates>
      </Point>
    </Placemark>
  </Document>
</kml>
