<?xml version="1.0" encoding="UTF-8"?>
<kml xmlns="http://www.opengis.net/kml/2.2">
  <Document>
    <name>eduroam — Michigan</name>
    <description><![CDATA[515 eduroam service locations in Michigan.<br><br>Published by <a href="https://scs.nevada.edu/eduroam">NSHE System Computing Services</a>. Learn more about eduroam Support Organizations from <a href="https://incommon.org/eduroam">Internet2</a>, the eduroam National Roaming Operator for the United States.<br>These maps are derived from data published by GÉANT (<a href="https://monitor.eduroam.org/kml/us.kml">monitor.eduroam.org</a>). This is not an official GÉANT or eduroam publication.<br>eduroam is a registered trademark of the GÉANT Association.<br>Region boundaries are derived from US Census Bureau cartographic boundary files, which as works of the US federal government are in the public domain.<br>Maps generated by eduroam-us-regional-maps, which is BSD 3-Clause licensed.]]></description>
    <open>1</open>
    <Placemark>
      <name>Ann Arbor District Library</name>
      <description><![CDATA[<b>Name:</b> Ann Arbor District Library - Downtown Branch<br><b>Address:</b> , <br><b>SSID:</b> eduroam<br><b>Enc:</b> WPA2<br><b>AP:</b> 10<br>]]></description>
      <Point>
        <coordinates>-83.7458934,42.2781739,0</coordinates>
      </Point>
    </Placemark>
    <Placemark>
      <name>Ann Arbor District Library</name>
      <description><![CDATA[<b>Name:</b> Ann Arbor District Library - Malletts Creek Branch<br><b>Address:</b> , <br><b>SSID:</b> eduroam<br><b>Enc:</b> WPA2<br><b>AP:</b> 5<br>]]></description>
      <Point>
        <coordinates>-83.7179295,42.2436678,0</coordinates>
      </Point>
    </Placemark>
    <Placemark>
      <name>Ann Arbor District Library</name>
      <description><![CDATA[<b>Name:</b> Ann Arbor District Library - Parkland Plaza<br><b>Address:</b> , <br><b>SSID:</b> eduroam<br><b>Enc:</b> WPA2<br><b>AP:</b> 5<br>]]></description>
      <Point>
        <coordinates>-83.8106866,42.2808191,0</coordinates>
      </Point>
    </Placemark>
    <Placemark>
      <name>Ann Arbor District Library</name>
      <description><![CDATA[<b>Name:</b> Ann Arbor District Library - Pittsfield Branch<br><b>Address:</b> , <br><b>SSID:</b> eduroam<br><b>Enc:</b> WPA2<br><b>AP:</b> 5<br>]]></description>
      <Point>
        <coordinates>-83.7779609,42.2525775,0</coordinates>
      </Point>
    </Placemark>
    <Placemark>
      <name>Ann Arbor District Library</name>
      <description><![CDATA[<b>Name:</b> Ann Arbor District Library - Traverwood Branch<br><b>Address:</b> , <br><b>SSID:</b> eduroam<br><b>Enc:</b> WPA2<br><b>AP:</b> 5<br>]]></description>
      <Point>
        <coordinates>-83.7141434,42.3082082,0</coordinates>
      </Point>
    </Placemark>
    <Placemark>
      <name>Ann Arbor District Library</name>
      <description><![CDATA[<b>Name:</b> Ann Arbor District Library - Westgate Branch<br><b>Address:</b> , <br><b>SSID:</b> eduroam<br><b>Enc:</b> WPA2<br><b>AP:</b> 5<br>]]></description>
      <Point>
        <coordinates>-83.7827579,42.2785858,0</coordinates>
      </Point>
    </Placemark>
    <Placemark>
      <name>Apple Developer Academy - Detroit</name>
      <description><![CDATA[<b>Name:</b> Apple Developer Academy - Detroit<br><b>Address:</b> , <br><b>SSID:</b> eduroam<br><b>Enc:</b> WPA3<br><b>AP:</b> 25<br>]]></description>
      <Point>
        <coordinates>-83.0460416,42.3310998,0</coordinates>
      </Point>
    </Placemark>
    <Placemark>
      <name>Atkinson Avenue Historic District</name>
      <description><![CDATA[<b>Name:</b> Atkinson Avenue Historic District<br><b>Address:</b> , <br><b>SSID:</b> eduroam<br><b>Enc:</b> WPA2<br><b>AP:</b> 6<br>]]></description>
      <Point>
        <coordinates>-83.0958768,42.3790549,0</coordinates>
      </Point>
    </Placemark>
    <Placemark>
      <name>Bay Mills Community College</name>
      <description><![CDATA[<b>Name:</b> BMCC - East Farm<br><b>Address:</b> , <br><b>SSID:</b> eduroam<br><b>Enc:</b> WPA3+WPA2+WPA<br><b>AP:</b> 1<br>]]></description>
      <Point>
        <coordinates>-84.5549245,46.3971024,0</coordinates>
      </Point>
    </Placemark>
    <Placemark>
      <name>Bay Mills Community College</name>
      <description><![CDATA[<b>Name:</b> BMCC - EMS Campus<br><b>Address:</b> , <br><b>SSID:</b> eduroam<br><b>Enc:</b> WPA3+WPA2+WPA<br><b>AP:</b> 1<br>]]></description>
      <Point>
        <coordinates>-84.6173823,46.4582324,0</coordinates>
      </Point>
    </Placemark>
    <Placemark>
      <name>Bay Mills Community College</name>
      <description><![CDATA[<b>Name:</b> BMCC - Main Campus<br><b>Address:</b> , <br><b>SSID:</b> eduroam<br><b>Enc:</b> WPA3+WPA2+WPA<br><b>AP:</b> 21<br>]]></description>
      <Point>
        <coordinates>-84.6062908,46.4544525,0</coordinates>
      </Point>
    </Placemark>
    <Placemark>
      <name>Bay Mills Community College</name>
      <description><![CDATA[<b>Name:</b> BMCC - Mukwa Health and Fitness Center<br><b>Address:</b> , <br><b>SSID:</b> eduroam<br><b>Enc:</b> WPA3+WPA2+WPA<br><b>AP:</b> 3<br>]]></description>
      <Point>
        <coordinates>-84.6232367,46.4622196,0</coordinates>
      </Point>
    </Placemark>
    <Placemark>
      <name>Bay Mills Community College</name>
      <description><![CDATA[<b>Name:</b> BMCC - Waishkey Bay Farm<br><b>Address:</b> , <br><b>SSID:</b> eduroam<br><b>Enc:</b> WPA3+WPA2+WPA<br><b>AP:</b> 5<br>]]></description>
      <Point>
        <coordinates>-84.5749653,46.3895328,0</coordinates>
      </Point>
    </Placemark>
    <Placemark>
      <name>Bay Mills Community College</name>
      <description><![CDATA[<b>Name:</b> BMCC - West Campus<br><b>Address:</b> , <br><b>SSID:</b> eduroam<br><b>Enc:</b> WPA3+WPA2+WPA<br><b>AP:</b> 5<br>]]></description>
      <Point>
        <coordinates>-84.6866786,46.4798851,0</coordinates>
      </Point>
    </Placemark>
    <Placemark>
      <name>Beaver Island Community Center</name>
      <description><![CDATA[<b>Name:</b> Beaver Island District Library<br><b>Address:</b> , <br><b>SSID:</b> eduroam<br><b>Enc:</b> WPA2<br><b>AP:</b> 5<br>]]></description>
      <Point>
        <coordinates>-85.523342,45.7463865,0</coordinates>
      </Point>
    </Placemark>
    <Placemark>
      <name>Beaver Island Community Center</name>
      <description><![CDATA[<b>Name:</b> BI - Community Center<br><b>Address:</b> , <br><b>SSID:</b> eduroam<br><b>Enc:</b> WPA2<br><b>AP:</b> 4<br>]]></description>
      <Point>
        <coordinates>-85.5520726,45.6467627,0</coordinates>
      </Point>
    </Placemark>
    <Placemark>
      <name>Beaver Island Community Center</name>
      <description><![CDATA[<b>Name:</b> BI - Marina North<br><b>Address:</b> , <br><b>SSID:</b> eduroam<br><b>Enc:</b> WPA2<br><b>AP:</b> 1<br>]]></description>
      <Point>
        <coordinates>-85.5110611,45.7498929,0</coordinates>
      </Point>
    </Placemark>
    <Placemark>
      <name>Beaver Island Community Center</name>
      <description><![CDATA[<b>Name:</b> BI - Marina South<br><b>Address:</b> , <br><b>SSID:</b> eduroam<br><b>Enc:</b> WPA2<br><b>AP:</b> 2<br>]]></description>
      <Point>
        <coordinates>-85.5183025,45.7474331,0</coordinates>
      </Point>
    </Placemark>
    <Placemark>
      <name>CADL</name>
      <description><![CDATA[<b>Name:</b> CADL - Aurelius Library<br><b>Address:</b> , <br><b>SSID:</b> eduroam<br><b>Enc:</b> WPA2<br><b>AP:</b> 3<br>]]></description>
      <Point>
        <coordinates>-84.5218912,42.5258892,0</coordinates>
      </Point>
    </Placemark>
    <Placemark>
      <name>CADL</name>
      <description><![CDATA[<b>Name:</b> CADL - Dansville Library<br><b>Address:</b> , <br><b>SSID:</b> eduroam<br><b>Enc:</b> WPA2<br><b>AP:</b> 3<br>]]></description>
      <Point>
        <coordinates>-84.3026916,42.5560931,0</coordinates>
      </Point>
    </Placemark>
    <Placemark>
      <name>CADL</name>
      <description><![CDATA[<b>Name:</b> CADL - Downtown Lansing<br><b>Address:</b> , <br><b>SSID:</b> eduroam<br><b>Enc:</b> WPA2<br><b>AP:</b> 3<br>]]></description>
      <Point>
        <coordinates>-84.5534222,42.7295879,0</coordinates>
      </Point>
    </Placemark>
    <Placemark>
      <name>CADL</name>
      <description><![CDATA[<b>Name:</b> CADL - Foster Library<br><b>Address:</b> , <br><b>SSID:</b> eduroam<br><b>Enc:</b> WPA2<br><b>AP:</b> 3<br>]]></description>
      <Point>
        <coordinates>-84.5171769,42.7348618,0</coordinates>
      </Point>
    </Placemark>
    <Placemark>
      <name>CADL</name>
      <description><![CDATA[<b>Name:</b> CADL - Haslett Library<br><b>Address:</b> , <br><b>SSID:</b> eduroam<br><b>Enc:</b> WPA2<br><b>AP:</b> 3<br>]]></description>
      <Point>
        <coordinates>-84.4064129,42.7449135,0</coordinates>
      </Point>
    </Placemark>
    <Placemark>
      <name>CADL</name>
      <description><![CDATA[<b>Name:</b> CADL - Holt-Delhi Library<br><b>Address:</b> , <br><b>SSID:</b> eduroam<br><b>Enc:</b> WPA2<br><b>AP:</b> 3<br>]]></description>
      <Point>
        <coordinates>-84.522137,42.6426162,0</coordinates>
      </Point>
    </Placemark>
    <Placemark>
      <name>CADL</name>
      <description><![CDATA[<b>Name:</b> CADL - Leslie Library<br><b>Address:</b> , <br><b>SSID:</b> eduroam<br><b>Enc:</b> WPA2<br><b>AP:</b> 3<br>]]></description>
      <Point>
        <coordinates>-84.4340057,42.453219,0</coordinates>
      </Point>
    </Placemark>
    <Placemark>
      <name>CADL</name>
      <description><![CDATA[<b>Name:</b> CADL - Mason Library<br><b>Address:</b> , <br><b>SSID:</b> eduroam<br><b>Enc:</b> WPA2<br><b>AP:</b> 3<br>]]></description>
      <Point>
        <coordinates>-84.4442768,42.578995,0</coordinates>
      </Point>
    </Placemark>
    <Placemark>
      <name>CADL</name>
      <description><![CDATA[<b>Name:</b> CADL - Okemos Library<br><b>Address:</b> , <br><b>SSID:</b> eduroam<br><b>Enc:</b> WPA2<br><b>AP:</b> 3<br>]]></description>
      <Point>
        <coordinates>-84.4330401,42.7073129,0</coordinates>
      </Point>
    </Placemark>
    <Placemark>
      <name>CADL</name>
      <description><![CDATA[<b>Name:</b> CADL - South Lansing Library<br><b>Address:</b> , <br><b>SSID:</b> eduroam<br><b>Enc:</b> WPA2<br><b>AP:</b> 3<br>]]></description>
      <Point>
        <coordinates>-84.5489249,42.6957308,0</coordinates>
      </Point>
    </Placemark>
    <Placemark>
      <name>CADL</name>
      <description><![CDATA[<b>Name:</b> CADL - Stockbridge Library<br><b>Address:</b> , <br><b>SSID:</b> eduroam<br><b>Enc:</b> WPA2<br><b>AP:</b> 3<br>]]></description>
      <Point>
        <coordinates>-84.1815704,42.4508882,0</coordinates>
      </Point>
    </Placemark>
    <Placemark>
      <name>CADL</name>
      <description><![CDATA[<b>Name:</b> CADL - Webberville Library<br><b>Address:</b> , <br><b>SSID:</b> eduroam<br><b>Enc:</b> WPA2<br><b>AP:</b> 3<br>]]></description>
      <Point>
        <coordinates>-84.1738021,42.6664916,0</coordinates>
      </Point>
    </Placemark>
    <Placemark>
      <name>CADL</name>
      <description><![CDATA[<b>Name:</b> CADL - Williamston Library<br><b>Address:</b> , <br><b>SSID:</b> eduroam<br><b>Enc:</b> WPA2<br><b>AP:</b> 3<br>]]></description>
      <Point>
        <coordinates>-84.27557,42.6967607,0</coordinates>
      </Point>
    </Placemark>
    <Placemark>
      <name>Calvin University</name>
      <description><![CDATA[<b>Name:</b> Main Campus<br><b>Address:</b> , <br><b>SSID:</b> eduroam<br><b>Enc:</b> WPA2+WPA<br><b>AP:</b> 1400<br>]]></description>
      <Point>
        <coordinates>-85.5850692,42.9301862,0</coordinates>
      </Point>
    </Placemark>
    <Placemark>
      <name>Central Michigan University</name>
      <description><![CDATA[<b>Name:</b> Central Michigan University<br><b>Address:</b> , <br><b>SSID:</b> eduroam<br><b>Enc:</b> WPA3+WPA2+WPA<br><b>AP:</b> 3700<br>]]></description>
      <Point>
        <coordinates>-84.7756162,43.5906302,0</coordinates>
      </Point>
    </Placemark>
    <Placemark>
      <name>Chippewa River District Library</name>
      <description><![CDATA[<b>Name:</b> CRDL - Faith Johnston Memorial Library<br><b>Address:</b> , <br><b>SSID:</b> eduroam<br><b>Enc:</b> WPA2<br><b>AP:</b> 5<br>]]></description>
      <Point>
        <coordinates>-84.7682031,43.6990589,0</coordinates>
      </Point>
    </Placemark>
    <Placemark>
      <name>Chippewa River District Library</name>
      <description><![CDATA[<b>Name:</b> CRDL - Fremont Township Community Library<br><b>Address:</b> , <br><b>SSID:</b> eduroam<br><b>Enc:</b> WPA2<br><b>AP:</b> 5<br>]]></description>
      <Point>
        <coordinates>-84.905431,43.5262174,0</coordinates>
      </Point>
    </Placemark>
    <Placemark>
      <name>Chippewa River District Library</name>
      <description><![CDATA[<b>Name:</b> CRDL - Shepherd Community Library<br><b>Address:</b> , <br><b>SSID:</b> eduroam<br><b>Enc:</b> WPA2<br><b>AP:</b> 5<br>]]></description>
      <Point>
        <coordinates>-84.6946339,43.5240369,0</coordinates>
      </Point>
    </Placemark>
    <Placemark>
      <name>Chippewa River District Library</name>
      <description><![CDATA[<b>Name:</b> CRDL - Tate Memorial Library<br><b>Address:</b> , <br><b>SSID:</b> eduroam<br><b>Enc:</b> WPA2<br><b>AP:</b> 5<br>]]></description>
      <Point>
        <coordinates>-85.0807642,43.5197297,0</coordinates>
      </Point>
    </Placemark>
    <Placemark>
      <name>Chippewa River District Library</name>
      <description><![CDATA[<b>Name:</b> CRDL - Veterans Memorial Library<br><b>Address:</b> , <br><b>SSID:</b> eduroam<br><b>Enc:</b> WPA2<br><b>AP:</b> 9<br>]]></description>
      <Point>
        <coordinates>-84.7750439,43.6023955,0</coordinates>
      </Point>
    </Placemark>
    <Placemark>
      <name>City of Detroit</name>
      <description><![CDATA[<b>Name:</b> City of Detroit - AB Ford Rec Center (formerly Lenox)<br><b>Address:</b> , <br><b>SSID:</b> eduroam<br><b>Enc:</b> WPA2<br><b>AP:</b> 4<br>]]></description>
      <Point>
        <coordinates>-82.9405717,42.3573385,0</coordinates>
      </Point>
    </Placemark>
    <Placemark>
      <name>City of Detroit</name>
      <description><![CDATA[<b>Name:</b> City of Detroit - Adams Butzel Rec Center<br><b>Address:</b> , <br><b>SSID:</b> eduroam<br><b>Enc:</b> WPA2<br><b>AP:</b> 4<br>]]></description>
      <Point>
        <coordinates>-83.16691,42.3971416,0</coordinates>
      </Point>
    </Placemark>
    <Placemark>
      <name>City of Detroit</name>
      <description><![CDATA[<b>Name:</b> City of Detroit - Brennan Rec Center<br><b>Address:</b> , <br><b>SSID:</b> eduroam<br><b>Enc:</b> WPA2<br><b>AP:</b> 4<br>]]></description>
      <Point>
        <coordinates>-83.2528895,42.3711746,0</coordinates>
      </Point>
    </Placemark>
    <Placemark>
      <name>City of Detroit</name>
      <description><![CDATA[<b>Name:</b> City of Detroit - Butzel Family Rec Center<br><b>Address:</b> , <br><b>SSID:</b> eduroam<br><b>Enc:</b> WPA2<br><b>AP:</b> 4<br>]]></description>
      <Point>
        <coordinates>-83.0022511,42.3582365,0</coordinates>
      </Point>
    </Placemark>
    <Placemark>
      <name>City of Detroit</name>
      <description><![CDATA[<b>Name:</b> City of Detroit - Clemente Rec Center<br><b>Address:</b> , <br><b>SSID:</b> eduroam<br><b>Enc:</b> WPA2<br><b>AP:</b> 4<br>]]></description>
      <Point>
        <coordinates>-83.0785834,42.3246421,0</coordinates>
      </Point>
    </Placemark>
    <Placemark>
      <name>City of Detroit</name>
      <description><![CDATA[<b>Name:</b> City of Detroit - Coleman A. Young Rec Center<br><b>Address:</b> , <br><b>SSID:</b> eduroam<br><b>Enc:</b> WPA2<br><b>AP:</b> 4<br>]]></description>
      <Point>
        <coordinates>-83.0250672,42.3462566,0</coordinates>
      </Point>
    </Placemark>
    <Placemark>
      <name>City of Detroit</name>
      <description><![CDATA[<b>Name:</b> City of Detroit - Crowell Rec Center<br><b>Address:</b> , <br><b>SSID:</b> eduroam<br><b>Enc:</b> WPA2<br><b>AP:</b> 4<br>]]></description>
      <Point>
        <coordinates>-83.2566029,42.4104503,0</coordinates>
      </Point>
    </Placemark>
    <Placemark>
      <name>City of Detroit</name>
      <description><![CDATA[<b>Name:</b> City of Detroit - Farwell Rec Center<br><b>Address:</b> , <br><b>SSID:</b> eduroam<br><b>Enc:</b> WPA2<br><b>AP:</b> 4<br>]]></description>
      <Point>
        <coordinates>-83.0584544,42.4415314,0</coordinates>
      </Point>
    </Placemark>
    <Placemark>
      <name>City of Detroit</name>
      <description><![CDATA[<b>Name:</b> City of Detroit - Heilmann Rec Center<br><b>Address:</b> , <br><b>SSID:</b> eduroam<br><b>Enc:</b> WPA2<br><b>AP:</b> 4<br>]]></description>
      <Point>
        <coordinates>-82.9615817,42.4397423,0</coordinates>
      </Point>
    </Placemark>
    <Placemark>
      <name>City of Detroit</name>
      <description><![CDATA[<b>Name:</b> City of Detroit - Helen Moore Community Center<br><b>Address:</b> , <br><b>SSID:</b> eduroam<br><b>Enc:</b> WPA2<br><b>AP:</b> 4<br>]]></description>
      <Point>
        <coordinates>-83.125108,42.3804883,0</coordinates>
      </Point>
    </Placemark>
    <Placemark>
      <name>City of Detroit</name>
      <description><![CDATA[<b>Name:</b> City of Detroit - Joseph Walker Williams Rec Center<br><b>Address:</b> , <br><b>SSID:</b> eduroam<br><b>Enc:</b> WPA2<br><b>AP:</b> 4<br>]]></description>
      <Point>
        <coordinates>-83.0971134,42.3706942,0</coordinates>
      </Point>
    </Placemark>
    <Placemark>
      <name>City of Detroit</name>
      <description><![CDATA[<b>Name:</b> City of Detroit - Kemeny Rec Center<br><b>Address:</b> , <br><b>SSID:</b> eduroam<br><b>Enc:</b> WPA2<br><b>AP:</b> 4<br>]]></description>
      <Point>
        <coordinates>-83.1576869,42.2740644,0</coordinates>
      </Point>
    </Placemark>
    <Placemark>
      <name>City of Detroit</name>
      <description><![CDATA[<b>Name:</b> City of Detroit - Lasky Rec Center<br><b>Address:</b> , <br><b>SSID:</b> eduroam<br><b>Enc:</b> WPA2<br><b>AP:</b> 4<br>]]></description>
      <Point>
        <coordinates>-83.0520164,42.4134893,0</coordinates>
      </Point>
    </Placemark>
    <Placemark>
      <name>City of Detroit</name>
      <description><![CDATA[<b>Name:</b> City of Detroit - Northwest Rec Center<br><b>Address:</b> , <br><b>SSID:</b> eduroam<br><b>Enc:</b> WPA2<br><b>AP:</b> 4<br>]]></description>
      <Point>
        <coordinates>-83.1694909,42.4230641,0</coordinates>
      </Point>
    </Placemark>
    <Placemark>
      <name>City of Detroit</name>
      <description><![CDATA[<b>Name:</b> City of Detroit - Patton Rec Center<br><b>Address:</b> , <br><b>SSID:</b> eduroam<br><b>Enc:</b> WPA2<br><b>AP:</b> 4<br>]]></description>
      <Point>
        <coordinates>-83.1378441,42.3094421,0</coordinates>
      </Point>
    </Placemark>
    <Placemark>
      <name>College Career &amp; Beyond</name>
      <description><![CDATA[<b>Name:</b> College Career &amp; Beyond/Midnight Golf Program<br><b>Address:</b> , <br><b>SSID:</b> eduroam<br><b>Enc:</b> WPA2 + WPA3<br><b>AP:</b> 13<br>]]></description>
      <Point>
        <coordinates>-83.0779698,42.370961,0</coordinates>
      </Point>
    </Placemark>
    <Placemark>
      <name>Connect 313</name>
      <description><![CDATA[<b>Name:</b> Connect 313 - District 3 / Osborn Neighborhood Alliance<br><b>Address:</b> , <br><b>SSID:</b> eduroam<br><b>Enc:</b> WPA2 + WPA3<br><b>AP:</b> 100<br>]]></description>
      <Point>
        <coordinates>-82.9853387,42.4263912,0</coordinates>
      </Point>
    </Placemark>
    <Placemark>
      <name>Dearborn Inn</name>
      <description><![CDATA[<b>Name:</b> The Dearborn Inn<br><b>Address:</b> , <br><b>SSID:</b> eduroam<br><b>Enc:</b> WPA2<br><b>AP:</b> 10<br>]]></description>
      <Point>
        <coordinates>-83.2285169,42.2966781,0</coordinates>
      </Point>
    </Placemark>
    <Placemark>
      <name>Department of Veterans Affairs</name>
      <description><![CDATA[<b>Name:</b> Battle Creek VA Medical Center<br><b>Address:</b> , <br><b>SSID:</b> eduroam<br><b>Enc:</b> WPA2<br><b>AP:</b> -<br>]]></description>
      <Point>
        <coordinates>-85.297958,42.341179,0</coordinates>
      </Point>
    </Placemark>
    <Placemark>
      <name>Department of Veterans Affairs</name>
      <description><![CDATA[<b>Name:</b> Benton Harbor CBOC<br><b>Address:</b> , <br><b>SSID:</b> eduroam<br><b>Enc:</b> WPA2<br><b>AP:</b> -<br>]]></description>
      <Point>
        <coordinates>-86.42485,42.081619,0</coordinates>
      </Point>
    </Placemark>
    <Placemark>
      <name>Department of Veterans Affairs</name>
      <description><![CDATA[<b>Name:</b> Detroit VA Medical Center<br><b>Address:</b> , <br><b>SSID:</b> eduroam<br><b>Enc:</b> WPA2<br><b>AP:</b> -<br>]]></description>
      <Point>
        <coordinates>-83.05897,42.35522,0</coordinates>
      </Point>
    </Placemark>
    <Placemark>
      <name>Department of Veterans Affairs</name>
      <description><![CDATA[<b>Name:</b> Lansing CBOC<br><b>Address:</b> , <br><b>SSID:</b> eduroam<br><b>Enc:</b> WPA2<br><b>AP:</b> -<br>]]></description>
      <Point>
        <coordinates>-84.5479466,42.6746777,0</coordinates>
      </Point>
    </Placemark>
    <Placemark>
      <name>Department of Veterans Affairs</name>
      <description><![CDATA[<b>Name:</b> Muskegon CBOC<br><b>Address:</b> , <br><b>SSID:</b> eduroam<br><b>Enc:</b> WPA2<br><b>AP:</b> -<br>]]></description>
      <Point>
        <coordinates>-86.2345958,43.1631619,0</coordinates>
      </Point>
    </Placemark>
    <Placemark>
      <name>Department of Veterans Affairs</name>
      <description><![CDATA[<b>Name:</b> Valor Center Domiciliary CBOC<br><b>Address:</b> , <br><b>SSID:</b> eduroam<br><b>Enc:</b> WPA2<br><b>AP:</b> -<br>]]></description>
      <Point>
        <coordinates>-83.01544,42.34193,0</coordinates>
      </Point>
    </Placemark>
    <Placemark>
      <name>Department of Veterans Affairs</name>
      <description><![CDATA[<b>Name:</b> Wyoming CBOC<br><b>Address:</b> , <br><b>SSID:</b> eduroam<br><b>Enc:</b> WPA2<br><b>AP:</b> -<br>]]></description>
      <Point>
        <coordinates>-85.7134255,42.8574512,0</coordinates>
      </Point>
    </Placemark>
    <Placemark>
      <name>Detroit Public Library</name>
      <description><![CDATA[<b>Name:</b> DPL - Bowen<br><b>Address:</b> , <br><b>SSID:</b> eduroam<br><b>Enc:</b> WPA2<br><b>AP:</b> 3<br>]]></description>
      <Point>
        <coordinates>-83.088993,42.3232582,0</coordinates>
      </Point>
    </Placemark>
    <Placemark>
      <name>Detroit Public Library</name>
      <description><![CDATA[<b>Name:</b> DPL - Campbell<br><b>Address:</b> , <br><b>SSID:</b> eduroam<br><b>Enc:</b> WPA2<br><b>AP:</b> 4<br>]]></description>
      <Point>
        <coordinates>-83.1331705,42.3088905,0</coordinates>
      </Point>
    </Placemark>
    <Placemark>
      <name>Detroit Public Library</name>
      <description><![CDATA[<b>Name:</b> DPL - Chandler Park<br><b>Address:</b> , <br><b>SSID:</b> eduroam<br><b>Enc:</b> WPA2<br><b>AP:</b> 2<br>]]></description>
      <Point>
        <coordinates>-82.9739106,42.4017055,0</coordinates>
      </Point>
    </Placemark>
    <Placemark>
      <name>Detroit Public Library</name>
      <description><![CDATA[<b>Name:</b> DPL - Chaney<br><b>Address:</b> , <br><b>SSID:</b> eduroam<br><b>Enc:</b> WPA2<br><b>AP:</b> 3<br>]]></description>
      <Point>
        <coordinates>-83.2053795,42.3951898,0</coordinates>
      </Point>
    </Placemark>
    <Placemark>
      <name>Detroit Public Library</name>
      <description><![CDATA[<b>Name:</b> DPL - Douglass<br><b>Address:</b> , <br><b>SSID:</b> eduroam<br><b>Enc:</b> WPA2<br><b>AP:</b> 3<br>]]></description>
      <Point>
        <coordinates>-83.0746,42.3431985,0</coordinates>
      </Point>
    </Placemark>
    <Placemark>
      <name>Detroit Public Library</name>
      <description><![CDATA[<b>Name:</b> DPL - Duffield<br><b>Address:</b> , <br><b>SSID:</b> eduroam<br><b>Enc:</b> WPA2<br><b>AP:</b> 2<br>]]></description>
      <Point>
        <coordinates>-83.0933065,42.3632181,0</coordinates>
      </Point>
    </Placemark>
    <Placemark>
      <name>Detroit Public Library</name>
      <description><![CDATA[<b>Name:</b> DPL - Edison<br><b>Address:</b> , <br><b>SSID:</b> eduroam<br><b>Enc:</b> WPA2<br><b>AP:</b> 4<br>]]></description>
      <Point>
        <coordinates>-83.2205263,42.3580531,0</coordinates>
      </Point>
    </Placemark>
    <Placemark>
      <name>Detroit Public Library</name>
      <description><![CDATA[<b>Name:</b> DPL - Elmwood Park<br><b>Address:</b> , <br><b>SSID:</b> eduroam<br><b>Enc:</b> WPA2<br><b>AP:</b> 2<br>]]></description>
      <Point>
        <coordinates>-83.0234349,42.3400668,0</coordinates>
      </Point>
    </Placemark>
    <Placemark>
      <name>Detroit Public Library</name>
      <description><![CDATA[<b>Name:</b> DPL - Franklin<br><b>Address:</b> , <br><b>SSID:</b> eduroam<br><b>Enc:</b> WPA2<br><b>AP:</b> 2<br>]]></description>
      <Point>
        <coordinates>-82.984056,42.4271077,0</coordinates>
      </Point>
    </Placemark>
    <Placemark>
      <name>Detroit Public Library</name>
      <description><![CDATA[<b>Name:</b> DPL - Hubbard<br><b>Address:</b> , <br><b>SSID:</b> eduroam<br><b>Enc:</b> WPA2<br><b>AP:</b> 3<br>]]></description>
      <Point>
        <coordinates>-83.17273,42.4164152,0</coordinates>
      </Point>
    </Placemark>
    <Placemark>
      <name>Detroit Public Library</name>
      <description><![CDATA[<b>Name:</b> DPL - Jefferson<br><b>Address:</b> , <br><b>SSID:</b> eduroam<br><b>Enc:</b> WPA2<br><b>AP:</b> 4<br>]]></description>
      <Point>
        <coordinates>-82.9373738,42.404064,0</coordinates>
      </Point>
    </Placemark>
    <Placemark>
      <name>Detroit Public Library</name>
      <description><![CDATA[<b>Name:</b> DPL - Knapp<br><b>Address:</b> , <br><b>SSID:</b> eduroam<br><b>Enc:</b> WPA2<br><b>AP:</b> 2<br>]]></description>
      <Point>
        <coordinates>-83.0603398,42.414685,0</coordinates>
      </Point>
    </Placemark>
    <Placemark>
      <name>Detroit Public Library</name>
      <description><![CDATA[<b>Name:</b> DPL - Lincoln<br><b>Address:</b> , <br><b>SSID:</b> eduroam<br><b>Enc:</b> WPA2<br><b>AP:</b> 2<br>]]></description>
      <Point>
        <coordinates>-83.0909462,42.4328236,0</coordinates>
      </Point>
    </Placemark>
    <Placemark>
      <name>Detroit Public Library</name>
      <description><![CDATA[<b>Name:</b> DPL - Main<br><b>Address:</b> , <br><b>SSID:</b> eduroam<br><b>Enc:</b> WPA2<br><b>AP:</b> 37<br>]]></description>
      <Point>
        <coordinates>-83.0667773,42.3585434,0</coordinates>
      </Point>
    </Placemark>
    <Placemark>
      <name>Detroit Public Library</name>
      <description><![CDATA[<b>Name:</b> DPL - Monteith<br><b>Address:</b> , <br><b>SSID:</b> eduroam<br><b>Enc:</b> WPA2<br><b>AP:</b> 1<br>]]></description>
      <Point>
        <coordinates>-82.9507115,42.3773681,0</coordinates>
      </Point>
    </Placemark>
    <Placemark>
      <name>Detroit Public Library</name>
      <description><![CDATA[<b>Name:</b> DPL - Parkman<br><b>Address:</b> , <br><b>SSID:</b> eduroam<br><b>Enc:</b> WPA2<br><b>AP:</b> 5<br>]]></description>
      <Point>
        <coordinates>-83.1273881,42.396768,0</coordinates>
      </Point>
    </Placemark>
    <Placemark>
      <name>Detroit Public Library</name>
      <description><![CDATA[<b>Name:</b> DPL - Redford<br><b>Address:</b> , <br><b>SSID:</b> eduroam<br><b>Enc:</b> WPA2<br><b>AP:</b> 1<br>]]></description>
      <Point>
        <coordinates>-83.2500153,42.4140767,0</coordinates>
      </Point>
    </Placemark>
    <Placemark>
      <name>Detroit Public Library</name>
      <description><![CDATA[<b>Name:</b> DPL - Sherwood Forest<br><b>Address:</b> , <br><b>SSID:</b> eduroam<br><b>Enc:</b> WPA2<br><b>AP:</b> 3<br>]]></description>
      <Point>
        <coordinates>-83.1442828,42.4312921,0</coordinates>
      </Point>
    </Placemark>
    <Placemark>
      <name>Detroit Public Library</name>
      <description><![CDATA[<b>Name:</b> DPL - Skillman<br><b>Address:</b> , <br><b>SSID:</b> eduroam<br><b>Enc:</b> WPA2<br><b>AP:</b> 9<br>]]></description>
      <Point>
        <coordinates>-83.0467909,42.3339856,0</coordinates>
      </Point>
    </Placemark>
    <Placemark>
      <name>Detroit Public Library</name>
      <description><![CDATA[<b>Name:</b> DPL - Wilder<br><b>Address:</b> , <br><b>SSID:</b> eduroam<br><b>Enc:</b> WPA2<br><b>AP:</b> 4<br>]]></description>
      <Point>
        <coordinates>-83.0300118,42.4336139,0</coordinates>
      </Point>
    </Placemark>
    <Placemark>
      <name>Detroit Public Schools Community District</name>
      <description><![CDATA[<b>Name:</b> A. L. Holmes Academy of Blended Learning<br><b>Address:</b> , <br><b>SSID:</b> eduroam<br><b>Enc:</b> WPA2<br><b>AP:</b> 40<br>]]></description>
      <Point>
        <coordinates>-83.0142329,42.3947356,0</coordinates>
      </Point>
    </Placemark>
    <Placemark>
      <name>Detroit Public Schools Community District</name>
      <description><![CDATA[<b>Name:</b> Academy of the Americas<br><b>Address:</b> , <br><b>SSID:</b> eduroam<br><b>Enc:</b> WPA2<br><b>AP:</b> 40<br>]]></description>
      <Point>
        <coordinates>-83.1104417,42.3271756,0</coordinates>
      </Point>
    </Placemark>
    <Placemark>
      <name>Detroit Public Schools Community District</name>
      <description><![CDATA[<b>Name:</b> Adult Education - West Campus<br><b>Address:</b> , <br><b>SSID:</b> eduroam<br><b>Enc:</b> WPA2<br><b>AP:</b> 40<br>]]></description>
      <Point>
        <coordinates>-83.2080993,42.4096868,0</coordinates>
      </Point>
    </Placemark>
    <Placemark>
      <name>Detroit Public Schools Community District</name>
      <description><![CDATA[<b>Name:</b> Amelia Earhart Elementary-Middle School<br><b>Address:</b> , <br><b>SSID:</b> eduroam<br><b>Enc:</b> WPA2<br><b>AP:</b> 40<br>]]></description>
      <Point>
        <coordinates>-83.089484,42.3162631,0</coordinates>
      </Point>
    </Placemark>
    <Placemark>
      <name>Detroit Public Schools Community District</name>
      <description><![CDATA[<b>Name:</b> Ann Arbor Trail Magnet School<br><b>Address:</b> , <br><b>SSID:</b> eduroam<br><b>Enc:</b> WPA2<br><b>AP:</b> 40<br>]]></description>
      <Point>
        <coordinates>-83.2610545,42.3470854,0</coordinates>
      </Point>
    </Placemark>
    <Placemark>
      <name>Detroit Public Schools Community District</name>
      <description><![CDATA[<b>Name:</b> Bagley Elementary School of Journalism and Technology<br><b>Address:</b> , <br><b>SSID:</b> eduroam<br><b>Enc:</b> WPA2<br><b>AP:</b> 40<br>]]></description>
      <Point>
        <coordinates>-83.1005505,42.3631727,0</coordinates>
      </Point>
    </Placemark>
    <Placemark>
      <name>Detroit Public Schools Community District</name>
      <description><![CDATA[<b>Name:</b> Bagley Elementary-Middle School of Journalism and Technology<br><b>Address:</b> , <br><b>SSID:</b> eduroam<br><b>Enc:</b> WPA2<br><b>AP:</b> 40<br>]]></description>
      <Point>
        <coordinates>-83.1523368,42.4251742,0</coordinates>
      </Point>
    </Placemark>
    <Placemark>
      <name>Detroit Public Schools Community District</name>
      <description><![CDATA[<b>Name:</b> Bates Academy<br><b>Address:</b> , <br><b>SSID:</b> eduroam<br><b>Enc:</b> WPA2<br><b>AP:</b> 38<br>]]></description>
      <Point>
        <coordinates>-83.1625551,42.4375555,0</coordinates>
      </Point>
    </Placemark>
    <Placemark>
      <name>Detroit Public Schools Community District</name>
      <description><![CDATA[<b>Name:</b> Bennett Elementary School<br><b>Address:</b> , <br><b>SSID:</b> eduroam<br><b>Enc:</b> WPA2<br><b>AP:</b> 39<br>]]></description>
      <Point>
        <coordinates>-83.1296474,42.3091993,0</coordinates>
      </Point>
    </Placemark>
    <Placemark>
      <name>Detroit Public Schools Community District</name>
      <description><![CDATA[<b>Name:</b> Breithaupt Career Technical Center<br><b>Address:</b> , <br><b>SSID:</b> eduroam<br><b>Enc:</b> WPA2<br><b>AP:</b> 10<br>]]></description>
      <Point>
        <coordinates>-83.1868382,42.3645118,0</coordinates>
      </Point>
    </Placemark>
    <Placemark>
      <name>Detroit Public Schools Community District</name>
      <description><![CDATA[<b>Name:</b> Bunche Preparatory Academy<br><b>Address:</b> , <br><b>SSID:</b> eduroam<br><b>Enc:</b> WPA2<br><b>AP:</b> 40<br>]]></description>
      <Point>
        <coordinates>-83.0238064,42.3443072,0</coordinates>
      </Point>
    </Placemark>
    <Placemark>
      <name>Detroit Public Schools Community District</name>
      <description><![CDATA[<b>Name:</b> Burton International Academy<br><b>Address:</b> , <br><b>SSID:</b> eduroam<br><b>Enc:</b> WPA2<br><b>AP:</b> 40<br>]]></description>
      <Point>
        <coordinates>-83.0790802,42.3393912,0</coordinates>
      </Point>
    </Placemark>
    <Placemark>
      <name>Detroit Public Schools Community District</name>
      <description><![CDATA[<b>Name:</b> Carleton Elementary School<br><b>Address:</b> , <br><b>SSID:</b> eduroam<br><b>Enc:</b> WPA2<br><b>AP:</b> 40<br>]]></description>
      <Point>
        <coordinates>-82.9452823,42.4275832,0</coordinates>
      </Point>
    </Placemark>
    <Placemark>
      <name>Detroit Public Schools Community District</name>
      <description><![CDATA[<b>Name:</b> Carstens Elementary / Middle School at Remus Robinson<br><b>Address:</b> , <br><b>SSID:</b> eduroam<br><b>Enc:</b> WPA2<br><b>AP:</b> 40<br>]]></description>
      <Point>
        <coordinates>-82.9477912,42.3636394,0</coordinates>
      </Point>
    </Placemark>
    <Placemark>
      <name>Detroit Public Schools Community District</name>
      <description><![CDATA[<b>Name:</b> Cass Technical High School<br><b>Address:</b> , <br><b>SSID:</b> eduroam<br><b>Enc:</b> WPA2<br><b>AP:</b> 40<br>]]></description>
      <Point>
        <coordinates>-83.0605551,42.3388017,0</coordinates>
      </Point>
    </Placemark>
    <Placemark>
      <name>Detroit Public Schools Community District</name>
      <description><![CDATA[<b>Name:</b> Catherine C. Blackwell Institute<br><b>Address:</b> , <br><b>SSID:</b> eduroam<br><b>Enc:</b> WPA2<br><b>AP:</b> 40<br>]]></description>
      <Point>
        <coordinates>-83.0053749,42.3891323,0</coordinates>
      </Point>
    </Placemark>
    <Placemark>
      <name>Detroit Public Schools Community District</name>
      <description><![CDATA[<b>Name:</b> Central High School<br><b>Address:</b> , <br><b>SSID:</b> eduroam<br><b>Enc:</b> WPA2<br><b>AP:</b> 8<br>]]></description>
      <Point>
        <coordinates>-83.1119503,42.3828342,0</coordinates>
      </Point>
    </Placemark>
    <Placemark>
      <name>Detroit Public Schools Community District</name>
      <description><![CDATA[<b>Name:</b> Charles L. Spain Elementary-Middle School<br><b>Address:</b> , <br><b>SSID:</b> eduroam<br><b>Enc:</b> WPA2<br><b>AP:</b> 40<br>]]></description>
      <Point>
        <coordinates>-83.0523486,42.3515555,0</coordinates>
      </Point>
    </Placemark>
    <Placemark>
      <name>Detroit Public Schools Community District</name>
      <description><![CDATA[<b>Name:</b> Charles R. Drew Transition Center<br><b>Address:</b> , <br><b>SSID:</b> eduroam<br><b>Enc:</b> WPA2<br><b>AP:</b> 40<br>]]></description>
      <Point>
        <coordinates>-83.1561898,42.3671233,0</coordinates>
      </Point>
    </Placemark>
    <Placemark>
      <name>Detroit Public Schools Community District</name>
      <description><![CDATA[<b>Name:</b> Charles Wright Academy of Arts and Science<br><b>Address:</b> , <br><b>SSID:</b> eduroam<br><b>Enc:</b> WPA2<br><b>AP:</b> 40<br>]]></description>
      <Point>
        <coordinates>-83.2686979,42.4323163,0</coordinates>
      </Point>
    </Placemark>
    <Placemark>
      <name>Detroit Public Schools Community District</name>
      <description><![CDATA[<b>Name:</b> Chrysler Elementary School<br><b>Address:</b> , <br><b>SSID:</b> eduroam<br><b>Enc:</b> WPA2<br><b>AP:</b> 40<br>]]></description>
      <Point>
        <coordinates>-83.033658,42.3386625,0</coordinates>
      </Point>
    </Placemark>
    <Placemark>
      <name>Detroit Public Schools Community District</name>
      <description><![CDATA[<b>Name:</b> Clippert Multicultural Magnet Honors Academy<br><b>Address:</b> , <br><b>SSID:</b> eduroam<br><b>Enc:</b> WPA2<br><b>AP:</b> 40<br>]]></description>
      <Point>
        <coordinates>-83.0980833,42.320426,0</coordinates>
      </Point>
    </Placemark>
    <Placemark>
      <name>Detroit Public Schools Community District</name>
      <description><![CDATA[<b>Name:</b> Coleman A Young Elementary School<br><b>Address:</b> , <br><b>SSID:</b> eduroam<br><b>Enc:</b> WPA2<br><b>AP:</b> 40<br>]]></description>
      <Point>
        <coordinates>-83.1897683,42.4063805,0</coordinates>
      </Point>
    </Placemark>
    <Placemark>
      <name>Detroit Public Schools Community District</name>
      <description><![CDATA[<b>Name:</b> Communication and Media Arts High School<br><b>Address:</b> , <br><b>SSID:</b> eduroam<br><b>Enc:</b> WPA2<br><b>AP:</b> 40<br>]]></description>
      <Point>
        <coordinates>-83.2692141,42.4350595,0</coordinates>
      </Point>
    </Placemark>
    <Placemark>
      <name>Detroit Public Schools Community District</name>
      <description><![CDATA[<b>Name:</b> Cooke S.T.E.M. Academy<br><b>Address:</b> , <br><b>SSID:</b> eduroam<br><b>Enc:</b> WPA2<br><b>AP:</b> 40<br>]]></description>
      <Point>
        <coordinates>-83.2258451,42.4086921,0</coordinates>
      </Point>
    </Placemark>
    <Placemark>
      <name>Detroit Public Schools Community District</name>
      <description><![CDATA[<b>Name:</b> Crockett Midtown High School of Science and Medicine<br><b>Address:</b> , <br><b>SSID:</b> eduroam<br><b>Enc:</b> WPA2<br><b>AP:</b> 44<br>]]></description>
      <Point>
        <coordinates>-83.0516845,42.3506364,0</coordinates>
      </Point>
    </Placemark>
    <Placemark>
      <name>Detroit Public Schools Community District</name>
      <description><![CDATA[<b>Name:</b> Davis Aerospace Technical High School<br><b>Address:</b> , <br><b>SSID:</b> eduroam<br><b>Enc:</b> WPA2<br><b>AP:</b> 10<br>]]></description>
      <Point>
        <coordinates>-82.951332,42.3698466,0</coordinates>
      </Point>
    </Placemark>
    <Placemark>
      <name>Detroit Public Schools Community District</name>
      <description><![CDATA[<b>Name:</b> Davison Elementary School<br><b>Address:</b> , <br><b>SSID:</b> eduroam<br><b>Enc:</b> WPA2<br><b>AP:</b> 40<br>]]></description>
      <Point>
        <coordinates>-83.0690644,42.4120464,0</coordinates>
      </Point>
    </Placemark>
    <Placemark>
      <name>Detroit Public Schools Community District</name>
      <description><![CDATA[<b>Name:</b> Detroit Children's Museum<br><b>Address:</b> , <br><b>SSID:</b> eduroam<br><b>Enc:</b> WPA2<br><b>AP:</b> 40<br>]]></description>
      <Point>
        <coordinates>-83.0738453,42.3651956,0</coordinates>
      </Point>
    </Placemark>
    <Placemark>
      <name>Detroit Public Schools Community District</name>
      <description><![CDATA[<b>Name:</b> Detroit Day School for the Deaf<br><b>Address:</b> , <br><b>SSID:</b> eduroam<br><b>Enc:</b> WPA2<br><b>AP:</b> 40<br>]]></description>
      <Point>
        <coordinates>-83.0734724,42.3505596,0</coordinates>
      </Point>
    </Placemark>
    <Placemark>
      <name>Detroit Public Schools Community District</name>
      <description><![CDATA[<b>Name:</b> Detroit International Academy for Young Women<br><b>Address:</b> , <br><b>SSID:</b> eduroam<br><b>Enc:</b> WPA2<br><b>AP:</b> 40<br>]]></description>
      <Point>
        <coordinates>-83.0490672,42.4122359,0</coordinates>
      </Point>
    </Placemark>
    <Placemark>
      <name>Detroit Public Schools Community District</name>
      <description><![CDATA[<b>Name:</b> Detroit Lions Academy<br><b>Address:</b> , <br><b>SSID:</b> eduroam<br><b>Enc:</b> WPA2<br><b>AP:</b> 40<br>]]></description>
      <Point>
        <coordinates>-83.0837824,42.3493032,0</coordinates>
      </Point>
    </Placemark>
    <Placemark>
      <name>Detroit Public Schools Community District</name>
      <description><![CDATA[<b>Name:</b> Detroit School of Arts (DSA)<br><b>Address:</b> , <br><b>SSID:</b> eduroam<br><b>Enc:</b> WPA2<br><b>AP:</b> 40<br>]]></description>
      <Point>
        <coordinates>-83.0610236,42.3485857,0</coordinates>
      </Point>
    </Placemark>
    <Placemark>
      <name>Detroit Public Schools Community District</name>
      <description><![CDATA[<b>Name:</b> Diann Banks-Williamson Educational Center<br><b>Address:</b> , <br><b>SSID:</b> eduroam<br><b>Enc:</b> WPA2<br><b>AP:</b> 40<br>]]></description>
      <Point>
        <coordinates>-82.928647,42.4079348,0</coordinates>
      </Point>
    </Placemark>
    <Placemark>
      <name>Detroit Public Schools Community District</name>
      <description><![CDATA[<b>Name:</b> Dixon Educational Learning Academy<br><b>Address:</b> , <br><b>SSID:</b> eduroam<br><b>Enc:</b> WPA2<br><b>AP:</b> 40<br>]]></description>
      <Point>
        <coordinates>-83.2478407,42.3542696,0</coordinates>
      </Point>
    </Placemark>
    <Placemark>
      <name>Detroit Public Schools Community District</name>
      <description><![CDATA[<b>Name:</b> DPSCD Police Command Center<br><b>Address:</b> , <br><b>SSID:</b> eduroam<br><b>Enc:</b> WPA2<br><b>AP:</b> 40<br>]]></description>
      <Point>
        <coordinates>-83.0665439,42.382088,0</coordinates>
      </Point>
    </Placemark>
    <Placemark>
      <name>Detroit Public Schools Community District</name>
      <description><![CDATA[<b>Name:</b> Dr. James Vernor Elementary-Middle School<br><b>Address:</b> , <br><b>SSID:</b> eduroam<br><b>Enc:</b> WPA2<br><b>AP:</b> 40<br>]]></description>
      <Point>
        <coordinates>-83.1826521,42.4393652,0</coordinates>
      </Point>
    </Placemark>
    <Placemark>
      <name>Detroit Public Schools Community District</name>
      <description><![CDATA[<b>Name:</b> Durfee Elementary-Middle School<br><b>Address:</b> , <br><b>SSID:</b> eduroam<br><b>Enc:</b> WPA2<br><b>AP:</b> 7<br>]]></description>
      <Point>
        <coordinates>-83.1119503,42.3828342,0</coordinates>
      </Point>
    </Placemark>
    <Placemark>
      <name>Detroit Public Schools Community District</name>
      <description><![CDATA[<b>Name:</b> East English Village Preparatory Academy<br><b>Address:</b> , <br><b>SSID:</b> eduroam<br><b>Enc:</b> WPA2<br><b>AP:</b> 40<br>]]></description>
      <Point>
        <coordinates>-82.928647,42.4079348,0</coordinates>
      </Point>
    </Placemark>
    <Placemark>
      <name>Detroit Public Schools Community District</name>
      <description><![CDATA[<b>Name:</b> East side Bus Terminal<br><b>Address:</b> , <br><b>SSID:</b> eduroam<br><b>Enc:</b> WPA2<br><b>AP:</b> 4<br>]]></description>
      <Point>
        <coordinates>-82.9901378,42.374524,0</coordinates>
      </Point>
    </Placemark>
    <Placemark>
      <name>Detroit Public Schools Community District</name>
      <description><![CDATA[<b>Name:</b> Edison Elementary School<br><b>Address:</b> , <br><b>SSID:</b> eduroam<br><b>Enc:</b> WPA2<br><b>AP:</b> 40<br>]]></description>
      <Point>
        <coordinates>-83.2136227,42.3976246,0</coordinates>
      </Point>
    </Placemark>
    <Placemark>
      <name>Detroit Public Schools Community District</name>
      <description><![CDATA[<b>Name:</b> Erma Henderson Upper School<br><b>Address:</b> , <br><b>SSID:</b> eduroam<br><b>Enc:</b> WPA2<br><b>AP:</b> 40<br>]]></description>
      <Point>
        <coordinates>-83.2050974,42.364525,0</coordinates>
      </Point>
    </Placemark>
    <Placemark>
      <name>Detroit Public Schools Community District</name>
      <description><![CDATA[<b>Name:</b> Ernest J. Dossin Elementary-Middle School<br><b>Address:</b> , <br><b>SSID:</b> eduroam<br><b>Enc:</b> WPA2<br><b>AP:</b> 40<br>]]></description>
      <Point>
        <coordinates>-83.2107357,42.3826787,0</coordinates>
      </Point>
    </Placemark>
    <Placemark>
      <name>Detroit Public Schools Community District</name>
      <description><![CDATA[<b>Name:</b> Fisher Magnet Lower Academy<br><b>Address:</b> , <br><b>SSID:</b> eduroam<br><b>Enc:</b> WPA2<br><b>AP:</b> 40<br>]]></description>
      <Point>
        <coordinates>-82.9617938,42.4422084,0</coordinates>
      </Point>
    </Placemark>
    <Placemark>
      <name>Detroit Public Schools Community District</name>
      <description><![CDATA[<b>Name:</b> Foreign Language Immersion and Cultural Studies School (FLICS)<br><b>Address:</b> , <br><b>SSID:</b> eduroam<br><b>Enc:</b> WPA2<br><b>AP:</b> 40<br>]]></description>
      <Point>
        <coordinates>-83.1910399,42.419301,0</coordinates>
      </Point>
    </Placemark>
    <Placemark>
      <name>Detroit Public Schools Community District</name>
      <description><![CDATA[<b>Name:</b> Frank Cody High School<br><b>Address:</b> , <br><b>SSID:</b> eduroam<br><b>Enc:</b> WPA2<br><b>AP:</b> 40<br>]]></description>
      <Point>
        <coordinates>-83.2201498,42.3602123,0</coordinates>
      </Point>
    </Placemark>
    <Placemark>
      <name>Detroit Public Schools Community District</name>
      <description><![CDATA[<b>Name:</b> Frederick Douglass Academy for Young Men (FDA)<br><b>Address:</b> , <br><b>SSID:</b> eduroam<br><b>Enc:</b> WPA2<br><b>AP:</b> 40<br>]]></description>
      <Point>
        <coordinates>-83.080199,42.3830188,0</coordinates>
      </Point>
    </Placemark>
    <Placemark>
      <name>Detroit Public Schools Community District</name>
      <description><![CDATA[<b>Name:</b> Gardner Elementary School<br><b>Address:</b> , <br><b>SSID:</b> eduroam<br><b>Enc:</b> WPA2<br><b>AP:</b> 40<br>]]></description>
      <Point>
        <coordinates>-83.2016966,42.3394816,0</coordinates>
      </Point>
    </Placemark>
    <Placemark>
      <name>Detroit Public Schools Community District</name>
      <description><![CDATA[<b>Name:</b> Garvey Academy<br><b>Address:</b> , <br><b>SSID:</b> eduroam<br><b>Enc:</b> WPA2<br><b>AP:</b> 40<br>]]></description>
      <Point>
        <coordinates>-83.0013177,42.3592836,0</coordinates>
      </Point>
    </Placemark>
    <Placemark>
      <name>Detroit Public Schools Community District</name>
      <description><![CDATA[<b>Name:</b> Golightly Career and Technical Center<br><b>Address:</b> , <br><b>SSID:</b> eduroam<br><b>Enc:</b> WPA2<br><b>AP:</b> 10<br>]]></description>
      <Point>
        <coordinates>-82.951332,42.3698466,0</coordinates>
      </Point>
    </Placemark>
    <Placemark>
      <name>Detroit Public Schools Community District</name>
      <description><![CDATA[<b>Name:</b> Golightly Education Center<br><b>Address:</b> , <br><b>SSID:</b> eduroam<br><b>Enc:</b> WPA2<br><b>AP:</b> 40<br>]]></description>
      <Point>
        <coordinates>-83.0592933,42.3646589,0</coordinates>
      </Point>
    </Placemark>
    <Placemark>
      <name>Detroit Public Schools Community District</name>
      <description><![CDATA[<b>Name:</b> Greenfield Union Elementary-Middle School<br><b>Address:</b> , <br><b>SSID:</b> eduroam<br><b>Enc:</b> WPA2<br><b>AP:</b> 40<br>]]></description>
      <Point>
        <coordinates>-83.1077594,42.4325889,0</coordinates>
      </Point>
    </Placemark>
    <Placemark>
      <name>Detroit Public Schools Community District</name>
      <description><![CDATA[<b>Name:</b> Harms Elementary School<br><b>Address:</b> , <br><b>SSID:</b> eduroam<br><b>Enc:</b> WPA2<br><b>AP:</b> 40<br>]]></description>
      <Point>
        <coordinates>-83.1248566,42.3145619,0</coordinates>
      </Point>
    </Placemark>
    <Placemark>
      <name>Detroit Public Schools Community District</name>
      <description><![CDATA[<b>Name:</b> Hutchinson Elementary-Middle School at Howe<br><b>Address:</b> , <br><b>SSID:</b> eduroam<br><b>Enc:</b> WPA2<br><b>AP:</b> 40<br>]]></description>
      <Point>
        <coordinates>-82.982832,42.3695629,0</coordinates>
      </Point>
    </Placemark>
    <Placemark>
      <name>Detroit Public Schools Community District</name>
      <description><![CDATA[<b>Name:</b> Immaculata High School<br><b>Address:</b> , <br><b>SSID:</b> eduroam<br><b>Enc:</b> WPA2<br><b>AP:</b> 40<br>]]></description>
      <Point>
        <coordinates>-83.1561898,42.4148544,0</coordinates>
      </Point>
    </Placemark>
    <Placemark>
      <name>Detroit Public Schools Community District</name>
      <description><![CDATA[<b>Name:</b> J. E. Clark Preparatory Academy<br><b>Address:</b> , <br><b>SSID:</b> eduroam<br><b>Enc:</b> WPA2<br><b>AP:</b> 37<br>]]></description>
      <Point>
        <coordinates>-82.9411642,42.3942368,0</coordinates>
      </Point>
    </Placemark>
    <Placemark>
      <name>Detroit Public Schools Community District</name>
      <description><![CDATA[<b>Name:</b> Keidan Special Education Center<br><b>Address:</b> , <br><b>SSID:</b> eduroam<br><b>Enc:</b> WPA2<br><b>AP:</b> 40<br>]]></description>
      <Point>
        <coordinates>-83.1284385,42.3740142,0</coordinates>
      </Point>
    </Placemark>
    <Placemark>
      <name>Detroit Public Schools Community District</name>
      <description><![CDATA[<b>Name:</b> Legacy Academy<br><b>Address:</b> , <br><b>SSID:</b> eduroam<br><b>Enc:</b> WPA2<br><b>AP:</b> 40<br>]]></description>
      <Point>
        <coordinates>-83.0901548,42.3408079,0</coordinates>
      </Point>
    </Placemark>
    <Placemark>
      <name>Detroit Public Schools Community District</name>
      <description><![CDATA[<b>Name:</b> Mackenzie Elementary-Middle School<br><b>Address:</b> , <br><b>SSID:</b> eduroam<br><b>Enc:</b> WPA2<br><b>AP:</b> 40<br>]]></description>
      <Point>
        <coordinates>-83.1598625,42.3654102,0</coordinates>
      </Point>
    </Placemark>
    <Placemark>
      <name>Detroit Public Schools Community District</name>
      <description><![CDATA[<b>Name:</b> Mann Elementary School<br><b>Address:</b> , <br><b>SSID:</b> eduroam<br><b>Enc:</b> WPA2<br><b>AP:</b> 40<br>]]></description>
      <Point>
        <coordinates>-83.2342059,42.3683911,0</coordinates>
      </Point>
    </Placemark>
    <Placemark>
      <name>Detroit Public Schools Community District</name>
      <description><![CDATA[<b>Name:</b> Mark Twain School for Scholars<br><b>Address:</b> , <br><b>SSID:</b> eduroam<br><b>Enc:</b> WPA2<br><b>AP:</b> 40<br>]]></description>
      <Point>
        <coordinates>-83.1005505,42.3631727,0</coordinates>
      </Point>
    </Placemark>
    <Placemark>
      <name>Detroit Public Schools Community District</name>
      <description><![CDATA[<b>Name:</b> Marquette Elementary-Middle School<br><b>Address:</b> , <br><b>SSID:</b> eduroam<br><b>Enc:</b> WPA2<br><b>AP:</b> 40<br>]]></description>
      <Point>
        <coordinates>-82.9229273,42.4199368,0</coordinates>
      </Point>
    </Placemark>
    <Placemark>
      <name>Detroit Public Schools Community District</name>
      <description><![CDATA[<b>Name:</b> Martin Luther King Jr. Senior High School<br><b>Address:</b> , <br><b>SSID:</b> eduroam<br><b>Enc:</b> WPA2<br><b>AP:</b> 40<br>]]></description>
      <Point>
        <coordinates>-83.0167447,42.3435681,0</coordinates>
      </Point>
    </Placemark>
    <Placemark>
      <name>Detroit Public Schools Community District</name>
      <description><![CDATA[<b>Name:</b> Mason Academy<br><b>Address:</b> , <br><b>SSID:</b> eduroam<br><b>Enc:</b> WPA2<br><b>AP:</b> 40<br>]]></description>
      <Point>
        <coordinates>-83.0547635,42.4422244,0</coordinates>
      </Point>
    </Placemark>
    <Placemark>
      <name>Detroit Public Schools Community District</name>
      <description><![CDATA[<b>Name:</b> Maybury Elementary School<br><b>Address:</b> , <br><b>SSID:</b> eduroam<br><b>Enc:</b> WPA2<br><b>AP:</b> 40<br>]]></description>
      <Point>
        <coordinates>-83.0938001,42.316598,0</coordinates>
      </Point>
    </Placemark>
    <Placemark>
      <name>Detroit Public Schools Community District</name>
      <description><![CDATA[<b>Name:</b> Moses Field Elementary School<br><b>Address:</b> , <br><b>SSID:</b> eduroam<br><b>Enc:</b> WPA2<br><b>AP:</b> 40<br>]]></description>
      <Point>
        <coordinates>-83.0014744,42.3524905,0</coordinates>
      </Point>
    </Placemark>
    <Placemark>
      <name>Detroit Public Schools Community District</name>
      <description><![CDATA[<b>Name:</b> Mumford High School<br><b>Address:</b> , <br><b>SSID:</b> eduroam<br><b>Enc:</b> WPA2<br><b>AP:</b> 10<br>]]></description>
      <Point>
        <coordinates>-83.1612884,42.4212848,0</coordinates>
      </Point>
    </Placemark>
    <Placemark>
      <name>Detroit Public Schools Community District</name>
      <description><![CDATA[<b>Name:</b> Munger Elementary-Middle School<br><b>Address:</b> , <br><b>SSID:</b> eduroam<br><b>Enc:</b> WPA2<br><b>AP:</b> 40<br>]]></description>
      <Point>
        <coordinates>-83.1330684,42.3378763,0</coordinates>
      </Point>
    </Placemark>
    <Placemark>
      <name>Detroit Public Schools Community District</name>
      <description><![CDATA[<b>Name:</b> Neinas Dual Language Learning Academy<br><b>Address:</b> , <br><b>SSID:</b> eduroam<br><b>Enc:</b> WPA2<br><b>AP:</b> 40<br>]]></description>
      <Point>
        <coordinates>-83.1071332,42.317167,0</coordinates>
      </Point>
    </Placemark>
    <Placemark>
      <name>Detroit Public Schools Community District</name>
      <description><![CDATA[<b>Name:</b> Nichols Elementary-Middle School<br><b>Address:</b> , <br><b>SSID:</b> eduroam<br><b>Enc:</b> WPA2<br><b>AP:</b> 40<br>]]></description>
      <Point>
        <coordinates>-82.9982405,42.367025,0</coordinates>
      </Point>
    </Placemark>
    <Placemark>
      <name>Detroit Public Schools Community District</name>
      <description><![CDATA[<b>Name:</b> Noble Elementary-Middle School<br><b>Address:</b> , <br><b>SSID:</b> eduroam<br><b>Enc:</b> WPA2<br><b>AP:</b> 40<br>]]></description>
      <Point>
        <coordinates>-83.1557493,42.3814513,0</coordinates>
      </Point>
    </Placemark>
    <Placemark>
      <name>Detroit Public Schools Community District</name>
      <description><![CDATA[<b>Name:</b> Northwestern High School<br><b>Address:</b> , <br><b>SSID:</b> eduroam<br><b>Enc:</b> WPA2<br><b>AP:</b> 40<br>]]></description>
      <Point>
        <coordinates>-83.1024083,42.3582544,0</coordinates>
      </Point>
    </Placemark>
    <Placemark>
      <name>Detroit Public Schools Community District</name>
      <description><![CDATA[<b>Name:</b> Osborn High School<br><b>Address:</b> , <br><b>SSID:</b> eduroam<br><b>Enc:</b> WPA2<br><b>AP:</b> 10<br>]]></description>
      <Point>
        <coordinates>-83.0034504,42.4337409,0</coordinates>
      </Point>
    </Placemark>
    <Placemark>
      <name>Detroit Public Schools Community District</name>
      <description><![CDATA[<b>Name:</b> Palmer Park Preparatory Academy<br><b>Address:</b> , <br><b>SSID:</b> eduroam<br><b>Enc:</b> WPA2<br><b>AP:</b> 40<br>]]></description>
      <Point>
        <coordinates>-83.1392557,42.4271459,0</coordinates>
      </Point>
    </Placemark>
    <Placemark>
      <name>Detroit Public Schools Community District</name>
      <description><![CDATA[<b>Name:</b> Pasteur Elementary School<br><b>Address:</b> , <br><b>SSID:</b> eduroam<br><b>Enc:</b> WPA2<br><b>AP:</b> 40<br>]]></description>
      <Point>
        <coordinates>-83.1431759,42.4381862,0</coordinates>
      </Point>
    </Placemark>
    <Placemark>
      <name>Detroit Public Schools Community District</name>
      <description><![CDATA[<b>Name:</b> Paul Robeson Malcolm X Academy<br><b>Address:</b> , <br><b>SSID:</b> eduroam<br><b>Enc:</b> WPA2<br><b>AP:</b> 40<br>]]></description>
      <Point>
        <coordinates>-83.206007,42.3984734,0</coordinates>
      </Point>
    </Placemark>
    <Placemark>
      <name>Detroit Public Schools Community District</name>
      <description><![CDATA[<b>Name:</b> Philip Randolph Career and Technical Center<br><b>Address:</b> , <br><b>SSID:</b> eduroam<br><b>Enc:</b> WPA2<br><b>AP:</b> 10<br>]]></description>
      <Point>
        <coordinates>-83.1913931,42.4175996,0</coordinates>
      </Point>
    </Placemark>
    <Placemark>
      <name>Detroit Public Schools Community District</name>
      <description><![CDATA[<b>Name:</b> Priest Elementary-Middle School<br><b>Address:</b> , <br><b>SSID:</b> eduroam<br><b>Enc:</b> WPA2<br><b>AP:</b> 40<br>]]></description>
      <Point>
        <coordinates>-83.1438207,42.3377004,0</coordinates>
      </Point>
    </Placemark>
    <Placemark>
      <name>Detroit Public Schools Community District</name>
      <description><![CDATA[<b>Name:</b> Pulaski Elementary-Middle School<br><b>Address:</b> , <br><b>SSID:</b> eduroam<br><b>Enc:</b> WPA2<br><b>AP:</b> 40<br>]]></description>
      <Point>
        <coordinates>-82.9822441,42.4362738,0</coordinates>
      </Point>
    </Placemark>
    <Placemark>
      <name>Detroit Public Schools Community District</name>
      <description><![CDATA[<b>Name:</b> Ralph W. Emerson Elementary-Middle School<br><b>Address:</b> , <br><b>SSID:</b> eduroam<br><b>Enc:</b> WPA2<br><b>AP:</b> 40<br>]]></description>
      <Point>
        <coordinates>-83.2335366,42.4228148,0</coordinates>
      </Point>
    </Placemark>
    <Placemark>
      <name>Detroit Public Schools Community District</name>
      <description><![CDATA[<b>Name:</b> Renaissance High School<br><b>Address:</b> , <br><b>SSID:</b> eduroam<br><b>Enc:</b> WPA2<br><b>AP:</b> 40<br>]]></description>
      <Point>
        <coordinates>-83.1945399,42.4179045,0</coordinates>
      </Point>
    </Placemark>
    <Placemark>
      <name>Detroit Public Schools Community District</name>
      <description><![CDATA[<b>Name:</b> Ronald Brown Academy<br><b>Address:</b> , <br><b>SSID:</b> eduroam<br><b>Enc:</b> WPA2<br><b>AP:</b> 40<br>]]></description>
      <Point>
        <coordinates>-82.9478031,42.4043497,0</coordinates>
      </Point>
    </Placemark>
    <Placemark>
      <name>Detroit Public Schools Community District</name>
      <description><![CDATA[<b>Name:</b> Sampson-Webber Leadership Academy<br><b>Address:</b> , <br><b>SSID:</b> eduroam<br><b>Enc:</b> WPA2<br><b>AP:</b> 40<br>]]></description>
      <Point>
        <coordinates>-83.1187408,42.3538935,0</coordinates>
      </Point>
    </Placemark>
    <Placemark>
      <name>Detroit Public Schools Community District</name>
      <description><![CDATA[<b>Name:</b> Samuel Gompers Elementary-Middle School<br><b>Address:</b> , <br><b>SSID:</b> eduroam<br><b>Enc:</b> WPA2<br><b>AP:</b> 40<br>]]></description>
      <Point>
        <coordinates>-83.2463351,42.3927503,0</coordinates>
      </Point>
    </Placemark>
    <Placemark>
      <name>Detroit Public Schools Community District</name>
      <description><![CDATA[<b>Name:</b> Schulze Academy for Technology and the Arts<br><b>Address:</b> , <br><b>SSID:</b> eduroam<br><b>Enc:</b> WPA2<br><b>AP:</b> 40<br>]]></description>
      <Point>
        <coordinates>-83.168373,42.419763,0</coordinates>
      </Point>
    </Placemark>
    <Placemark>
      <name>Detroit Public Schools Community District</name>
      <description><![CDATA[<b>Name:</b> Southeastern High School of Technology and Law<br><b>Address:</b> , <br><b>SSID:</b> eduroam<br><b>Enc:</b> WPA2<br><b>AP:</b> 40<br>]]></description>
      <Point>
        <coordinates>-83.7254996,42.2575012,0</coordinates>
      </Point>
    </Placemark>
    <Placemark>
      <name>Detroit Public Schools Community District</name>
      <description><![CDATA[<b>Name:</b> Support Services Complex<br><b>Address:</b> , <br><b>SSID:</b> eduroam<br><b>Enc:</b> WPA2<br><b>AP:</b> 4<br>]]></description>
      <Point>
        <coordinates>-83.0483879,42.3652121,0</coordinates>
      </Point>
    </Placemark>
    <Placemark>
      <name>Detroit Public Schools Community District</name>
      <description><![CDATA[<b>Name:</b> The School at Marygrove Elementary<br><b>Address:</b> , <br><b>SSID:</b> eduroam<br><b>Enc:</b> WPA2<br><b>AP:</b> 40<br>]]></description>
      <Point>
        <coordinates>-83.151876,42.4142889,0</coordinates>
      </Point>
    </Placemark>
    <Placemark>
      <name>Detroit Public Schools Community District</name>
      <description><![CDATA[<b>Name:</b> Thirkell Elementary-Middle School<br><b>Address:</b> , <br><b>SSID:</b> eduroam<br><b>Enc:</b> WPA2<br><b>AP:</b> 40<br>]]></description>
      <Point>
        <coordinates>-83.0967933,42.3665227,0</coordinates>
      </Point>
    </Placemark>
    <Placemark>
      <name>Detroit Public Schools Community District</name>
      <description><![CDATA[<b>Name:</b> Thurgood Marshall Elementary School<br><b>Address:</b> , <br><b>SSID:</b> eduroam<br><b>Enc:</b> WPA2<br><b>AP:</b> 40<br>]]></description>
      <Point>
        <coordinates>-83.128172,42.4060138,0</coordinates>
      </Point>
    </Placemark>
    <Placemark>
      <name>Detroit Public Schools Community District</name>
      <description><![CDATA[<b>Name:</b> Turning Point Academy<br><b>Address:</b> , <br><b>SSID:</b> eduroam<br><b>Enc:</b> WPA2<br><b>AP:</b> 40<br>]]></description>
      <Point>
        <coordinates>-82.9955117,42.4299034,0</coordinates>
      </Point>
    </Placemark>
    <Placemark>
      <name>Detroit Public Schools Community District</name>
      <description><![CDATA[<b>Name:</b> Turning Point Academy at Fleming<br><b>Address:</b> , <br><b>SSID:</b> eduroam<br><b>Enc:</b> WPA2<br><b>AP:</b> 40<br>]]></description>
      <Point>
        <coordinates>-82.9955117,42.4299034,0</coordinates>
      </Point>
    </Placemark>
    <Placemark>
      <name>Detroit Public Schools Community District</name>
      <description><![CDATA[<b>Name:</b> Wayne Elementary School<br><b>Address:</b> , <br><b>SSID:</b> eduroam<br><b>Enc:</b> WPA2<br><b>AP:</b> 40<br>]]></description>
      <Point>
        <coordinates>-82.9562951,42.4157282,0</coordinates>
      </Point>
    </Placemark>
    <Placemark>
      <name>Detroit Public Schools Community District</name>
      <description><![CDATA[<b>Name:</b> West Side Academy (WSA)<br><b>Address:</b> , <br><b>SSID:</b> eduroam<br><b>Enc:</b> WPA2<br><b>AP:</b> 40<br>]]></description>
      <Point>
        <coordinates>-83.1035683,42.3422288,0</coordinates>
      </Point>
    </Placemark>
    <Placemark>
      <name>Detroit Public Schools Community District</name>
      <description><![CDATA[<b>Name:</b> West Side Bus Terminal<br><b>Address:</b> , <br><b>SSID:</b> eduroam<br><b>Enc:</b> WPA2<br><b>AP:</b> 4<br>]]></description>
      <Point>
        <coordinates>-83.1977479,42.3529111,0</coordinates>
      </Point>
    </Placemark>
    <Placemark>
      <name>Detroit Public Schools Community District</name>
      <description><![CDATA[<b>Name:</b> Western International High School<br><b>Address:</b> , <br><b>SSID:</b> eduroam<br><b>Enc:</b> WPA2<br><b>AP:</b> 40<br>]]></description>
      <Point>
        <coordinates>-83.0914962,42.3188354,0</coordinates>
      </Point>
    </Placemark>
    <Placemark>
      <name>Downtown Detroit Partnership - Parks &amp; Rec</name>
      <description><![CDATA[<b>Name:</b> Atheneum Hotel<br><b>Address:</b> , <br><b>SSID:</b> eduroam<br><b>Enc:</b> WPA2<br><b>AP:</b> 10<br>]]></description>
      <Point>
        <coordinates>-83.0428465,42.3341515,0</coordinates>
      </Point>
    </Placemark>
    <Placemark>
      <name>Downtown Detroit Partnership - Parks &amp; Rec</name>
      <description><![CDATA[<b>Name:</b> DDP - Campus Martius 1<br><b>Address:</b> , <br><b>SSID:</b> eduroam<br><b>Enc:</b> WPA2<br><b>AP:</b> 1<br>]]></description>
      <Point>
        <coordinates>-83.0465439,42.3314078,0</coordinates>
      </Point>
    </Placemark>
    <Placemark>
      <name>Downtown Detroit Partnership - Parks &amp; Rec</name>
      <description><![CDATA[<b>Name:</b> DDP - Campus Martius 2<br><b>Address:</b> , <br><b>SSID:</b> eduroam<br><b>Enc:</b> WPA2<br><b>AP:</b> 1<br>]]></description>
      <Point>
        <coordinates>-83.0465439,42.3314078,0</coordinates>
      </Point>
    </Placemark>
    <Placemark>
      <name>Downtown Detroit Partnership - Parks &amp; Rec</name>
      <description><![CDATA[<b>Name:</b> DDP - Campus Martius 3<br><b>Address:</b> , <br><b>SSID:</b> eduroam<br><b>Enc:</b> WPA2<br><b>AP:</b> 1<br>]]></description>
      <Point>
        <coordinates>-83.0465439,42.3314078,0</coordinates>
      </Point>
    </Placemark>
    <Placemark>
      <name>Downtown Detroit Partnership - Parks &amp; Rec</name>
      <description><![CDATA[<b>Name:</b> DDP Parks &amp; Rec<br><b>Address:</b> , <br><b>SSID:</b> eduroam<br><b>Enc:</b> WPA2<br><b>AP:</b> 1400<br>]]></description>
      <Point>
        <coordinates>-83.0424936,42.3353002,0</coordinates>
      </Point>
    </Placemark>
    <Placemark>
      <name>Downtown Detroit Partnership - Parks &amp; Rec</name>
      <description><![CDATA[<b>Name:</b> Hellenic Museum of Michigan<br><b>Address:</b> , <br><b>SSID:</b> eduroam<br><b>Enc:</b> WPA2<br><b>AP:</b> 8<br>]]></description>
      <Point>
        <coordinates>-83.0656764,42.360857,0</coordinates>
      </Point>
    </Placemark>
    <Placemark>
      <name>Eastern Michigan University</name>
      <description><![CDATA[<b>Name:</b> 511 W Forest Ave<br><b>Address:</b> , <br><b>SSID:</b> eduroam<br><b>Enc:</b> WPA2+WPA<br><b>AP:</b> 9<br>]]></description>
      <Point>
        <coordinates>-83.6201973,42.2475016,0</coordinates>
      </Point>
    </Placemark>
    <Placemark>
      <name>Eastern Michigan University</name>
      <description><![CDATA[<b>Name:</b> 611 W Cross St<br><b>Address:</b> , <br><b>SSID:</b> eduroam<br><b>Enc:</b> WPA2+WPA<br><b>AP:</b> 8<br>]]></description>
      <Point>
        <coordinates>-83.6214913,42.2455478,0</coordinates>
      </Point>
    </Placemark>
    <Placemark>
      <name>Eastern Michigan University</name>
      <description><![CDATA[<b>Name:</b> Alexander Music Building<br><b>Address:</b> , <br><b>SSID:</b> eduroam<br><b>Enc:</b> WPA2+WPA<br><b>AP:</b> 77<br>]]></description>
      <Point>
        <coordinates>-83.620149,42.2494553,0</coordinates>
      </Point>
    </Placemark>
    <Placemark>
      <name>Eastern Michigan University</name>
      <description><![CDATA[<b>Name:</b> Best Hall<br><b>Address:</b> , <br><b>SSID:</b> eduroam<br><b>Enc:</b> WPA2+WPA<br><b>AP:</b> 65<br>]]></description>
      <Point>
        <coordinates>-83.621474,42.2506664,0</coordinates>
      </Point>
    </Placemark>
    <Placemark>
      <name>Eastern Michigan University</name>
      <description><![CDATA[<b>Name:</b> Boone Hall<br><b>Address:</b> , <br><b>SSID:</b> eduroam<br><b>Enc:</b> WPA2+WPA<br><b>AP:</b> 26<br>]]></description>
      <Point>
        <coordinates>-83.6228657,42.2459846,0</coordinates>
      </Point>
    </Placemark>
    <Placemark>
      <name>Eastern Michigan University</name>
      <description><![CDATA[<b>Name:</b> Briggs Hall<br><b>Address:</b> , <br><b>SSID:</b> eduroam<br><b>Enc:</b> WPA2+WPA<br><b>AP:</b> 8<br>]]></description>
      <Point>
        <coordinates>-83.6257571,42.2468662,0</coordinates>
      </Point>
    </Placemark>
    <Placemark>
      <name>Eastern Michigan University</name>
      <description><![CDATA[<b>Name:</b> Brown<br><b>Address:</b> , <br><b>SSID:</b> eduroam<br><b>Enc:</b> WPA2+WPA<br><b>AP:</b> 70<br>]]></description>
      <Point>
        <coordinates>-83.6263771,42.249086,0</coordinates>
      </Point>
    </Placemark>
    <Placemark>
      <name>Eastern Michigan University</name>
      <description><![CDATA[<b>Name:</b> Buell Hall<br><b>Address:</b> , <br><b>SSID:</b> eduroam<br><b>Enc:</b> WPA2+WPA<br><b>AP:</b> 76<br>]]></description>
      <Point>
        <coordinates>-83.6229247,42.2511111,0</coordinates>
      </Point>
    </Placemark>
    <Placemark>
      <name>Eastern Michigan University</name>
      <description><![CDATA[<b>Name:</b> Coatings Research<br><b>Address:</b> , <br><b>SSID:</b> eduroam<br><b>Enc:</b> WPA2+WPA<br><b>AP:</b> 2<br>]]></description>
      <Point>
        <coordinates>-83.6191255,42.2483772,0</coordinates>
      </Point>
    </Placemark>
    <Placemark>
      <name>Eastern Michigan University</name>
      <description><![CDATA[<b>Name:</b> College Of Business<br><b>Address:</b> , <br><b>SSID:</b> eduroam<br><b>Enc:</b> WPA2+WPA<br><b>AP:</b> 82<br>]]></description>
      <Point>
        <coordinates>-83.6167288,42.2414177,0</coordinates>
      </Point>
    </Placemark>
    <Placemark>
      <name>Eastern Michigan University</name>
      <description><![CDATA[<b>Name:</b> Convocation Center<br><b>Address:</b> , <br><b>SSID:</b> eduroam<br><b>Enc:</b> WPA2+WPA<br><b>AP:</b> 47<br>]]></description>
      <Point>
        <coordinates>-83.6473274,42.2542201,0</coordinates>
      </Point>
    </Placemark>
    <Placemark>
      <name>Eastern Michigan University</name>
      <description><![CDATA[<b>Name:</b> DC1<br><b>Address:</b> , <br><b>SSID:</b> eduroam<br><b>Enc:</b> WPA2+WPA<br><b>AP:</b> 17<br>]]></description>
      <Point>
        <coordinates>-83.6222541,42.2509205,0</coordinates>
      </Point>
    </Placemark>
    <Placemark>
      <name>Eastern Michigan University</name>
      <description><![CDATA[<b>Name:</b> Dome<br><b>Address:</b> , <br><b>SSID:</b> eduroam<br><b>Enc:</b> WPA2+WPA<br><b>AP:</b> 1<br>]]></description>
      <Point>
        <coordinates>-83.6460784,42.2576824,0</coordinates>
      </Point>
    </Placemark>
    <Placemark>
      <name>Eastern Michigan University</name>
      <description><![CDATA[<b>Name:</b> Downing Hall<br><b>Address:</b> , <br><b>SSID:</b> eduroam<br><b>Enc:</b> WPA2+WPA<br><b>AP:</b> 75<br>]]></description>
      <Point>
        <coordinates>-83.6222959,42.2504301,0</coordinates>
      </Point>
    </Placemark>
    <Placemark>
      <name>Eastern Michigan University</name>
      <description><![CDATA[<b>Name:</b> Eastern Michigan Univ-Livonia Center<br><b>Address:</b> , <br><b>SSID:</b> eduroam<br><b>Enc:</b> WPA2+WPA<br><b>AP:</b> 12<br>]]></description>
      <Point>
        <coordinates>-83.4272468,42.4098409,0</coordinates>
      </Point>
    </Placemark>
    <Placemark>
      <name>Eastern Michigan University</name>
      <description><![CDATA[<b>Name:</b> Eateries<br><b>Address:</b> , <br><b>SSID:</b> eduroam<br><b>Enc:</b> WPA2+WPA<br><b>AP:</b> 8<br>]]></description>
      <Point>
        <coordinates>-83.622901,42.252346,0</coordinates>
      </Point>
    </Placemark>
    <Placemark>
      <name>Eastern Michigan University</name>
      <description><![CDATA[<b>Name:</b> Fletcher<br><b>Address:</b> , <br><b>SSID:</b> eduroam<br><b>Enc:</b> WPA2+WPA<br><b>AP:</b> 30<br>]]></description>
      <Point>
        <coordinates>-83.6348605,42.2540534,0</coordinates>
      </Point>
    </Placemark>
    <Placemark>
      <name>Eastern Michigan University</name>
      <description><![CDATA[<b>Name:</b> Ford Hall<br><b>Address:</b> , <br><b>SSID:</b> eduroam<br><b>Enc:</b> WPA2+WPA<br><b>AP:</b> 30<br>]]></description>
      <Point>
        <coordinates>-83.6237884,42.2464016,0</coordinates>
      </Point>
    </Placemark>
    <Placemark>
      <name>Eastern Michigan University</name>
      <description><![CDATA[<b>Name:</b> Halle Library<br><b>Address:</b> , <br><b>SSID:</b> eduroam<br><b>Enc:</b> WPA2+WPA<br><b>AP:</b> 86<br>]]></description>
      <Point>
        <coordinates>-83.6277366,42.2487127,0</coordinates>
      </Point>
    </Placemark>
    <Placemark>
      <name>Eastern Michigan University</name>
      <description><![CDATA[<b>Name:</b> Hill Hall<br><b>Address:</b> , <br><b>SSID:</b> eduroam<br><b>Enc:</b> WPA2+WPA<br><b>AP:</b> 88<br>]]></description>
      <Point>
        <coordinates>-83.6288555,42.2534856,0</coordinates>
      </Point>
    </Placemark>
    <Placemark>
      <name>Eastern Michigan University</name>
      <description><![CDATA[<b>Name:</b> Hover Building<br><b>Address:</b> , <br><b>SSID:</b> eduroam<br><b>Enc:</b> WPA2+WPA<br><b>AP:</b> 6<br>]]></description>
      <Point>
        <coordinates>-83.6250653,42.2475731,0</coordinates>
      </Point>
    </Placemark>
    <Placemark>
      <name>Eastern Michigan University</name>
      <description><![CDATA[<b>Name:</b> Hoyt Hall<br><b>Address:</b> , <br><b>SSID:</b> eduroam<br><b>Enc:</b> WPA2+WPA<br><b>AP:</b> 92<br>]]></description>
      <Point>
        <coordinates>-83.6288953,42.2539343,0</coordinates>
      </Point>
    </Placemark>
    <Placemark>
      <name>Eastern Michigan University</name>
      <description><![CDATA[<b>Name:</b> King Hall<br><b>Address:</b> , <br><b>SSID:</b> eduroam<br><b>Enc:</b> WPA2+WPA<br><b>AP:</b> 65<br>]]></description>
      <Point>
        <coordinates>-83.624089,42.2474182,0</coordinates>
      </Point>
    </Placemark>
    <Placemark>
      <name>Eastern Michigan University</name>
      <description><![CDATA[<b>Name:</b> Lakehouse<br><b>Address:</b> , <br><b>SSID:</b> eduroam<br><b>Enc:</b> WPA2+WPA<br><b>AP:</b> 1<br>]]></description>
      <Point>
        <coordinates>-83.6252613,42.2520879,0</coordinates>
      </Point>
    </Placemark>
    <Placemark>
      <name>Eastern Michigan University</name>
      <description><![CDATA[<b>Name:</b> Mark Jefferson Science Complex<br><b>Address:</b> , <br><b>SSID:</b> eduroam<br><b>Enc:</b> WPA2+WPA<br><b>AP:</b> 159<br>]]></description>
      <Point>
        <coordinates>-83.6266425,42.2474222,0</coordinates>
      </Point>
    </Placemark>
    <Placemark>
      <name>Eastern Michigan University</name>
      <description><![CDATA[<b>Name:</b> Marshall Building<br><b>Address:</b> , <br><b>SSID:</b> eduroam<br><b>Enc:</b> WPA2+WPA<br><b>AP:</b> 34<br>]]></description>
      <Point>
        <coordinates>-83.6239707,42.2480734,0</coordinates>
      </Point>
    </Placemark>
    <Placemark>
      <name>Eastern Michigan University</name>
      <description><![CDATA[<b>Name:</b> McKenny Hall<br><b>Address:</b> , <br><b>SSID:</b> eduroam<br><b>Enc:</b> WPA2+WPA<br><b>AP:</b> 76<br>]]></description>
      <Point>
        <coordinates>-83.6255801,42.2461911,0</coordinates>
      </Point>
    </Placemark>
    <Placemark>
      <name>Eastern Michigan University</name>
      <description><![CDATA[<b>Name:</b> Munson<br><b>Address:</b> , <br><b>SSID:</b> eduroam<br><b>Enc:</b> WPA2+WPA<br><b>AP:</b> 60<br>]]></description>
      <Point>
        <coordinates>-83.6264762,42.2484427,0</coordinates>
      </Point>
    </Placemark>
    <Placemark>
      <name>Eastern Michigan University</name>
      <description><![CDATA[<b>Name:</b> Phelps Hall<br><b>Address:</b> , <br><b>SSID:</b> eduroam<br><b>Enc:</b> WPA2+WPA<br><b>AP:</b> 60<br>]]></description>
      <Point>
        <coordinates>-83.6236818,42.2525922,0</coordinates>
      </Point>
    </Placemark>
    <Placemark>
      <name>Eastern Michigan University</name>
      <description><![CDATA[<b>Name:</b> Physical Plant<br><b>Address:</b> , <br><b>SSID:</b> eduroam<br><b>Enc:</b> WPA2+WPA<br><b>AP:</b> 13<br>]]></description>
      <Point>
        <coordinates>-83.622327,42.2531203,0</coordinates>
      </Point>
    </Placemark>
    <Placemark>
      <name>Eastern Michigan University</name>
      <description><![CDATA[<b>Name:</b> Pierce Hall<br><b>Address:</b> , <br><b>SSID:</b> eduroam<br><b>Enc:</b> WPA2+WPA<br><b>AP:</b> 33<br>]]></description>
      <Point>
        <coordinates>-83.6225762,42.246759,0</coordinates>
      </Point>
    </Placemark>
    <Placemark>
      <name>Eastern Michigan University</name>
      <description><![CDATA[<b>Name:</b> Pittman Hall<br><b>Address:</b> , <br><b>SSID:</b> eduroam<br><b>Enc:</b> WPA2+WPA<br><b>AP:</b> 87<br>]]></description>
      <Point>
        <coordinates>-83.6282117,42.2534657,0</coordinates>
      </Point>
    </Placemark>
    <Placemark>
      <name>Eastern Michigan University</name>
      <description><![CDATA[<b>Name:</b> Porter<br><b>Address:</b> , <br><b>SSID:</b> eduroam<br><b>Enc:</b> WPA2+WPA<br><b>AP:</b> 78<br>]]></description>
      <Point>
        <coordinates>-83.6235579,42.248951,0</coordinates>
      </Point>
    </Placemark>
    <Placemark>
      <name>Eastern Michigan University</name>
      <description><![CDATA[<b>Name:</b> Pray-Harrold<br><b>Address:</b> , <br><b>SSID:</b> eduroam<br><b>Enc:</b> WPA2+WPA<br><b>AP:</b> 175<br>]]></description>
      <Point>
        <coordinates>-83.6228032,42.2495551,0</coordinates>
      </Point>
    </Placemark>
    <Placemark>
      <name>Eastern Michigan University</name>
      <description><![CDATA[<b>Name:</b> Public Safety Building<br><b>Address:</b> , <br><b>SSID:</b> eduroam<br><b>Enc:</b> WPA2+WPA<br><b>AP:</b> 30<br>]]></description>
      <Point>
        <coordinates>-83.6281577,42.2540216,0</coordinates>
      </Point>
    </Placemark>
    <Placemark>
      <name>Eastern Michigan University</name>
      <description><![CDATA[<b>Name:</b> Putnam Hall<br><b>Address:</b> , <br><b>SSID:</b> eduroam<br><b>Enc:</b> WPA2+WPA<br><b>AP:</b> 58<br>]]></description>
      <Point>
        <coordinates>-83.6222174,42.2525763,0</coordinates>
      </Point>
    </Placemark>
    <Placemark>
      <name>Eastern Michigan University</name>
      <description><![CDATA[<b>Name:</b> Quirk Sponberg Theatres<br><b>Address:</b> , <br><b>SSID:</b> eduroam<br><b>Enc:</b> WPA2+WPA<br><b>AP:</b> 30<br>]]></description>
      <Point>
        <coordinates>-83.6215851,42.2495049,0</coordinates>
      </Point>
    </Placemark>
    <Placemark>
      <name>Eastern Michigan University</name>
      <description><![CDATA[<b>Name:</b> Rec/IM<br><b>Address:</b> , <br><b>SSID:</b> eduroam<br><b>Enc:</b> WPA2+WPA<br><b>AP:</b> 30<br>]]></description>
      <Point>
        <coordinates>-83.6251724,42.250313,0</coordinates>
      </Point>
    </Placemark>
    <Placemark>
      <name>Eastern Michigan University</name>
      <description><![CDATA[<b>Name:</b> Roosevelt Hall<br><b>Address:</b> , <br><b>SSID:</b> eduroam<br><b>Enc:</b> WPA2+WPA<br><b>AP:</b> 41<br>]]></description>
      <Point>
        <coordinates>-83.6226457,42.2476882,0</coordinates>
      </Point>
    </Placemark>
    <Placemark>
      <name>Eastern Michigan University</name>
      <description><![CDATA[<b>Name:</b> Sellers Hall<br><b>Address:</b> , <br><b>SSID:</b> eduroam<br><b>Enc:</b> WPA2+WPA<br><b>AP:</b> 61<br>]]></description>
      <Point>
        <coordinates>-83.6236489,42.2520681,0</coordinates>
      </Point>
    </Placemark>
    <Placemark>
      <name>Eastern Michigan University</name>
      <description><![CDATA[<b>Name:</b> Sherzer Hall<br><b>Address:</b> , <br><b>SSID:</b> eduroam<br><b>Enc:</b> WPA2+WPA<br><b>AP:</b> 26<br>]]></description>
      <Point>
        <coordinates>-83.6249231,42.2470787,0</coordinates>
      </Point>
    </Placemark>
    <Placemark>
      <name>Eastern Michigan University</name>
      <description><![CDATA[<b>Name:</b> Sill Hall<br><b>Address:</b> , <br><b>SSID:</b> eduroam<br><b>Enc:</b> WPA2+WPA<br><b>AP:</b> 50<br>]]></description>
      <Point>
        <coordinates>-83.6199329,42.2487902,0</coordinates>
      </Point>
    </Placemark>
    <Placemark>
      <name>Eastern Michigan University</name>
      <description><![CDATA[<b>Name:</b> Strong Hall<br><b>Address:</b> , <br><b>SSID:</b> eduroam<br><b>Enc:</b> WPA2+WPA<br><b>AP:</b> 11<br>]]></description>
      <Point>
        <coordinates>-83.6263528,42.2479463,0</coordinates>
      </Point>
    </Placemark>
    <Placemark>
      <name>Eastern Michigan University</name>
      <description><![CDATA[<b>Name:</b> Student Center<br><b>Address:</b> , <br><b>SSID:</b> eduroam<br><b>Enc:</b> WPA2+WPA<br><b>AP:</b> 60<br>]]></description>
      <Point>
        <coordinates>-83.6274093,42.2516789,0</coordinates>
      </Point>
    </Placemark>
    <Placemark>
      <name>Eastern Michigan University</name>
      <description><![CDATA[<b>Name:</b> Team Building<br><b>Address:</b> , <br><b>SSID:</b> eduroam<br><b>Enc:</b> WPA2+WPA<br><b>AP:</b> 5<br>]]></description>
      <Point>
        <coordinates>-83.647398,42.2568566,0</coordinates>
      </Point>
    </Placemark>
    <Placemark>
      <name>Eastern Michigan University</name>
      <description><![CDATA[<b>Name:</b> Terrestrial and Aquatic Ecology Research Facility<br><b>Address:</b> , <br><b>SSID:</b> eduroam<br><b>Enc:</b> WPA2+WPA<br><b>AP:</b> 1<br>]]></description>
      <Point>
        <coordinates>-83.6264642,42.2468697,0</coordinates>
      </Point>
    </Placemark>
    <Placemark>
      <name>Eastern Michigan University</name>
      <description><![CDATA[<b>Name:</b> Village A<br><b>Address:</b> , <br><b>SSID:</b> eduroam<br><b>Enc:</b> WPA2+WPA<br><b>AP:</b> 11<br>]]></description>
      <Point>
        <coordinates>-83.6298318,42.2540574,0</coordinates>
      </Point>
    </Placemark>
    <Placemark>
      <name>Eastern Michigan University</name>
      <description><![CDATA[<b>Name:</b> Village B<br><b>Address:</b> , <br><b>SSID:</b> eduroam<br><b>Enc:</b> WPA2+WPA<br><b>AP:</b> 11<br>]]></description>
      <Point>
        <coordinates>-83.6298211,42.2537119,0</coordinates>
      </Point>
    </Placemark>
    <Placemark>
      <name>Eastern Michigan University</name>
      <description><![CDATA[<b>Name:</b> Village C<br><b>Address:</b> , <br><b>SSID:</b> eduroam<br><b>Enc:</b> WPA2+WPA<br><b>AP:</b> 11<br>]]></description>
      <Point>
        <coordinates>-83.6299509,42.2533069,0</coordinates>
      </Point>
    </Placemark>
    <Placemark>
      <name>Eastern Michigan University</name>
      <description><![CDATA[<b>Name:</b> Village Commons<br><b>Address:</b> , <br><b>SSID:</b> eduroam<br><b>Enc:</b> WPA2+WPA<br><b>AP:</b> 5<br>]]></description>
      <Point>
        <coordinates>-83.6302626,42.2535759,0</coordinates>
      </Point>
    </Placemark>
    <Placemark>
      <name>Eastern Michigan University</name>
      <description><![CDATA[<b>Name:</b> Village D<br><b>Address:</b> , <br><b>SSID:</b> eduroam<br><b>Enc:</b> WPA2+WPA<br><b>AP:</b> 11<br>]]></description>
      <Point>
        <coordinates>-83.6305828,42.253299,0</coordinates>
      </Point>
    </Placemark>
    <Placemark>
      <name>Eastern Michigan University</name>
      <description><![CDATA[<b>Name:</b> Village E<br><b>Address:</b> , <br><b>SSID:</b> eduroam<br><b>Enc:</b> WPA2+WPA<br><b>AP:</b> 11<br>]]></description>
      <Point>
        <coordinates>-83.630887,42.253571,0</coordinates>
      </Point>
    </Placemark>
    <Placemark>
      <name>Eastern Michigan University</name>
      <description><![CDATA[<b>Name:</b> Walton Hall<br><b>Address:</b> , <br><b>SSID:</b> eduroam<br><b>Enc:</b> WPA2+WPA<br><b>AP:</b> 50<br>]]></description>
      <Point>
        <coordinates>-83.62212,42.2520641,0</coordinates>
      </Point>
    </Placemark>
    <Placemark>
      <name>Eastern Michigan University</name>
      <description><![CDATA[<b>Name:</b> Warner Gymnasium<br><b>Address:</b> , <br><b>SSID:</b> eduroam<br><b>Enc:</b> WPA2+WPA<br><b>AP:</b> 28<br>]]></description>
      <Point>
        <coordinates>-83.6250736,42.2497968,0</coordinates>
      </Point>
    </Placemark>
    <Placemark>
      <name>Eastern Michigan University</name>
      <description><![CDATA[<b>Name:</b> Welch Hall<br><b>Address:</b> , <br><b>SSID:</b> eduroam<br><b>Enc:</b> WPA2+WPA<br><b>AP:</b> 36<br>]]></description>
      <Point>
        <coordinates>-83.6245021,42.2461038,0</coordinates>
      </Point>
    </Placemark>
    <Placemark>
      <name>Eastern Michigan University</name>
      <description><![CDATA[<b>Name:</b> Wise Hall<br><b>Address:</b> , <br><b>SSID:</b> eduroam<br><b>Enc:</b> WPA2+WPA<br><b>AP:</b> 62<br>]]></description>
      <Point>
        <coordinates>-83.6222273,42.2514526,0</coordinates>
      </Point>
    </Placemark>
    <Placemark>
      <name>GISD</name>
      <description><![CDATA[<b>Name:</b> Genesee ISD<br><b>Address:</b> , <br><b>SSID:</b> eduroam<br><b>Enc:</b> WPA2<br><b>AP:</b> 4<br>]]></description>
      <Point>
        <coordinates>-83.727457,42.9579288,0</coordinates>
      </Point>
    </Placemark>
    <Placemark>
      <name>Golden Rhino Games</name>
      <description><![CDATA[<b>Name:</b> Golden Rhino Games<br><b>Address:</b> , <br><b>SSID:</b> eduroam<br><b>Enc:</b> WPA2<br><b>AP:</b> 1<br>]]></description>
      <Point>
        <coordinates>-83.6204126,42.2107271,0</coordinates>
      </Point>
    </Placemark>
    <Placemark>
      <name>Grand Rapids Community College</name>
      <description><![CDATA[<b>Name:</b> Grand Rapids Community College<br><b>Address:</b> , <br><b>SSID:</b> eduroam<br><b>Enc:</b> WPA2<br><b>AP:</b> 250<br>]]></description>
      <Point>
        <coordinates>-85.6667651,42.9669729,0</coordinates>
      </Point>
    </Placemark>
    <Placemark>
      <name>Grand Valley State University</name>
      <description><![CDATA[<b>Name:</b> Main Campus<br><b>Address:</b> , <br><b>SSID:</b> eduroam<br><b>Enc:</b> WPA2+WPA<br><b>AP:</b> 3200<br>]]></description>
      <Point>
        <coordinates>-85.886672,42.966535,0</coordinates>
      </Point>
    </Placemark>
    <Placemark>
      <name>Hands-On Museum (Ann Arbor) - 14376</name>
      <description><![CDATA[<b>Name:</b> Hands-On Museum<br><b>Address:</b> , <br><b>SSID:</b> eduroam<br><b>Enc:</b> WPA2+WPA<br><b>AP:</b> 7<br>]]></description>
      <Point>
        <coordinates>-83.7465573,42.2817215,0</coordinates>
      </Point>
    </Placemark>
    <Placemark>
      <name>Hands-On Museum (Ann Arbor) - 14376</name>
      <description><![CDATA[<b>Name:</b> Leslie Science &amp; Nature Center<br><b>Address:</b> , <br><b>SSID:</b> eduroam<br><b>Enc:</b> WPA2<br><b>AP:</b> -<br>]]></description>
      <Point>
        <coordinates>-83.730726,42.3012765,0</coordinates>
      </Point>
    </Placemark>
    <Placemark>
      <name>Holland Board of Public Works</name>
      <description><![CDATA[<b>Name:</b> HBPW - Brickhouse<br><b>Address:</b> , <br><b>SSID:</b> eduroam<br><b>Enc:</b> WPA2<br><b>AP:</b> 1<br>]]></description>
      <Point>
        <coordinates>-86.1040944,42.7845567,0</coordinates>
      </Point>
    </Placemark>
    <Placemark>
      <name>Human-I-T Detroit</name>
      <description><![CDATA[<b>Name:</b> Human I-T Digital Empowerment Center<br><b>Address:</b> , <br><b>SSID:</b> eduroam<br><b>Enc:</b> WPA2 + WPA3<br><b>AP:</b> 3<br>]]></description>
      <Point>
        <coordinates>-83.1420203,42.4314227,0</coordinates>
      </Point>
    </Placemark>
    <Placemark>
      <name>Inter-cooperative Council</name>
      <description><![CDATA[<b>Name:</b> ICC Education Center<br><b>Address:</b> , <br><b>SSID:</b> eduroam<br><b>Enc:</b> WPA2<br><b>AP:</b> 1<br>]]></description>
      <Point>
        <coordinates>-83.7289384,42.2717967,0</coordinates>
      </Point>
    </Placemark>
    <Placemark>
      <name>Inter-cooperative Council</name>
      <description><![CDATA[<b>Name:</b> ICC Office<br><b>Address:</b> , <br><b>SSID:</b> eduroam<br><b>Enc:</b> WPA2<br><b>AP:</b> 3<br>]]></description>
      <Point>
        <coordinates>-83.7443942,42.2780801,0</coordinates>
      </Point>
    </Placemark>
    <Placemark>
      <name>Internet2</name>
      <description><![CDATA[<b>Name:</b> Main Campus<br><b>Address:</b> , <br><b>SSID:</b> eduroam<br><b>Enc:</b> WPA2+WPA<br><b>AP:</b> 5<br>]]></description>
      <Point>
        <coordinates>-83.6914256,42.3008188,0</coordinates>
      </Point>
    </Placemark>
    <Placemark>
      <name>Iosco-Arenac District Library</name>
      <description><![CDATA[<b>Name:</b> Au Gres Community Library<br><b>Address:</b> , <br><b>SSID:</b> eduroam<br><b>Enc:</b> WPA2+WPA<br><b>AP:</b> 2<br>]]></description>
      <Point>
        <coordinates>-83.691335,44.050467,0</coordinates>
      </Point>
    </Placemark>
    <Placemark>
      <name>Iosco-Arenac District Library</name>
      <description><![CDATA[<b>Name:</b> Eagle Pointe Plaza<br><b>Address:</b> , <br><b>SSID:</b> eduroam<br><b>Enc:</b> WPA2+WPA<br><b>AP:</b> 3<br>]]></description>
      <Point>
        <coordinates>-83.7979839,44.3807922,0</coordinates>
      </Point>
    </Placemark>
    <Placemark>
      <name>Iosco-Arenac District Library</name>
      <description><![CDATA[<b>Name:</b> East Tawas Library<br><b>Address:</b> , <br><b>SSID:</b> eduroam<br><b>Enc:</b> WPA2+WPA<br><b>AP:</b> 4<br>]]></description>
      <Point>
        <coordinates>-83.4928436,44.289896,0</coordinates>
      </Point>
    </Placemark>
    <Placemark>
      <name>Iosco-Arenac District Library</name>
      <description><![CDATA[<b>Name:</b> Iosco-Arenac District Library - Admin<br><b>Address:</b> , <br><b>SSID:</b> eduroam<br><b>Enc:</b> WPA2+WPA<br><b>AP:</b> 3<br>]]></description>
      <Point>
        <coordinates>-83.492077,44.2807372,0</coordinates>
      </Point>
    </Placemark>
    <Placemark>
      <name>Iosco-Arenac District Library</name>
      <description><![CDATA[<b>Name:</b> Mary Johnston Memorial Library<br><b>Address:</b> , <br><b>SSID:</b> eduroam<br><b>Enc:</b> WPA2+WPA<br><b>AP:</b> 2<br>]]></description>
      <Point>
        <coordinates>-83.9586927,43.988805,0</coordinates>
      </Point>
    </Placemark>
    <Placemark>
      <name>Iosco-Arenac District Library</name>
      <description><![CDATA[<b>Name:</b> Omer Library<br><b>Address:</b> , <br><b>SSID:</b> eduroam<br><b>Enc:</b> WPA2+WPA<br><b>AP:</b> 3<br>]]></description>
      <Point>
        <coordinates>-83.853073,44.0480674,0</coordinates>
      </Point>
    </Placemark>
    <Placemark>
      <name>Iosco-Arenac District Library</name>
      <description><![CDATA[<b>Name:</b> Robert J. Parks Library<br><b>Address:</b> , <br><b>SSID:</b> eduroam<br><b>Enc:</b> WPA2+WPA<br><b>AP:</b> 2<br>]]></description>
      <Point>
        <coordinates>-83.3532587,44.454591,0</coordinates>
      </Point>
    </Placemark>
    <Placemark>
      <name>Iosco-Arenac District Library</name>
      <description><![CDATA[<b>Name:</b> Tawas City Library<br><b>Address:</b> , <br><b>SSID:</b> eduroam<br><b>Enc:</b> WPA2+WPA<br><b>AP:</b> 2<br>]]></description>
      <Point>
        <coordinates>-83.518088,44.273407,0</coordinates>
      </Point>
    </Placemark>
    <Placemark>
      <name>Iosco-Arenac District Library</name>
      <description><![CDATA[<b>Name:</b> Whittemore Library<br><b>Address:</b> , <br><b>SSID:</b> eduroam<br><b>Enc:</b> WPA2+WPA<br><b>AP:</b> 2<br>]]></description>
      <Point>
        <coordinates>-83.8028912,44.2291016,0</coordinates>
      </Point>
    </Placemark>
    <Placemark>
      <name>Jackson College</name>
      <description><![CDATA[<b>Name:</b> Jackson College<br><b>Address:</b> , <br><b>SSID:</b> eduroam<br><b>Enc:</b> WPA2<br><b>AP:</b> -<br>]]></description>
      <Point>
        <coordinates>-84.4028209,42.1652785,0</coordinates>
      </Point>
    </Placemark>
    <Placemark>
      <name>Kalamazoo College</name>
      <description><![CDATA[<b>Name:</b> Kalamazoo College Athletics Complex<br><b>Address:</b> , <br><b>SSID:</b> eduroam<br><b>Enc:</b> WPA2+WPA<br><b>AP:</b> -<br>]]></description>
      <Point>
        <coordinates>-85.607342,42.2861869,0</coordinates>
      </Point>
    </Placemark>
    <Placemark>
      <name>Kalamazoo College</name>
      <description><![CDATA[<b>Name:</b> Kalamazoo College Main Campus<br><b>Address:</b> , <br><b>SSID:</b> eduroam<br><b>Enc:</b> WPA2+WPA<br><b>AP:</b> -<br>]]></description>
      <Point>
        <coordinates>-85.6012572,42.2903672,0</coordinates>
      </Point>
    </Placemark>
    <Placemark>
      <name>Keason's House</name>
      <description><![CDATA[<b>Name:</b> Viewlands<br><b>Address:</b> , <br><b>SSID:</b> eduroam<br><b>Enc:</b> WPA2<br><b>AP:</b> 1<br>]]></description>
      <Point>
        <coordinates>-84.9369715,45.4392358,0</coordinates>
      </Point>
    </Placemark>
    <Placemark>
      <name>Kent ISD</name>
      <description><![CDATA[<b>Name:</b> Godfrey Lee Public Schools: High/Middle<br><b>Address:</b> , <br><b>SSID:</b> eduroam<br><b>Enc:</b> WPA2<br><b>AP:</b> 76<br>]]></description>
      <Point>
        <coordinates>-85.7002997,42.9319653,0</coordinates>
      </Point>
    </Placemark>
    <Placemark>
      <name>Kent ISD</name>
      <description><![CDATA[<b>Name:</b> Kent ISD - Educational Services Center<br><b>Address:</b> , <br><b>SSID:</b> eduroam<br><b>Enc:</b> WPA2<br><b>AP:</b> 27<br>]]></description>
      <Point>
        <coordinates>-85.5989211,42.9966119,0</coordinates>
      </Point>
    </Placemark>
    <Placemark>
      <name>Kent ISD</name>
      <description><![CDATA[<b>Name:</b> Kent ISD - Facilities<br><b>Address:</b> , <br><b>SSID:</b> eduroam<br><b>Enc:</b> WPA2<br><b>AP:</b> 5<br>]]></description>
      <Point>
        <coordinates>-85.5957953,42.9935065,0</coordinates>
      </Point>
    </Placemark>
    <Placemark>
      <name>Kent ISD</name>
      <description><![CDATA[<b>Name:</b> Kent ISD - KACKent Aviation Center<br><b>Address:</b> , <br><b>SSID:</b> eduroam<br><b>Enc:</b> WPA2<br><b>AP:</b> 6<br>]]></description>
      <Point>
        <coordinates>-85.5426849,42.8820573,0</coordinates>
      </Point>
    </Placemark>
    <Placemark>
      <name>Kent ISD</name>
      <description><![CDATA[<b>Name:</b> Kent ISD - KCC Kent Conference Center<br><b>Address:</b> , <br><b>SSID:</b> eduroam<br><b>Enc:</b> WPA2<br><b>AP:</b> 5<br>]]></description>
      <Point>
        <coordinates>-85.5916671,42.9918048,0</coordinates>
      </Point>
    </Placemark>
    <Placemark>
      <name>Kent ISD</name>
      <description><![CDATA[<b>Name:</b> Kent ISD - KCTC-East<br><b>Address:</b> , <br><b>SSID:</b> eduroam<br><b>Enc:</b> WPA2<br><b>AP:</b> 74<br>]]></description>
      <Point>
        <coordinates>-85.5957953,42.9935065,0</coordinates>
      </Point>
    </Placemark>
    <Placemark>
      <name>Kent ISD</name>
      <description><![CDATA[<b>Name:</b> Kent ISD - KCTC-West<br><b>Address:</b> , <br><b>SSID:</b> eduroam<br><b>Enc:</b> WPA2<br><b>AP:</b> 24<br>]]></description>
      <Point>
        <coordinates>-85.5987373,42.9945829,0</coordinates>
      </Point>
    </Placemark>
    <Placemark>
      <name>LemonJello Coffee House</name>
      <description><![CDATA[<b>Name:</b> LemonJello's Coffee House<br><b>Address:</b> , <br><b>SSID:</b> eduroam<br><b>Enc:</b> WPA2<br><b>AP:</b> 1<br>]]></description>
      <Point>
        <coordinates>-86.1047744,42.7895571,0</coordinates>
      </Point>
    </Placemark>
    <Placemark>
      <name>Merit Network</name>
      <description><![CDATA[<b>Name:</b> Merit Headquarters<br><b>Address:</b> , <br><b>SSID:</b> eduroam<br><b>Enc:</b> WPA2+WPA<br><b>AP:</b> 13<br>]]></description>
      <Point>
        <coordinates>-83.7449806,42.2138589,0</coordinates>
      </Point>
    </Placemark>
    <Placemark>
      <name>Michigan Central</name>
      <description><![CDATA[<b>Name:</b> Bagley Mobility Hub (Parking Garage)<br><b>Address:</b> , <br><b>SSID:</b> eduroam<br><b>Enc:</b> WPA3<br><b>AP:</b> 50<br>]]></description>
      <Point>
        <coordinates>-83.0723176,42.3267939,0</coordinates>
      </Point>
    </Placemark>
    <Placemark>
      <name>Michigan Central</name>
      <description><![CDATA[<b>Name:</b> Michigan Central Station<br><b>Address:</b> , <br><b>SSID:</b> eduroam<br><b>Enc:</b> WPA3<br><b>AP:</b> 200<br>]]></description>
      <Point>
        <coordinates>-83.0771172,42.328643,0</coordinates>
      </Point>
    </Placemark>
    <Placemark>
      <name>Michigan Central</name>
      <description><![CDATA[<b>Name:</b> Newlab (Book Building)<br><b>Address:</b> , <br><b>SSID:</b> eduroam<br><b>Enc:</b> WPA3<br><b>AP:</b> 300<br>]]></description>
      <Point>
        <coordinates>-83.0760223,42.3286509,0</coordinates>
      </Point>
    </Placemark>
    <Placemark>
      <name>Michigan State University</name>
      <description><![CDATA[<b>Name:</b> Abrams Planetarium<br><b>Address:</b> , <br><b>SSID:</b> eduroam<br><b>Enc:</b> WPA2 + WPA3<br><b>AP:</b> -<br>]]></description>
      <Point>
        <coordinates>-84.4760619,42.725622,0</coordinates>
      </Point>
    </Placemark>
    <Placemark>
      <name>Michigan State University</name>
      <description><![CDATA[<b>Name:</b> Alliance Incubator<br><b>Address:</b> , <br><b>SSID:</b> eduroam<br><b>Enc:</b> WPA2 + WPA3<br><b>AP:</b> -<br>]]></description>
      <Point>
        <coordinates>-84.5004225,42.7032509,0</coordinates>
      </Point>
    </Placemark>
    <Placemark>
      <name>Michigan State University</name>
      <description><![CDATA[<b>Name:</b> Broad Art Museum<br><b>Address:</b> , <br><b>SSID:</b> eduroam<br><b>Enc:</b> WPA2 + WPA3<br><b>AP:</b> -<br>]]></description>
      <Point>
        <coordinates>-84.4766823,42.7327661,0</coordinates>
      </Point>
    </Placemark>
    <Placemark>
      <name>Michigan State University</name>
      <description><![CDATA[<b>Name:</b> Center for Community and Economic Development<br><b>Address:</b> , <br><b>SSID:</b> eduroam<br><b>Enc:</b> WPA2 + WPA3<br><b>AP:</b> -<br>]]></description>
      <Point>
        <coordinates>-84.526589,42.7337807,0</coordinates>
      </Point>
    </Placemark>
    <Placemark>
      <name>Michigan State University</name>
      <description><![CDATA[<b>Name:</b> Child Development Laboratories<br><b>Address:</b> , <br><b>SSID:</b> eduroam<br><b>Enc:</b> WPA2 + WPA3<br><b>AP:</b> -<br>]]></description>
      <Point>
        <coordinates>-84.4890727,42.7362924,0</coordinates>
      </Point>
    </Placemark>
    <Placemark>
      <name>Michigan State University</name>
      <description><![CDATA[<b>Name:</b> City Center - Technology Innovation Center<br><b>Address:</b> , <br><b>SSID:</b> eduroam<br><b>Enc:</b> WPA2 + WPA3<br><b>AP:</b> -<br>]]></description>
      <Point>
        <coordinates>-84.4803722,42.734623,0</coordinates>
      </Point>
    </Placemark>
    <Placemark>
      <name>Michigan State University</name>
      <description><![CDATA[<b>Name:</b> Clinical Center<br><b>Address:</b> , <br><b>SSID:</b> eduroam<br><b>Enc:</b> WPA2 + WPA3<br><b>AP:</b> -<br>]]></description>
      <Point>
        <coordinates>-84.4690202,42.7178529,0</coordinates>
      </Point>
    </Placemark>
    <Placemark>
      <name>Michigan State University</name>
      <description><![CDATA[<b>Name:</b> Detroit Medical Center<br><b>Address:</b> , <br><b>SSID:</b> eduroam<br><b>Enc:</b> WPA2 + WPA3<br><b>AP:</b> -<br>]]></description>
      <Point>
        <coordinates>-83.05728,42.3576794,0</coordinates>
      </Point>
    </Placemark>
    <Placemark>
      <name>Michigan State University</name>
      <description><![CDATA[<b>Name:</b> Doug Meijer Medical Innovation Building<br><b>Address:</b> , <br><b>SSID:</b> eduroam<br><b>Enc:</b> WPA2 + WPA3<br><b>AP:</b> -<br>]]></description>
      <Point>
        <coordinates>-85.6712415,42.971104,0</coordinates>
      </Point>
    </Placemark>
    <Placemark>
      <name>Michigan State University</name>
      <description><![CDATA[<b>Name:</b> Durfee Opportunity Center<br><b>Address:</b> , <br><b>SSID:</b> eduroam<br><b>Enc:</b> WPA2 + WPA3<br><b>AP:</b> -<br>]]></description>
      <Point>
        <coordinates>-83.1108637,42.3822696,0</coordinates>
      </Point>
    </Placemark>
    <Placemark>
      <name>Michigan State University</name>
      <description><![CDATA[<b>Name:</b> ELI Holt - Midway Early Learning Center<br><b>Address:</b> , <br><b>SSID:</b> eduroam<br><b>Enc:</b> WPA2 + WPA3<br><b>AP:</b> 1<br>]]></description>
      <Point>
        <coordinates>-84.5257414,42.6469057,0</coordinates>
      </Point>
    </Placemark>
    <Placemark>
      <name>Michigan State University</name>
      <description><![CDATA[<b>Name:</b> Flint Campus<br><b>Address:</b> , <br><b>SSID:</b> eduroam<br><b>Enc:</b> WPA2 + WPA3<br><b>AP:</b> -<br>]]></description>
      <Point>
        <coordinates>-83.6889394,43.0164681,0</coordinates>
      </Point>
    </Placemark>
    <Placemark>
      <name>Michigan State University</name>
      <description><![CDATA[<b>Name:</b> Forest Akers East Golf Course<br><b>Address:</b> , <br><b>SSID:</b> eduroam<br><b>Enc:</b> WPA2 + WPA3<br><b>AP:</b> -<br>]]></description>
      <Point>
        <coordinates>-84.4937125,42.7088071,0</coordinates>
      </Point>
    </Placemark>
    <Placemark>
      <name>Michigan State University</name>
      <description><![CDATA[<b>Name:</b> Forest Akers West Golf Course<br><b>Address:</b> , <br><b>SSID:</b> eduroam<br><b>Enc:</b> WPA2 + WPA3<br><b>AP:</b> -<br>]]></description>
      <Point>
        <coordinates>-84.5013925,42.7053768,0</coordinates>
      </Point>
    </Placemark>
    <Placemark>
      <name>Michigan State University</name>
      <description><![CDATA[<b>Name:</b> Grand Rapids Research Center<br><b>Address:</b> , <br><b>SSID:</b> eduroam<br><b>Enc:</b> WPA2 + WPA3<br><b>AP:</b> -<br>]]></description>
      <Point>
        <coordinates>-85.6714227,42.9709429,0</coordinates>
      </Point>
    </Placemark>
    <Placemark>
      <name>Michigan State University</name>
      <description><![CDATA[<b>Name:</b> Henry Center for Executive Development<br><b>Address:</b> , <br><b>SSID:</b> eduroam<br><b>Enc:</b> WPA2 + WPA3<br><b>AP:</b> -<br>]]></description>
      <Point>
        <coordinates>-84.5013925,42.7053768,0</coordinates>
      </Point>
    </Placemark>
    <Placemark>
      <name>Michigan State University</name>
      <description><![CDATA[<b>Name:</b> John F. Schaefer Law Library<br><b>Address:</b> , <br><b>SSID:</b> eduroam<br><b>Enc:</b> WPA2 + WPA3<br><b>AP:</b> -<br>]]></description>
      <Point>
        <coordinates>-84.4734772,42.7257273,0</coordinates>
      </Point>
    </Placemark>
    <Placemark>
      <name>Michigan State University</name>
      <description><![CDATA[<b>Name:</b> Kellogg Hotel &amp; Conference Center<br><b>Address:</b> , <br><b>SSID:</b> eduroam<br><b>Enc:</b> WPA2 + WPA3<br><b>AP:</b> -<br>]]></description>
      <Point>
        <coordinates>-84.4931804,42.7317061,0</coordinates>
      </Point>
    </Placemark>
    <Placemark>
      <name>Michigan State University</name>
      <description><![CDATA[<b>Name:</b> Macomb University Center<br><b>Address:</b> , <br><b>SSID:</b> eduroam<br><b>Enc:</b> WPA2 + WPA3<br><b>AP:</b> -<br>]]></description>
      <Point>
        <coordinates>-82.9579522,42.622527,0</coordinates>
      </Point>
    </Placemark>
    <Placemark>
      <name>Michigan State University</name>
      <description><![CDATA[<b>Name:</b> Main Campus<br><b>Address:</b> , <br><b>SSID:</b> eduroam<br><b>Enc:</b> WPA2 + WPA3<br><b>AP:</b> -<br>]]></description>
      <Point>
        <coordinates>-84.4815364,42.7296593,0</coordinates>
      </Point>
    </Placemark>
    <Placemark>
      <name>Michigan State University</name>
      <description><![CDATA[<b>Name:</b> Medical Office Building<br><b>Address:</b> , <br><b>SSID:</b> eduroam<br><b>Enc:</b> WPA2 + WPA3<br><b>AP:</b> -<br>]]></description>
      <Point>
        <coordinates>-84.4605131,42.7175544,0</coordinates>
      </Point>
    </Placemark>
    <Placemark>
      <name>Michigan State University</name>
      <description><![CDATA[<b>Name:</b> Medicine Specialty Center<br><b>Address:</b> , <br><b>SSID:</b> eduroam<br><b>Enc:</b> WPA2 + WPA3<br><b>AP:</b> -<br>]]></description>
      <Point>
        <coordinates>-84.4613576,42.7162538,0</coordinates>
      </Point>
    </Placemark>
    <Placemark>
      <name>Michigan State University</name>
      <description><![CDATA[<b>Name:</b> MSU Dairy Store<br><b>Address:</b> , <br><b>SSID:</b> eduroam<br><b>Enc:</b> WPA2 + WPA3<br><b>AP:</b> -<br>]]></description>
      <Point>
        <coordinates>-84.4784227,42.7243976,0</coordinates>
      </Point>
    </Placemark>
    <Placemark>
      <name>Michigan State University</name>
      <description><![CDATA[<b>Name:</b> MSU Detroit Center<br><b>Address:</b> , <br><b>SSID:</b> eduroam<br><b>Enc:</b> WPA2 + WPA3<br><b>AP:</b> -<br>]]></description>
      <Point>
        <coordinates>-83.056359,42.346011,0</coordinates>
      </Point>
    </Placemark>
    <Placemark>
      <name>Michigan State University</name>
      <description><![CDATA[<b>Name:</b> MSU Health Care | Dewitt<br><b>Address:</b> , <br><b>SSID:</b> eduroam<br><b>Enc:</b> WPA2 + WPA3<br><b>AP:</b> -<br>]]></description>
      <Point>
        <coordinates>-84.6019953,42.8175074,0</coordinates>
      </Point>
    </Placemark>
    <Placemark>
      <name>Michigan State University</name>
      <description><![CDATA[<b>Name:</b> MSU Health Care | Okemos<br><b>Address:</b> , <br><b>SSID:</b> eduroam<br><b>Enc:</b> WPA2 + WPA3<br><b>AP:</b> -<br>]]></description>
      <Point>
        <coordinates>-84.4062164,42.7175883,0</coordinates>
      </Point>
    </Placemark>
    <Placemark>
      <name>Michigan State University</name>
      <description><![CDATA[<b>Name:</b> MSU Health Care | West Lansing<br><b>Address:</b> , <br><b>SSID:</b> eduroam<br><b>Enc:</b> WPA2 + WPA3<br><b>AP:</b> -<br>]]></description>
      <Point>
        <coordinates>-84.65862,42.737736,0</coordinates>
      </Point>
    </Placemark>
    <Placemark>
      <name>Michigan State University</name>
      <description><![CDATA[<b>Name:</b> MSU International Center<br><b>Address:</b> , <br><b>SSID:</b> eduroam<br><b>Enc:</b> WPA2 + WPA3<br><b>AP:</b> -<br>]]></description>
      <Point>
        <coordinates>-84.4806517,42.7266332,0</coordinates>
      </Point>
    </Placemark>
    <Placemark>
      <name>Michigan State University</name>
      <description><![CDATA[<b>Name:</b> MSU Main Library<br><b>Address:</b> , <br><b>SSID:</b> eduroam<br><b>Enc:</b> WPA2 + WPA3<br><b>AP:</b> -<br>]]></description>
      <Point>
        <coordinates>-84.4832176,42.7308964,0</coordinates>
      </Point>
    </Placemark>
    <Placemark>
      <name>Michigan State University</name>
      <description><![CDATA[<b>Name:</b> MSU Museum<br><b>Address:</b> , <br><b>SSID:</b> eduroam<br><b>Enc:</b> WPA2 + WPA3<br><b>AP:</b> -<br>]]></description>
      <Point>
        <coordinates>-84.4816939,42.7315513,0</coordinates>
      </Point>
    </Placemark>
    <Placemark>
      <name>Michigan State University</name>
      <description><![CDATA[<b>Name:</b> MSU Pavilion<br><b>Address:</b> , <br><b>SSID:</b> eduroam<br><b>Enc:</b> WPA2 + WPA3<br><b>AP:</b> -<br>]]></description>
      <Point>
        <coordinates>-84.4797919,42.7072156,0</coordinates>
      </Point>
    </Placemark>
    <Placemark>
      <name>Michigan State University</name>
      <description><![CDATA[<b>Name:</b> MSU Sailing Center<br><b>Address:</b> , <br><b>SSID:</b> eduroam<br><b>Enc:</b> WPA2 + WPA3<br><b>AP:</b> -<br>]]></description>
      <Point>
        <coordinates>-84.4045412,42.7523479,0</coordinates>
      </Point>
    </Placemark>
    <Placemark>
      <name>Michigan State University</name>
      <description><![CDATA[<b>Name:</b> MSU St. Andrews - Midland<br><b>Address:</b> , <br><b>SSID:</b> eduroam<br><b>Enc:</b> WPA2 + WPA3<br><b>AP:</b> -<br>]]></description>
      <Point>
        <coordinates>-84.2509856,43.6262082,0</coordinates>
      </Point>
    </Placemark>
    <Placemark>
      <name>Michigan State University</name>
      <description><![CDATA[<b>Name:</b> MSU Union<br><b>Address:</b> , <br><b>SSID:</b> eduroam<br><b>Enc:</b> WPA2 + WPA3<br><b>AP:</b> -<br>]]></description>
      <Point>
        <coordinates>-84.4828619,42.7342208,0</coordinates>
      </Point>
    </Placemark>
    <Placemark>
      <name>Michigan State University</name>
      <description><![CDATA[<b>Name:</b> Rosenberg Center<br><b>Address:</b> , <br><b>SSID:</b> eduroam<br><b>Enc:</b> WPA2 + WPA3<br><b>AP:</b> -<br>]]></description>
      <Point>
        <coordinates>-84.4906872,42.7163962,0</coordinates>
      </Point>
    </Placemark>
    <Placemark>
      <name>Michigan State University</name>
      <description><![CDATA[<b>Name:</b> Secchia Center<br><b>Address:</b> , <br><b>SSID:</b> eduroam<br><b>Enc:</b> WPA2 + WPA3<br><b>AP:</b> -<br>]]></description>
      <Point>
        <coordinates>-85.668257,42.9708759,0</coordinates>
      </Point>
    </Placemark>
    <Placemark>
      <name>Michigan State University</name>
      <description><![CDATA[<b>Name:</b> Sparrow Professional Building<br><b>Address:</b> , <br><b>SSID:</b> eduroam<br><b>Enc:</b> WPA2 + WPA3<br><b>AP:</b> -<br>]]></description>
      <Point>
        <coordinates>-84.533909,42.7326722,0</coordinates>
      </Point>
    </Placemark>
    <Placemark>
      <name>Michigan State University</name>
      <description><![CDATA[<b>Name:</b> Spartan Greens<br><b>Address:</b> , <br><b>SSID:</b> eduroam<br><b>Enc:</b> WPA2 + WPA3<br><b>AP:</b> -<br>]]></description>
      <Point>
        <coordinates>-84.463782,42.719999,0</coordinates>
      </Point>
    </Placemark>
    <Placemark>
      <name>Michigan State University</name>
      <description><![CDATA[<b>Name:</b> Troy Management Education Center<br><b>Address:</b> , <br><b>SSID:</b> eduroam<br><b>Enc:</b> WPA2 + WPA3<br><b>AP:</b> -<br>]]></description>
      <Point>
        <coordinates>-83.1659126,42.6050114,0</coordinates>
      </Point>
    </Placemark>
    <Placemark>
      <name>Michigan State University</name>
      <description><![CDATA[<b>Name:</b> VanCamp Incubator<br><b>Address:</b> , <br><b>SSID:</b> eduroam<br><b>Enc:</b> WPA2 + WPA3<br><b>AP:</b> -<br>]]></description>
      <Point>
        <coordinates>-84.4508644,42.7251445,0</coordinates>
      </Point>
    </Placemark>
    <Placemark>
      <name>Michigan State University</name>
      <description><![CDATA[<b>Name:</b> Veterinary Medical Center<br><b>Address:</b> , <br><b>SSID:</b> eduroam<br><b>Enc:</b> WPA2 + WPA3<br><b>AP:</b> -<br>]]></description>
      <Point>
        <coordinates>-84.4703171,42.7221893,0</coordinates>
      </Point>
    </Placemark>
    <Placemark>
      <name>Michigan State University</name>
      <description><![CDATA[<b>Name:</b> W.K. Kellogg Biological Station<br><b>Address:</b> , <br><b>SSID:</b> eduroam<br><b>Enc:</b> WPA2 + WPA3<br><b>AP:</b> -<br>]]></description>
      <Point>
        <coordinates>-85.4007935,42.405586,0</coordinates>
      </Point>
    </Placemark>
    <Placemark>
      <name>Michigan State University</name>
      <description><![CDATA[<b>Name:</b> Wharton Center for Performing Arts<br><b>Address:</b> , <br><b>SSID:</b> eduroam<br><b>Enc:</b> WPA2 + WPA3<br><b>AP:</b> -<br>]]></description>
      <Point>
        <coordinates>-84.4706719,42.7239124,0</coordinates>
      </Point>
    </Placemark>
    <Placemark>
      <name>Michigan Technological University</name>
      <description><![CDATA[<b>Name:</b> Main Campus<br><b>Address:</b> , <br><b>SSID:</b> eduroam<br><b>Enc:</b> WPA2<br><b>AP:</b> 1470<br>]]></description>
      <Point>
        <coordinates>-88.547948,47.118613,0</coordinates>
      </Point>
    </Placemark>
    <Placemark>
      <name>Nathan's House</name>
      <description><![CDATA[<b>Name:</b> Nathan's House<br><b>Address:</b> , <br><b>SSID:</b> eduroam<br><b>Enc:</b> WPA2<br><b>AP:</b> 2<br>]]></description>
      <Point>
        <coordinates>-83.6107089,42.173516,0</coordinates>
      </Point>
    </Placemark>
    <Placemark>
      <name>North Central Michigan College (NCMC)</name>
      <description><![CDATA[<b>Name:</b> Gaylord Center<br><b>Address:</b> , <br><b>SSID:</b> eduroam<br><b>Enc:</b> WPA2<br><b>AP:</b> 10<br>]]></description>
      <Point>
        <coordinates>-84.6648445,45.0218028,0</coordinates>
      </Point>
    </Placemark>
    <Placemark>
      <name>North Central Michigan College (NCMC)</name>
      <description><![CDATA[<b>Name:</b> Main Campus (Petoskey)<br><b>Address:</b> , <br><b>SSID:</b> eduroam<br><b>Enc:</b> WPA2<br><b>AP:</b> 130<br>]]></description>
      <Point>
        <coordinates>-84.9537981,45.360699,0</coordinates>
      </Point>
    </Placemark>
    <Placemark>
      <name>Northern Michigan University</name>
      <description><![CDATA[<b>Name:</b> Main Campus<br><b>Address:</b> , <br><b>SSID:</b> eduroam<br><b>Enc:</b> WPA2<br><b>AP:</b> 500<br>]]></description>
      <Point>
        <coordinates>-87.4011133,46.5564416,0</coordinates>
      </Point>
    </Placemark>
    <Placemark>
      <name>Oakland Community College</name>
      <description><![CDATA[<b>Name:</b> Oakland Community College - Auburn Hills Campus<br><b>Address:</b> , <br><b>SSID:</b> eduroam<br><b>Enc:</b> WPA2 + WPA3<br><b>AP:</b> 248<br>]]></description>
      <Point>
        <coordinates>-83.2265089,42.6466914,0</coordinates>
      </Point>
    </Placemark>
    <Placemark>
      <name>Oakland Schools</name>
      <description><![CDATA[<b>Name:</b> Berkley - Anderson Middle School<br><b>Address:</b> , <br><b>SSID:</b> eduroam<br><b>Enc:</b> WPA2<br><b>AP:</b> 55<br>]]></description>
      <Point>
        <coordinates>-83.1905622,42.4953998,0</coordinates>
      </Point>
    </Placemark>
    <Placemark>
      <name>Oakland Schools</name>
      <description><![CDATA[<b>Name:</b> Berkley - Angell Elementary School<br><b>Address:</b> , <br><b>SSID:</b> eduroam<br><b>Enc:</b> WPA2<br><b>AP:</b> 35<br>]]></description>
      <Point>
        <coordinates>-83.1987911,42.5005511,0</coordinates>
      </Point>
    </Placemark>
    <Placemark>
      <name>Oakland Schools</name>
      <description><![CDATA[<b>Name:</b> Berkley - Berkley Building Blocks<br><b>Address:</b> , <br><b>SSID:</b> eduroam<br><b>Enc:</b> WPA2<br><b>AP:</b> 30<br>]]></description>
      <Point>
        <coordinates>-83.1931145,42.4819117,0</coordinates>
      </Point>
    </Placemark>
    <Placemark>
      <name>Oakland Schools</name>
      <description><![CDATA[<b>Name:</b> Berkley - Berkley High School<br><b>Address:</b> , <br><b>SSID:</b> eduroam<br><b>Enc:</b> WPA2<br><b>AP:</b> 113<br>]]></description>
      <Point>
        <coordinates>-83.1803414,42.4954072,0</coordinates>
      </Point>
    </Placemark>
    <Placemark>
      <name>Oakland Schools</name>
      <description><![CDATA[<b>Name:</b> Berkley - Burton Elementary School<br><b>Address:</b> , <br><b>SSID:</b> eduroam<br><b>Enc:</b> WPA2<br><b>AP:</b> 40<br>]]></description>
      <Point>
        <coordinates>-83.1740232,42.4844658,0</coordinates>
      </Point>
    </Placemark>
    <Placemark>
      <name>Oakland Schools</name>
      <description><![CDATA[<b>Name:</b> Berkley - Maintenance Building<br><b>Address:</b> , <br><b>SSID:</b> eduroam<br><b>Enc:</b> WPA2<br><b>AP:</b> 2<br>]]></description>
      <Point>
        <coordinates>-83.1912856,42.4841196,0</coordinates>
      </Point>
    </Placemark>
    <Placemark>
      <name>Oakland Schools</name>
      <description><![CDATA[<b>Name:</b> Berkley - Norup International School<br><b>Address:</b> , <br><b>SSID:</b> eduroam<br><b>Enc:</b> WPA2<br><b>AP:</b> 51<br>]]></description>
      <Point>
        <coordinates>-83.191182,42.4828168,0</coordinates>
      </Point>
    </Placemark>
    <Placemark>
      <name>Oakland Schools</name>
      <description><![CDATA[<b>Name:</b> Berkley - Pattengill Elementary School<br><b>Address:</b> , <br><b>SSID:</b> eduroam<br><b>Enc:</b> WPA2<br><b>AP:</b> 32<br>]]></description>
      <Point>
        <coordinates>-83.195344,42.5086682,0</coordinates>
      </Point>
    </Placemark>
    <Placemark>
      <name>Oakland Schools</name>
      <description><![CDATA[<b>Name:</b> Berkley - Rogers Elementary School<br><b>Address:</b> , <br><b>SSID:</b> eduroam<br><b>Enc:</b> WPA2<br><b>AP:</b> 33<br>]]></description>
      <Point>
        <coordinates>-83.1779633,42.4928612,0</coordinates>
      </Point>
    </Placemark>
    <Placemark>
      <name>Oakland Schools</name>
      <description><![CDATA[<b>Name:</b> Berkley - The Den<br><b>Address:</b> , <br><b>SSID:</b> eduroam<br><b>Enc:</b> WPA2<br><b>AP:</b> 12<br>]]></description>
      <Point>
        <coordinates>-83.1791261,42.4957269,0</coordinates>
      </Point>
    </Placemark>
    <Placemark>
      <name>Oakland Schools</name>
      <description><![CDATA[<b>Name:</b> Berkley - Tyndall Center<br><b>Address:</b> , <br><b>SSID:</b> eduroam<br><b>Enc:</b> WPA2<br><b>AP:</b> 17<br>]]></description>
      <Point>
        <coordinates>-83.1917059,42.4846586,0</coordinates>
      </Point>
    </Placemark>
    <Placemark>
      <name>Oakland Schools</name>
      <description><![CDATA[<b>Name:</b> Clarenceville - Botsford Elementary<br><b>Address:</b> , <br><b>SSID:</b> eduroam<br><b>Enc:</b> WPA2<br><b>AP:</b> 37<br>]]></description>
      <Point>
        <coordinates>-83.3257516,42.4318504,0</coordinates>
      </Point>
    </Placemark>
    <Placemark>
      <name>Oakland Schools</name>
      <description><![CDATA[<b>Name:</b> Clarenceville - Clarenceville High School<br><b>Address:</b> , <br><b>SSID:</b> eduroam<br><b>Enc:</b> WPA2<br><b>AP:</b> 49<br>]]></description>
      <Point>
        <coordinates>-83.3378584,42.4355103,0</coordinates>
      </Point>
    </Placemark>
    <Placemark>
      <name>Oakland Schools</name>
      <description><![CDATA[<b>Name:</b> Clarenceville - Clarenceville Middle School<br><b>Address:</b> , <br><b>SSID:</b> eduroam<br><b>Enc:</b> WPA2<br><b>AP:</b> 43<br>]]></description>
      <Point>
        <coordinates>-83.335832,42.4364367,0</coordinates>
      </Point>
    </Placemark>
    <Placemark>
      <name>Oakland Schools</name>
      <description><![CDATA[<b>Name:</b> Clarenceville - Grandview Elementary<br><b>Address:</b> , <br><b>SSID:</b> eduroam<br><b>Enc:</b> WPA2<br><b>AP:</b> 34<br>]]></description>
      <Point>
        <coordinates>-83.3400324,42.4350364,0</coordinates>
      </Point>
    </Placemark>
    <Placemark>
      <name>Oakland Schools</name>
      <description><![CDATA[<b>Name:</b> Clawson - Clawson Elementary School<br><b>Address:</b> , <br><b>SSID:</b> eduroam<br><b>Enc:</b> WPA2<br><b>AP:</b> 63<br>]]></description>
      <Point>
        <coordinates>-83.14824,42.5356012,0</coordinates>
      </Point>
    </Placemark>
    <Placemark>
      <name>Oakland Schools</name>
      <description><![CDATA[<b>Name:</b> Clawson - Clawson High School<br><b>Address:</b> , <br><b>SSID:</b> eduroam<br><b>Enc:</b> WPA2<br><b>AP:</b> 61<br>]]></description>
      <Point>
        <coordinates>-83.14824,42.5356012,0</coordinates>
      </Point>
    </Placemark>
    <Placemark>
      <name>Oakland Schools</name>
      <description><![CDATA[<b>Name:</b> Clawson - Clawson Middle School<br><b>Address:</b> , <br><b>SSID:</b> eduroam<br><b>Enc:</b> WPA2<br><b>AP:</b> 24<br>]]></description>
      <Point>
        <coordinates>-83.14824,42.5356012,0</coordinates>
      </Point>
    </Placemark>
    <Placemark>
      <name>Oakland Schools</name>
      <description><![CDATA[<b>Name:</b> Clawson - Early Childhood Center<br><b>Address:</b> , <br><b>SSID:</b> eduroam<br><b>Enc:</b> WPA2<br><b>AP:</b> 37<br>]]></description>
      <Point>
        <coordinates>-83.1546771,42.530933,0</coordinates>
      </Point>
    </Placemark>
    <Placemark>
      <name>Oakland Schools</name>
      <description><![CDATA[<b>Name:</b> Farmington - Beechview Elementary<br><b>Address:</b> , <br><b>SSID:</b> eduroam<br><b>Enc:</b> WPA2<br><b>AP:</b> 45<br>]]></description>
      <Point>
        <coordinates>-83.3462103,42.4932939,0</coordinates>
      </Point>
    </Placemark>
    <Placemark>
      <name>Oakland Schools</name>
      <description><![CDATA[<b>Name:</b> Farmington - Central Office<br><b>Address:</b> , <br><b>SSID:</b> eduroam<br><b>Enc:</b> WPA2<br><b>AP:</b> 22<br>]]></description>
      <Point>
        <coordinates>-83.3718372,42.4563688,0</coordinates>
      </Point>
    </Placemark>
    <Placemark>
      <name>Oakland Schools</name>
      <description><![CDATA[<b>Name:</b> Farmington - East Middle School<br><b>Address:</b> , <br><b>SSID:</b> eduroam<br><b>Enc:</b> WPA2<br><b>AP:</b> 79<br>]]></description>
      <Point>
        <coordinates>-83.3355198,42.4792308,0</coordinates>
      </Point>
    </Placemark>
    <Placemark>
      <name>Oakland Schools</name>
      <description><![CDATA[<b>Name:</b> Farmington - Facilities Management<br><b>Address:</b> , <br><b>SSID:</b> eduroam<br><b>Enc:</b> WPA2<br><b>AP:</b> 5<br>]]></description>
      <Point>
        <coordinates>-83.3360787,42.471182,0</coordinates>
      </Point>
    </Placemark>
    <Placemark>
      <name>Oakland Schools</name>
      <description><![CDATA[<b>Name:</b> Farmington - Farmington Central High School<br><b>Address:</b> , <br><b>SSID:</b> eduroam<br><b>Enc:</b> WPA2<br><b>AP:</b> 22<br>]]></description>
      <Point>
        <coordinates>-83.3503141,42.509071,0</coordinates>
      </Point>
    </Placemark>
    <Placemark>
      <name>Oakland Schools</name>
      <description><![CDATA[<b>Name:</b> Farmington - Farmington Early Childhood Center<br><b>Address:</b> , <br><b>SSID:</b> eduroam<br><b>Enc:</b> WPA2<br><b>AP:</b> 19<br>]]></description>
      <Point>
        <coordinates>-83.3664087,42.4794854,0</coordinates>
      </Point>
    </Placemark>
    <Placemark>
      <name>Oakland Schools</name>
      <description><![CDATA[<b>Name:</b> Farmington - Farmington High School<br><b>Address:</b> , <br><b>SSID:</b> eduroam<br><b>Enc:</b> WPA2<br><b>AP:</b> 157<br>]]></description>
      <Point>
        <coordinates>-83.3595709,42.4647381,0</coordinates>
      </Point>
    </Placemark>
    <Placemark>
      <name>Oakland Schools</name>
      <description><![CDATA[<b>Name:</b> Farmington - Farmington STEAM Academy<br><b>Address:</b> , <br><b>SSID:</b> eduroam<br><b>Enc:</b> WPA2<br><b>AP:</b> 57<br>]]></description>
      <Point>
        <coordinates>-83.3719764,42.4996019,0</coordinates>
      </Point>
    </Placemark>
    <Placemark>
      <name>Oakland Schools</name>
      <description><![CDATA[<b>Name:</b> Farmington - Forest Elementary<br><b>Address:</b> , <br><b>SSID:</b> eduroam<br><b>Enc:</b> WPA2<br><b>AP:</b> 40<br>]]></description>
      <Point>
        <coordinates>-83.3906237,42.5212121,0</coordinates>
      </Point>
    </Placemark>
    <Placemark>
      <name>Oakland Schools</name>
      <description><![CDATA[<b>Name:</b> Farmington - Gill Elementary<br><b>Address:</b> , <br><b>SSID:</b> eduroam<br><b>Enc:</b> WPA2<br><b>AP:</b> 47<br>]]></description>
      <Point>
        <coordinates>-83.386944,42.4472603,0</coordinates>
      </Point>
    </Placemark>
    <Placemark>
      <name>Oakland Schools</name>
      <description><![CDATA[<b>Name:</b> Farmington - Hillside Elementary<br><b>Address:</b> , <br><b>SSID:</b> eduroam<br><b>Enc:</b> WPA2<br><b>AP:</b> 53<br>]]></description>
      <Point>
        <coordinates>-83.3774669,42.4840779,0</coordinates>
      </Point>
    </Placemark>
    <Placemark>
      <name>Oakland Schools</name>
      <description><![CDATA[<b>Name:</b> Farmington - Kenbrook Elementary<br><b>Address:</b> , <br><b>SSID:</b> eduroam<br><b>Enc:</b> WPA2<br><b>AP:</b> 37<br>]]></description>
      <Point>
        <coordinates>-83.3644369,42.506175,0</coordinates>
      </Point>
    </Placemark>
    <Placemark>
      <name>Oakland Schools</name>
      <description><![CDATA[<b>Name:</b> Farmington - Lanigan Elementary<br><b>Address:</b> , <br><b>SSID:</b> eduroam<br><b>Enc:</b> WPA2<br><b>AP:</b> 41<br>]]></description>
      <Point>
        <coordinates>-83.3462429,42.4679375,0</coordinates>
      </Point>
    </Placemark>
    <Placemark>
      <name>Oakland Schools</name>
      <description><![CDATA[<b>Name:</b> Farmington - Longacre Elementary<br><b>Address:</b> , <br><b>SSID:</b> eduroam<br><b>Enc:</b> WPA2<br><b>AP:</b> 39<br>]]></description>
      <Point>
        <coordinates>-83.3924211,42.4633502,0</coordinates>
      </Point>
    </Placemark>
    <Placemark>
      <name>Oakland Schools</name>
      <description><![CDATA[<b>Name:</b> Farmington - Maxfield Education Center<br><b>Address:</b> , <br><b>SSID:</b> eduroam<br><b>Enc:</b> WPA2<br><b>AP:</b> 23<br>]]></description>
      <Point>
        <coordinates>-83.3697983,42.4692653,0</coordinates>
      </Point>
    </Placemark>
    <Placemark>
      <name>Oakland Schools</name>
      <description><![CDATA[<b>Name:</b> Farmington - North Farmington High School<br><b>Address:</b> , <br><b>SSID:</b> eduroam<br><b>Enc:</b> WPA2<br><b>AP:</b> 143<br>]]></description>
      <Point>
        <coordinates>-83.3756,42.5157643,0</coordinates>
      </Point>
    </Placemark>
    <Placemark>
      <name>Oakland Schools</name>
      <description><![CDATA[<b>Name:</b> Farmington - Power Middle School<br><b>Address:</b> , <br><b>SSID:</b> eduroam<br><b>Enc:</b> WPA2<br><b>AP:</b> 80<br>]]></description>
      <Point>
        <coordinates>-83.3900396,42.4470121,0</coordinates>
      </Point>
    </Placemark>
    <Placemark>
      <name>Oakland Schools</name>
      <description><![CDATA[<b>Name:</b> Farmington - Transportation<br><b>Address:</b> , <br><b>SSID:</b> eduroam<br><b>Enc:</b> WPA2<br><b>AP:</b> 4<br>]]></description>
      <Point>
        <coordinates>-83.3702361,42.4682992,0</coordinates>
      </Point>
    </Placemark>
    <Placemark>
      <name>Oakland Schools</name>
      <description><![CDATA[<b>Name:</b> Farmington - Visions Unlimited<br><b>Address:</b> , <br><b>SSID:</b> eduroam<br><b>Enc:</b> WPA2<br><b>AP:</b> 29<br>]]></description>
      <Point>
        <coordinates>-83.3482981,42.4580476,0</coordinates>
      </Point>
    </Placemark>
    <Placemark>
      <name>Oakland Schools</name>
      <description><![CDATA[<b>Name:</b> Farmington - Warehouse<br><b>Address:</b> , <br><b>SSID:</b> eduroam<br><b>Enc:</b> WPA2<br><b>AP:</b> 10<br>]]></description>
      <Point>
        <coordinates>-83.3702361,42.4682992,0</coordinates>
      </Point>
    </Placemark>
    <Placemark>
      <name>Oakland Schools</name>
      <description><![CDATA[<b>Name:</b> Farmington - Warner Middle School<br><b>Address:</b> , <br><b>SSID:</b> eduroam<br><b>Enc:</b> WPA2<br><b>AP:</b> 75<br>]]></description>
      <Point>
        <coordinates>-83.3489542,42.5277999,0</coordinates>
      </Point>
    </Placemark>
    <Placemark>
      <name>Oakland Schools</name>
      <description><![CDATA[<b>Name:</b> Farmington - Wood Creek Elementary<br><b>Address:</b> , <br><b>SSID:</b> eduroam<br><b>Enc:</b> WPA2<br><b>AP:</b> 43<br>]]></description>
      <Point>
        <coordinates>-83.3283547,42.5043254,0</coordinates>
      </Point>
    </Placemark>
    <Placemark>
      <name>Oakland Schools</name>
      <description><![CDATA[<b>Name:</b> Ferndale - Ferndale Administration Building<br><b>Address:</b> , <br><b>SSID:</b> eduroam<br><b>Enc:</b> WPA2<br><b>AP:</b> 41<br>]]></description>
      <Point>
        <coordinates>-83.1472867,42.4677847,0</coordinates>
      </Point>
    </Placemark>
    <Placemark>
      <name>Oakland Schools</name>
      <description><![CDATA[<b>Name:</b> Ferndale - Ferndale Early Childhood Center<br><b>Address:</b> , <br><b>SSID:</b> eduroam<br><b>Enc:</b> WPA2<br><b>AP:</b> 19<br>]]></description>
      <Point>
        <coordinates>-83.1259879,42.4708533,0</coordinates>
      </Point>
    </Placemark>
    <Placemark>
      <name>Oakland Schools</name>
      <description><![CDATA[<b>Name:</b> Ferndale - Ferndale High School<br><b>Address:</b> , <br><b>SSID:</b> eduroam<br><b>Enc:</b> WPA2<br><b>AP:</b> 101<br>]]></description>
      <Point>
        <coordinates>-83.1511641,42.45338,0</coordinates>
      </Point>
    </Placemark>
    <Placemark>
      <name>Oakland Schools</name>
      <description><![CDATA[<b>Name:</b> Ferndale - Ferndale Lower Elementary School<br><b>Address:</b> , <br><b>SSID:</b> eduroam<br><b>Enc:</b> WPA2<br><b>AP:</b> 72<br>]]></description>
      <Point>
        <coordinates>-83.163951,42.464977,0</coordinates>
      </Point>
    </Placemark>
    <Placemark>
      <name>Oakland Schools</name>
      <description><![CDATA[<b>Name:</b> Ferndale - Ferndale Middle School<br><b>Address:</b> , <br><b>SSID:</b> eduroam<br><b>Enc:</b> WPA2<br><b>AP:</b> 44<br>]]></description>
      <Point>
        <coordinates>-83.1496089,42.4533247,0</coordinates>
      </Point>
    </Placemark>
    <Placemark>
      <name>Oakland Schools</name>
      <description><![CDATA[<b>Name:</b> Ferndale - Ferndale Upper Elementary School<br><b>Address:</b> , <br><b>SSID:</b> eduroam<br><b>Enc:</b> WPA2<br><b>AP:</b> 39<br>]]></description>
      <Point>
        <coordinates>-83.1617125,42.4702048,0</coordinates>
      </Point>
    </Placemark>
    <Placemark>
      <name>Oakland Schools</name>
      <description><![CDATA[<b>Name:</b> Ferndale - Transportation<br><b>Address:</b> , <br><b>SSID:</b> eduroam<br><b>Enc:</b> WPA2<br><b>AP:</b> 5<br>]]></description>
      <Point>
        <coordinates>-83.1588949,42.4582343,0</coordinates>
      </Point>
    </Placemark>
    <Placemark>
      <name>Oakland Schools</name>
      <description><![CDATA[<b>Name:</b> Ferndale - Tri-County Education Center<br><b>Address:</b> , <br><b>SSID:</b> eduroam<br><b>Enc:</b> WPA2<br><b>AP:</b> 22<br>]]></description>
      <Point>
        <coordinates>-83.1588706,42.4502547,0</coordinates>
      </Point>
    </Placemark>
    <Placemark>
      <name>Oakland Schools</name>
      <description><![CDATA[<b>Name:</b> Ferndale - University High School<br><b>Address:</b> , <br><b>SSID:</b> eduroam<br><b>Enc:</b> WPA2<br><b>AP:</b> 42<br>]]></description>
      <Point>
        <coordinates>-83.1348052,42.467344,0</coordinates>
      </Point>
    </Placemark>
    <Placemark>
      <name>Oakland Schools</name>
      <description><![CDATA[<b>Name:</b> Holly - Administration Building<br><b>Address:</b> , <br><b>SSID:</b> eduroam<br><b>Enc:</b> WPA2<br><b>AP:</b> 64<br>]]></description>
      <Point>
        <coordinates>-83.6306662,42.8158858,0</coordinates>
      </Point>
    </Placemark>
    <Placemark>
      <name>Oakland Schools</name>
      <description><![CDATA[<b>Name:</b> Holly - Davisburg Elementary<br><b>Address:</b> , <br><b>SSID:</b> eduroam<br><b>Enc:</b> WPA2<br><b>AP:</b> 37<br>]]></description>
      <Point>
        <coordinates>-83.5489916,42.7499742,0</coordinates>
      </Point>
    </Placemark>
    <Placemark>
      <name>Oakland Schools</name>
      <description><![CDATA[<b>Name:</b> Holly - Holly Elementary<br><b>Address:</b> , <br><b>SSID:</b> eduroam<br><b>Enc:</b> WPA2<br><b>AP:</b> 34<br>]]></description>
      <Point>
        <coordinates>-83.617847,42.7930578,0</coordinates>
      </Point>
    </Placemark>
    <Placemark>
      <name>Oakland Schools</name>
      <description><![CDATA[<b>Name:</b> Holly - Holly High School<br><b>Address:</b> , <br><b>SSID:</b> eduroam<br><b>Enc:</b> WPA2<br><b>AP:</b> 101<br>]]></description>
      <Point>
        <coordinates>-83.5849431,42.7969039,0</coordinates>
      </Point>
    </Placemark>
    <Placemark>
      <name>Oakland Schools</name>
      <description><![CDATA[<b>Name:</b> Holly - Holly Middle School<br><b>Address:</b> , <br><b>SSID:</b> eduroam<br><b>Enc:</b> WPA2<br><b>AP:</b> 109<br>]]></description>
      <Point>
        <coordinates>-83.6111663,42.7866557,0</coordinates>
      </Point>
    </Placemark>
    <Placemark>
      <name>Oakland Schools</name>
      <description><![CDATA[<b>Name:</b> Holly - Operations<br><b>Address:</b> , <br><b>SSID:</b> eduroam<br><b>Enc:</b> WPA2<br><b>AP:</b> 7<br>]]></description>
      <Point>
        <coordinates>-83.6124051,42.7899908,0</coordinates>
      </Point>
    </Placemark>
    <Placemark>
      <name>Oakland Schools</name>
      <description><![CDATA[<b>Name:</b> Holly - Patterson Elementary<br><b>Address:</b> , <br><b>SSID:</b> eduroam<br><b>Enc:</b> WPA2<br><b>AP:</b> 142<br>]]></description>
      <Point>
        <coordinates>-83.6395298,42.8075993,0</coordinates>
      </Point>
    </Placemark>
    <Placemark>
      <name>Oakland Schools</name>
      <description><![CDATA[<b>Name:</b> Holly - Rose Pioneer Elementary<br><b>Address:</b> , <br><b>SSID:</b> eduroam<br><b>Enc:</b> WPA2<br><b>AP:</b> 40<br>]]></description>
      <Point>
        <coordinates>-83.6037057,42.7030801,0</coordinates>
      </Point>
    </Placemark>
    <Placemark>
      <name>Oakland Schools</name>
      <description><![CDATA[<b>Name:</b> Lamphere - Administration Building<br><b>Address:</b> , <br><b>SSID:</b> eduroam<br><b>Enc:</b> WPA2<br><b>AP:</b> 29<br>]]></description>
      <Point>
        <coordinates>-83.1242897,42.5211645,0</coordinates>
      </Point>
    </Placemark>
    <Placemark>
      <name>Oakland Schools</name>
      <description><![CDATA[<b>Name:</b> Lamphere - Edmonson Elementary<br><b>Address:</b> , <br><b>SSID:</b> eduroam<br><b>Enc:</b> WPA2<br><b>AP:</b> 34<br>]]></description>
      <Point>
        <coordinates>-83.1015564,42.5035493,0</coordinates>
      </Point>
    </Placemark>
    <Placemark>
      <name>Oakland Schools</name>
      <description><![CDATA[<b>Name:</b> Lamphere - Hiller Elementary<br><b>Address:</b> , <br><b>SSID:</b> eduroam<br><b>Enc:</b> WPA2<br><b>AP:</b> 39<br>]]></description>
      <Point>
        <coordinates>-83.1021897,42.5171588,0</coordinates>
      </Point>
    </Placemark>
    <Placemark>
      <name>Oakland Schools</name>
      <description><![CDATA[<b>Name:</b> Lamphere - John Page Middle School<br><b>Address:</b> , <br><b>SSID:</b> eduroam<br><b>Enc:</b> WPA2<br><b>AP:</b> 84<br>]]></description>
      <Point>
        <coordinates>-83.1006032,42.5106587,0</coordinates>
      </Point>
    </Placemark>
    <Placemark>
      <name>Oakland Schools</name>
      <description><![CDATA[<b>Name:</b> Lamphere - Lamphere High School<br><b>Address:</b> , <br><b>SSID:</b> eduroam<br><b>Enc:</b> WPA2<br><b>AP:</b> 92<br>]]></description>
      <Point>
        <coordinates>-83.1124604,42.5216836,0</coordinates>
      </Point>
    </Placemark>
    <Placemark>
      <name>Oakland Schools</name>
      <description><![CDATA[<b>Name:</b> Lamphere - Lessenger Elementary<br><b>Address:</b> , <br><b>SSID:</b> eduroam<br><b>Enc:</b> WPA2<br><b>AP:</b> 31<br>]]></description>
      <Point>
        <coordinates>-83.1242653,42.5135035,0</coordinates>
      </Point>
    </Placemark>
    <Placemark>
      <name>Oakland Schools</name>
      <description><![CDATA[<b>Name:</b> Lamphere - Maintenance Building<br><b>Address:</b> , <br><b>SSID:</b> eduroam<br><b>Enc:</b> WPA2<br><b>AP:</b> 2<br>]]></description>
      <Point>
        <coordinates>-83.1104096,42.5249914,0</coordinates>
      </Point>
    </Placemark>
    <Placemark>
      <name>Oakland Schools</name>
      <description><![CDATA[<b>Name:</b> Lamphere - Simonds Elementary<br><b>Address:</b> , <br><b>SSID:</b> eduroam<br><b>Enc:</b> WPA2<br><b>AP:</b> 36<br>]]></description>
      <Point>
        <coordinates>-83.0906604,42.5131265,0</coordinates>
      </Point>
    </Placemark>
    <Placemark>
      <name>Oakland Schools</name>
      <description><![CDATA[<b>Name:</b> Lapeer - Administration Building<br><b>Address:</b> , <br><b>SSID:</b> eduroam<br><b>Enc:</b> WPA2<br><b>AP:</b> 9<br>]]></description>
      <Point>
        <coordinates>-83.3149373,43.0606696,0</coordinates>
      </Point>
    </Placemark>
    <Placemark>
      <name>Oakland Schools</name>
      <description><![CDATA[<b>Name:</b> Lapeer - Center for Innovation<br><b>Address:</b> , <br><b>SSID:</b> eduroam<br><b>Enc:</b> WPA2<br><b>AP:</b> 22<br>]]></description>
      <Point>
        <coordinates>-83.3412574,43.0555916,0</coordinates>
      </Point>
    </Placemark>
    <Placemark>
      <name>Oakland Schools</name>
      <description><![CDATA[<b>Name:</b> Lapeer - Cramton (Lapeer Virtual Partnership)<br><b>Address:</b> , <br><b>SSID:</b> eduroam<br><b>Enc:</b> WPA2<br><b>AP:</b> 10<br>]]></description>
      <Point>
        <coordinates>-83.3622636,43.021906,0</coordinates>
      </Point>
    </Placemark>
    <Placemark>
      <name>Oakland Schools</name>
      <description><![CDATA[<b>Name:</b> Lapeer - Elva Lynch Elementary<br><b>Address:</b> , <br><b>SSID:</b> eduroam<br><b>Enc:</b> WPA2<br><b>AP:</b> 25<br>]]></description>
      <Point>
        <coordinates>-83.278301,43.0893179,0</coordinates>
      </Point>
    </Placemark>
    <Placemark>
      <name>Oakland Schools</name>
      <description><![CDATA[<b>Name:</b> Lapeer - Lapeer High School<br><b>Address:</b> , <br><b>SSID:</b> eduroam<br><b>Enc:</b> WPA2<br><b>AP:</b> 70<br>]]></description>
      <Point>
        <coordinates>-83.3009513,43.0352766,0</coordinates>
      </Point>
    </Placemark>
    <Placemark>
      <name>Oakland Schools</name>
      <description><![CDATA[<b>Name:</b> Lapeer - Maple Grove<br><b>Address:</b> , <br><b>SSID:</b> eduroam<br><b>Enc:</b> WPA2<br><b>AP:</b> 1<br>]]></description>
      <Point>
        <coordinates>-83.2923692,43.0492912,0</coordinates>
      </Point>
    </Placemark>
    <Placemark>
      <name>Oakland Schools</name>
      <description><![CDATA[<b>Name:</b> Lapeer - Murphy Elementary<br><b>Address:</b> , <br><b>SSID:</b> eduroam<br><b>Enc:</b> WPA2<br><b>AP:</b> 22<br>]]></description>
      <Point>
        <coordinates>-83.3178097,42.9571852,0</coordinates>
      </Point>
    </Placemark>
    <Placemark>
      <name>Oakland Schools</name>
      <description><![CDATA[<b>Name:</b> Lapeer - Rolland-Warner Middle School<br><b>Address:</b> , <br><b>SSID:</b> eduroam<br><b>Enc:</b> WPA2<br><b>AP:</b> 52<br>]]></description>
      <Point>
        <coordinates>-83.3470454,43.0479597,0</coordinates>
      </Point>
    </Placemark>
    <Placemark>
      <name>Oakland Schools</name>
      <description><![CDATA[<b>Name:</b> Lapeer - Schickler Elementary<br><b>Address:</b> , <br><b>SSID:</b> eduroam<br><b>Enc:</b> WPA2<br><b>AP:</b> 29<br>]]></description>
      <Point>
        <coordinates>-83.3375191,43.0620886,0</coordinates>
      </Point>
    </Placemark>
    <Placemark>
      <name>Oakland Schools</name>
      <description><![CDATA[<b>Name:</b> Lapeer - Transportation<br><b>Address:</b> , <br><b>SSID:</b> eduroam<br><b>Enc:</b> WPA2<br><b>AP:</b> 3<br>]]></description>
      <Point>
        <coordinates>-83.315024,43.0446729,0</coordinates>
      </Point>
    </Placemark>
    <Placemark>
      <name>Oakland Schools</name>
      <description><![CDATA[<b>Name:</b> Lapeer - Turrill Elementary<br><b>Address:</b> , <br><b>SSID:</b> eduroam<br><b>Enc:</b> WPA2<br><b>AP:</b> 30<br>]]></description>
      <Point>
        <coordinates>-83.3164093,43.0451794,0</coordinates>
      </Point>
    </Placemark>
    <Placemark>
      <name>Oakland Schools</name>
      <description><![CDATA[<b>Name:</b> Lapeer - Zemmer Junior High<br><b>Address:</b> , <br><b>SSID:</b> eduroam<br><b>Enc:</b> WPA2<br><b>AP:</b> 45<br>]]></description>
      <Point>
        <coordinates>-83.3356901,43.0581077,0</coordinates>
      </Point>
    </Placemark>
    <Placemark>
      <name>Oakland Schools</name>
      <description><![CDATA[<b>Name:</b> Madison - Administration Building<br><b>Address:</b> , <br><b>SSID:</b> eduroam<br><b>Enc:</b> WPA2<br><b>AP:</b> 5<br>]]></description>
      <Point>
        <coordinates>-83.1046428,42.4882319,0</coordinates>
      </Point>
    </Placemark>
    <Placemark>
      <name>Oakland Schools</name>
      <description><![CDATA[<b>Name:</b> Madison - Early Childhood Center<br><b>Address:</b> , <br><b>SSID:</b> eduroam<br><b>Enc:</b> WPA2<br><b>AP:</b> 29<br>]]></description>
      <Point>
        <coordinates>-83.0966942,42.481118,0</coordinates>
      </Point>
    </Placemark>
    <Placemark>
      <name>Oakland Schools</name>
      <description><![CDATA[<b>Name:</b> Madison - Madison Elementary School<br><b>Address:</b> , <br><b>SSID:</b> eduroam<br><b>Enc:</b> WPA2<br><b>AP:</b> 45<br>]]></description>
      <Point>
        <coordinates>-83.0935084,42.4926831,0</coordinates>
      </Point>
    </Placemark>
    <Placemark>
      <name>Oakland Schools</name>
      <description><![CDATA[<b>Name:</b> Madison - Madison High School<br><b>Address:</b> , <br><b>SSID:</b> eduroam<br><b>Enc:</b> WPA2<br><b>AP:</b> 45<br>]]></description>
      <Point>
        <coordinates>-83.0966298,42.4918565,0</coordinates>
      </Point>
    </Placemark>
    <Placemark>
      <name>Oakland Schools</name>
      <description><![CDATA[<b>Name:</b> Madison - Wilkinson Middle School<br><b>Address:</b> , <br><b>SSID:</b> eduroam<br><b>Enc:</b> WPA2<br><b>AP:</b> 135<br>]]></description>
      <Point>
        <coordinates>-83.1032412,42.4879111,0</coordinates>
      </Point>
    </Placemark>
    <Placemark>
      <name>Oakland Schools</name>
      <description><![CDATA[<b>Name:</b> Novi - Deerfield Elementary School<br><b>Address:</b> , <br><b>SSID:</b> eduroam<br><b>Enc:</b> WPA2<br><b>AP:</b> 49<br>]]></description>
      <Point>
        <coordinates>-83.533485,42.4832552,0</coordinates>
      </Point>
    </Placemark>
    <Placemark>
      <name>Oakland Schools</name>
      <description><![CDATA[<b>Name:</b> Novi - Early Childhood Education Center<br><b>Address:</b> , <br><b>SSID:</b> eduroam<br><b>Enc:</b> WPA2<br><b>AP:</b> 30<br>]]></description>
      <Point>
        <coordinates>-83.496653,42.4788257,0</coordinates>
      </Point>
    </Placemark>
    <Placemark>
      <name>Oakland Schools</name>
      <description><![CDATA[<b>Name:</b> Novi - Educational Services Building<br><b>Address:</b> , <br><b>SSID:</b> eduroam<br><b>Enc:</b> WPA2<br><b>AP:</b> 26<br>]]></description>
      <Point>
        <coordinates>-83.4951586,42.4754468,0</coordinates>
      </Point>
    </Placemark>
    <Placemark>
      <name>Oakland Schools</name>
      <description><![CDATA[<b>Name:</b> Novi - Maintenance and Transportation Center<br><b>Address:</b> , <br><b>SSID:</b> eduroam<br><b>Enc:</b> WPA2<br><b>AP:</b> 13<br>]]></description>
      <Point>
        <coordinates>-83.4973334,42.4803622,0</coordinates>
      </Point>
    </Placemark>
    <Placemark>
      <name>Oakland Schools</name>
      <description><![CDATA[<b>Name:</b> Novi - Novi High School<br><b>Address:</b> , <br><b>SSID:</b> eduroam<br><b>Enc:</b> WPA2<br><b>AP:</b> 234<br>]]></description>
      <Point>
        <coordinates>-83.4908507,42.4637171,0</coordinates>
      </Point>
    </Placemark>
    <Placemark>
      <name>Oakland Schools</name>
      <description><![CDATA[<b>Name:</b> Novi - Novi Meadows Elementary School<br><b>Address:</b> , <br><b>SSID:</b> eduroam<br><b>Enc:</b> WPA2<br><b>AP:</b> 88<br>]]></description>
      <Point>
        <coordinates>-83.4980911,42.4756047,0</coordinates>
      </Point>
    </Placemark>
    <Placemark>
      <name>Oakland Schools</name>
      <description><![CDATA[<b>Name:</b> Novi - Novi Middle School<br><b>Address:</b> , <br><b>SSID:</b> eduroam<br><b>Enc:</b> WPA2<br><b>AP:</b> 91<br>]]></description>
      <Point>
        <coordinates>-83.5303617,42.4813434,0</coordinates>
      </Point>
    </Placemark>
    <Placemark>
      <name>Oakland Schools</name>
      <description><![CDATA[<b>Name:</b> Novi - Novi Woods Elementary School<br><b>Address:</b> , <br><b>SSID:</b> eduroam<br><b>Enc:</b> WPA2<br><b>AP:</b> 47<br>]]></description>
      <Point>
        <coordinates>-83.4978811,42.4739078,0</coordinates>
      </Point>
    </Placemark>
    <Placemark>
      <name>Oakland Schools</name>
      <description><![CDATA[<b>Name:</b> Novi - NOVUS Center<br><b>Address:</b> , <br><b>SSID:</b> eduroam<br><b>Enc:</b> WPA2<br><b>AP:</b> 42<br>]]></description>
      <Point>
        <coordinates>-83.4950886,42.4739812,0</coordinates>
      </Point>
    </Placemark>
    <Placemark>
      <name>Oakland Schools</name>
      <description><![CDATA[<b>Name:</b> Novi - Old Educational Services Building<br><b>Address:</b> , <br><b>SSID:</b> eduroam<br><b>Enc:</b> WPA2<br><b>AP:</b> 7<br>]]></description>
      <Point>
        <coordinates>-83.4968278,42.4756671,0</coordinates>
      </Point>
    </Placemark>
    <Placemark>
      <name>Oakland Schools</name>
      <description><![CDATA[<b>Name:</b> Novi - Orchard Hills Elementary School<br><b>Address:</b> , <br><b>SSID:</b> eduroam<br><b>Enc:</b> WPA2<br><b>AP:</b> 46<br>]]></description>
      <Point>
        <coordinates>-83.4620211,42.4648249,0</coordinates>
      </Point>
    </Placemark>
    <Placemark>
      <name>Oakland Schools</name>
      <description><![CDATA[<b>Name:</b> Novi - Parkview Elementary School<br><b>Address:</b> , <br><b>SSID:</b> eduroam<br><b>Enc:</b> WPA2<br><b>AP:</b> 61<br>]]></description>
      <Point>
        <coordinates>-83.4997021,42.4787098,0</coordinates>
      </Point>
    </Placemark>
    <Placemark>
      <name>Oakland Schools</name>
      <description><![CDATA[<b>Name:</b> Novi - ROAR Center<br><b>Address:</b> , <br><b>SSID:</b> eduroam<br><b>Enc:</b> WPA2<br><b>AP:</b> 26<br>]]></description>
      <Point>
        <coordinates>-83.4576489,42.4847487,0</coordinates>
      </Point>
    </Placemark>
    <Placemark>
      <name>Oakland Schools</name>
      <description><![CDATA[<b>Name:</b> Novi - Village Oaks Elementary School<br><b>Address:</b> , <br><b>SSID:</b> eduroam<br><b>Enc:</b> WPA2<br><b>AP:</b> 55<br>]]></description>
      <Point>
        <coordinates>-83.4460137,42.4614648,0</coordinates>
      </Point>
    </Placemark>
    <Placemark>
      <name>Oakland Schools</name>
      <description><![CDATA[<b>Name:</b> Oak Park - Administration<br><b>Address:</b> , <br><b>SSID:</b> eduroam<br><b>Enc:</b> WPA2<br><b>AP:</b> 8<br>]]></description>
      <Point>
        <coordinates>-83.1852805,42.4576136,0</coordinates>
      </Point>
    </Placemark>
    <Placemark>
      <name>Oakland Schools</name>
      <description><![CDATA[<b>Name:</b> Oak Park - Einstein Elementary<br><b>Address:</b> , <br><b>SSID:</b> eduroam<br><b>Enc:</b> WPA2<br><b>AP:</b> 47<br>]]></description>
      <Point>
        <coordinates>-83.1874461,42.4514422,0</coordinates>
      </Point>
    </Placemark>
    <Placemark>
      <name>Oakland Schools</name>
      <description><![CDATA[<b>Name:</b> Oak Park - Key Elementary<br><b>Address:</b> , <br><b>SSID:</b> eduroam<br><b>Enc:</b> WPA2<br><b>AP:</b> 44<br>]]></description>
      <Point>
        <coordinates>-83.174949,42.4624398,0</coordinates>
      </Point>
    </Placemark>
    <Placemark>
      <name>Oakland Schools</name>
      <description><![CDATA[<b>Name:</b> Oak Park - Lessenger Early Childhood Center<br><b>Address:</b> , <br><b>SSID:</b> eduroam<br><b>Enc:</b> WPA2<br><b>AP:</b> 29<br>]]></description>
      <Point>
        <coordinates>-83.1738923,42.456324,0</coordinates>
      </Point>
    </Placemark>
    <Placemark>
      <name>Oakland Schools</name>
      <description><![CDATA[<b>Name:</b> Oak Park - NOVA Academy<br><b>Address:</b> , <br><b>SSID:</b> eduroam<br><b>Enc:</b> WPA2<br><b>AP:</b> 72<br>]]></description>
      <Point>
        <coordinates>-83.1753268,42.4617336,0</coordinates>
      </Point>
    </Placemark>
    <Placemark>
      <name>Oakland Schools</name>
      <description><![CDATA[<b>Name:</b> Oak Park - Oak Park High School<br><b>Address:</b> , <br><b>SSID:</b> eduroam<br><b>Enc:</b> WPA2<br><b>AP:</b> 115<br>]]></description>
      <Point>
        <coordinates>-83.1843265,42.4642206,0</coordinates>
      </Point>
    </Placemark>
    <Placemark>
      <name>Oakland Schools</name>
      <description><![CDATA[<b>Name:</b> Oak Park - Oak Park Preparatory Academy<br><b>Address:</b> , <br><b>SSID:</b> eduroam<br><b>Enc:</b> WPA2<br><b>AP:</b> 72<br>]]></description>
      <Point>
        <coordinates>-83.1753268,42.4617336,0</coordinates>
      </Point>
    </Placemark>
    <Placemark>
      <name>Oakland Schools</name>
      <description><![CDATA[<b>Name:</b> Oak Park - Pepper Elementary<br><b>Address:</b> , <br><b>SSID:</b> eduroam<br><b>Enc:</b> WPA2<br><b>AP:</b> 37<br>]]></description>
      <Point>
        <coordinates>-83.1931875,42.4707141,0</coordinates>
      </Point>
    </Placemark>
    <Placemark>
      <name>Oakland Schools</name>
      <description><![CDATA[<b>Name:</b> Oakland - Summit<br><b>Address:</b> , <br><b>SSID:</b> eduroam<br><b>Enc:</b> WPA2<br><b>AP:</b> 13<br>]]></description>
      <Point>
        <coordinates>-83.3293349,42.6485013,0</coordinates>
      </Point>
    </Placemark>
    <Placemark>
      <name>Oakland Schools</name>
      <description><![CDATA[<b>Name:</b> Oakland Schools<br><b>Address:</b> , <br><b>SSID:</b> eduroam<br><b>Enc:</b> WPA2<br><b>AP:</b> 44<br>]]></description>
      <Point>
        <coordinates>-83.3317106,42.6505161,0</coordinates>
      </Point>
    </Placemark>
    <Placemark>
      <name>Oakland Schools</name>
      <description><![CDATA[<b>Name:</b> OSTC NE<br><b>Address:</b> , <br><b>SSID:</b> eduroam<br><b>Enc:</b> WPA2<br><b>AP:</b> 32<br>]]></description>
      <Point>
        <coordinates>-83.2643157,42.6687119,0</coordinates>
      </Point>
    </Placemark>
    <Placemark>
      <name>Oakland Schools</name>
      <description><![CDATA[<b>Name:</b> OSTC NW<br><b>Address:</b> , <br><b>SSID:</b> eduroam<br><b>Enc:</b> WPA2<br><b>AP:</b> 31<br>]]></description>
      <Point>
        <coordinates>-83.4526839,42.7362296,0</coordinates>
      </Point>
    </Placemark>
    <Placemark>
      <name>Oakland Schools</name>
      <description><![CDATA[<b>Name:</b> OSTC SE<br><b>Address:</b> , <br><b>SSID:</b> eduroam<br><b>Enc:</b> WPA2<br><b>AP:</b> 36<br>]]></description>
      <Point>
        <coordinates>-83.180053,42.5370544,0</coordinates>
      </Point>
    </Placemark>
    <Placemark>
      <name>Oakland Schools</name>
      <description><![CDATA[<b>Name:</b> OSTC SW<br><b>Address:</b> , <br><b>SSID:</b> eduroam<br><b>Enc:</b> WPA2<br><b>AP:</b> 32<br>]]></description>
      <Point>
        <coordinates>-83.5156831,42.5380188,0</coordinates>
      </Point>
    </Placemark>
    <Placemark>
      <name>Oakland Schools</name>
      <description><![CDATA[<b>Name:</b> Pontiac - Administration<br><b>Address:</b> , <br><b>SSID:</b> eduroam<br><b>Enc:</b> WPA2<br><b>AP:</b> 13<br>]]></description>
      <Point>
        <coordinates>-83.2878175,42.6352243,0</coordinates>
      </Point>
    </Placemark>
    <Placemark>
      <name>Oakland Schools</name>
      <description><![CDATA[<b>Name:</b> Pontiac - Alcott Elementary<br><b>Address:</b> , <br><b>SSID:</b> eduroam<br><b>Enc:</b> WPA2<br><b>AP:</b> 28<br>]]></description>
      <Point>
        <coordinates>-83.3176422,42.6658278,0</coordinates>
      </Point>
    </Placemark>
    <Placemark>
      <name>Oakland Schools</name>
      <description><![CDATA[<b>Name:</b> Pontiac - Fell Center<br><b>Address:</b> , <br><b>SSID:</b> eduroam<br><b>Enc:</b> WPA2<br><b>AP:</b> 4<br>]]></description>
      <Point>
        <coordinates>-83.2935806,42.6552235,0</coordinates>
      </Point>
    </Placemark>
    <Placemark>
      <name>Oakland Schools</name>
      <description><![CDATA[<b>Name:</b> Pontiac - Frost (PEACE)<br><b>Address:</b> , <br><b>SSID:</b> eduroam<br><b>Enc:</b> WPA2<br><b>AP:</b> 26<br>]]></description>
      <Point>
        <coordinates>-83.2631442,42.6318147,0</coordinates>
      </Point>
    </Placemark>
    <Placemark>
      <name>Oakland Schools</name>
      <description><![CDATA[<b>Name:</b> Pontiac - Herrington Elementary<br><b>Address:</b> , <br><b>SSID:</b> eduroam<br><b>Enc:</b> WPA2<br><b>AP:</b> 33<br>]]></description>
      <Point>
        <coordinates>-83.2557353,42.6535422,0</coordinates>
      </Point>
    </Placemark>
    <Placemark>
      <name>Oakland Schools</name>
      <description><![CDATA[<b>Name:</b> Pontiac - Kennedy Elementary<br><b>Address:</b> , <br><b>SSID:</b> eduroam<br><b>Enc:</b> WPA2<br><b>AP:</b> 46<br>]]></description>
      <Point>
        <coordinates>-83.3048301,42.6890099,0</coordinates>
      </Point>
    </Placemark>
    <Placemark>
      <name>Oakland Schools</name>
      <description><![CDATA[<b>Name:</b> Pontiac - Pontiac High School<br><b>Address:</b> , <br><b>SSID:</b> eduroam<br><b>Enc:</b> WPA2<br><b>AP:</b> 124<br>]]></description>
      <Point>
        <coordinates>-83.269315,42.6674987,0</coordinates>
      </Point>
    </Placemark>
    <Placemark>
      <name>Oakland Schools</name>
      <description><![CDATA[<b>Name:</b> Pontiac - Pontiac Middle School<br><b>Address:</b> , <br><b>SSID:</b> eduroam<br><b>Enc:</b> WPA2<br><b>AP:</b> 47<br>]]></description>
      <Point>
        <coordinates>-83.2674727,42.6658563,0</coordinates>
      </Point>
    </Placemark>
    <Placemark>
      <name>Oakland Schools</name>
      <description><![CDATA[<b>Name:</b> Pontiac - Rogers Elementary<br><b>Address:</b> , <br><b>SSID:</b> eduroam<br><b>Enc:</b> WPA2<br><b>AP:</b> 26<br>]]></description>
      <Point>
        <coordinates>-83.2298555,42.6803741,0</coordinates>
      </Point>
    </Placemark>
    <Placemark>
      <name>Oakland Schools</name>
      <description><![CDATA[<b>Name:</b> Pontiac - Whitman Elementary<br><b>Address:</b> , <br><b>SSID:</b> eduroam<br><b>Enc:</b> WPA2<br><b>AP:</b> 27<br>]]></description>
      <Point>
        <coordinates>-83.3035377,42.656476,0</coordinates>
      </Point>
    </Placemark>
    <Placemark>
      <name>Oakland Schools</name>
      <description><![CDATA[<b>Name:</b> Pontiac - WHRC<br><b>Address:</b> , <br><b>SSID:</b> eduroam<br><b>Enc:</b> WPA2<br><b>AP:</b> 86<br>]]></description>
      <Point>
        <coordinates>-83.2848091,42.6361989,0</coordinates>
      </Point>
    </Placemark>
    <Placemark>
      <name>Oakland Schools</name>
      <description><![CDATA[<b>Name:</b> Royal Oak - Addams Elementary<br><b>Address:</b> , <br><b>SSID:</b> eduroam<br><b>Enc:</b> WPA2<br><b>AP:</b> 60<br>]]></description>
      <Point>
        <coordinates>-83.1719969,42.511409,0</coordinates>
      </Point>
    </Placemark>
    <Placemark>
      <name>Oakland Schools</name>
      <description><![CDATA[<b>Name:</b> Royal Oak - Administration Building<br><b>Address:</b> , <br><b>SSID:</b> eduroam<br><b>Enc:</b> WPA2<br><b>AP:</b> 43<br>]]></description>
      <Point>
        <coordinates>-83.1348279,42.5144785,0</coordinates>
      </Point>
    </Placemark>
    <Placemark>
      <name>Oakland Schools</name>
      <description><![CDATA[<b>Name:</b> Royal Oak - Keller Elementary<br><b>Address:</b> , <br><b>SSID:</b> eduroam<br><b>Enc:</b> WPA2<br><b>AP:</b> 59<br>]]></description>
      <Point>
        <coordinates>-83.1260139,42.5022944,0</coordinates>
      </Point>
    </Placemark>
    <Placemark>
      <name>Oakland Schools</name>
      <description><![CDATA[<b>Name:</b> Royal Oak - Northwood Elementary<br><b>Address:</b> , <br><b>SSID:</b> eduroam<br><b>Enc:</b> WPA2<br><b>AP:</b> 47<br>]]></description>
      <Point>
        <coordinates>-83.1546754,42.5054648,0</coordinates>
      </Point>
    </Placemark>
    <Placemark>
      <name>Oakland Schools</name>
      <description><![CDATA[<b>Name:</b> Royal Oak - Oak Ridge Elementary<br><b>Address:</b> , <br><b>SSID:</b> eduroam<br><b>Enc:</b> WPA2<br><b>AP:</b> 34<br>]]></description>
      <Point>
        <coordinates>-83.1374644,42.5185155,0</coordinates>
      </Point>
    </Placemark>
    <Placemark>
      <name>Oakland Schools</name>
      <description><![CDATA[<b>Name:</b> Royal Oak - Oakland Elementary<br><b>Address:</b> , <br><b>SSID:</b> eduroam<br><b>Enc:</b> WPA2<br><b>AP:</b> 35<br>]]></description>
      <Point>
        <coordinates>-83.0912824,42.4808046,0</coordinates>
      </Point>
    </Placemark>
    <Placemark>
      <name>Oakland Schools</name>
      <description><![CDATA[<b>Name:</b> Royal Oak - Royal Oak High School<br><b>Address:</b> , <br><b>SSID:</b> eduroam<br><b>Enc:</b> WPA2<br><b>AP:</b> 122<br>]]></description>
      <Point>
        <coordinates>-83.161928,42.5229605,0</coordinates>
      </Point>
    </Placemark>
    <Placemark>
      <name>Oakland Schools</name>
      <description><![CDATA[<b>Name:</b> Royal Oak - Royal Oak Middle School<br><b>Address:</b> , <br><b>SSID:</b> eduroam<br><b>Enc:</b> WPA2<br><b>AP:</b> 99<br>]]></description>
      <Point>
        <coordinates>-83.1479809,42.4948878,0</coordinates>
      </Point>
    </Placemark>
    <Placemark>
      <name>Oakland Schools</name>
      <description><![CDATA[<b>Name:</b> Royal Oak - Upton Elementary<br><b>Address:</b> , <br><b>SSID:</b> eduroam<br><b>Enc:</b> WPA2<br><b>AP:</b> 26<br>]]></description>
      <Point>
        <coordinates>-83.1859548,42.5292817,0</coordinates>
      </Point>
    </Placemark>
    <Placemark>
      <name>Oakland Schools</name>
      <description><![CDATA[<b>Name:</b> Southfield - Adler Elementary<br><b>Address:</b> , <br><b>SSID:</b> eduroam<br><b>Enc:</b> WPA2<br><b>AP:</b> 33<br>]]></description>
      <Point>
        <coordinates>-83.2319937,42.4775599,0</coordinates>
      </Point>
    </Placemark>
    <Placemark>
      <name>Oakland Schools</name>
      <description><![CDATA[<b>Name:</b> Southfield - Birney Middle School<br><b>Address:</b> , <br><b>SSID:</b> eduroam<br><b>Enc:</b> WPA2<br><b>AP:</b> 62<br>]]></description>
      <Point>
        <coordinates>-83.2432403,42.4897077,0</coordinates>
      </Point>
    </Placemark>
    <Placemark>
      <name>Oakland Schools</name>
      <description><![CDATA[<b>Name:</b> Southfield - Bussey Elementary<br><b>Address:</b> , <br><b>SSID:</b> eduroam<br><b>Enc:</b> WPA2<br><b>AP:</b> 28<br>]]></description>
      <Point>
        <coordinates>-83.2897309,42.4487468,0</coordinates>
      </Point>
    </Placemark>
    <Placemark>
      <name>Oakland Schools</name>
      <description><![CDATA[<b>Name:</b> Southfield - Eisenhower Elementary<br><b>Address:</b> , <br><b>SSID:</b> eduroam<br><b>Enc:</b> WPA2<br><b>AP:</b> 31<br>]]></description>
      <Point>
        <coordinates>-83.285591,42.466931,0</coordinates>
      </Point>
    </Placemark>
    <Placemark>
      <name>Oakland Schools</name>
      <description><![CDATA[<b>Name:</b> Southfield - ITC<br><b>Address:</b> , <br><b>SSID:</b> eduroam<br><b>Enc:</b> WPA2<br><b>AP:</b> 4<br>]]></description>
      <Point>
        <coordinates>-83.2633123,42.4688948,0</coordinates>
      </Point>
    </Placemark>
    <Placemark>
      <name>Oakland Schools</name>
      <description><![CDATA[<b>Name:</b> Southfield - JWE Admin building<br><b>Address:</b> , <br><b>SSID:</b> eduroam<br><b>Enc:</b> WPA2<br><b>AP:</b> 8<br>]]></description>
      <Point>
        <coordinates>-83.2643985,42.4663819,0</coordinates>
      </Point>
    </Placemark>
    <Placemark>
      <name>Oakland Schools</name>
      <description><![CDATA[<b>Name:</b> Southfield - Kennedy Learning Center<br><b>Address:</b> , <br><b>SSID:</b> eduroam<br><b>Enc:</b> WPA2<br><b>AP:</b> 36<br>]]></description>
      <Point>
        <coordinates>-83.2104268,42.4653599,0</coordinates>
      </Point>
    </Placemark>
    <Placemark>
      <name>Oakland Schools</name>
      <description><![CDATA[<b>Name:</b> Southfield - Levey Middle School<br><b>Address:</b> , <br><b>SSID:</b> eduroam<br><b>Enc:</b> WPA2<br><b>AP:</b> 46<br>]]></description>
      <Point>
        <coordinates>-83.2386087,42.4953548,0</coordinates>
      </Point>
    </Placemark>
    <Placemark>
      <name>Oakland Schools</name>
      <description><![CDATA[<b>Name:</b> Southfield - Southfield High School<br><b>Address:</b> , <br><b>SSID:</b> eduroam<br><b>Enc:</b> WPA2<br><b>AP:</b> 135<br>]]></description>
      <Point>
        <coordinates>-83.2633123,42.4688948,0</coordinates>
      </Point>
    </Placemark>
    <Placemark>
      <name>Oakland Schools</name>
      <description><![CDATA[<b>Name:</b> Southfield - Southfield Regional Academic Campus<br><b>Address:</b> , <br><b>SSID:</b> eduroam<br><b>Enc:</b> WPA2<br><b>AP:</b> 31<br>]]></description>
      <Point>
        <coordinates>-83.2408526,42.451103,0</coordinates>
      </Point>
    </Placemark>
    <Placemark>
      <name>Oakland Schools</name>
      <description><![CDATA[<b>Name:</b> Southfield - Stevenson Elementary<br><b>Address:</b> , <br><b>SSID:</b> eduroam<br><b>Enc:</b> WPA2<br><b>AP:</b> 35<br>]]></description>
      <Point>
        <coordinates>-83.2633456,42.492657,0</coordinates>
      </Point>
    </Placemark>
    <Placemark>
      <name>Oakland Schools</name>
      <description><![CDATA[<b>Name:</b> Southfield - University K-12<br><b>Address:</b> , <br><b>SSID:</b> eduroam<br><b>Enc:</b> WPA2<br><b>AP:</b> 117<br>]]></description>
      <Point>
        <coordinates>-83.2365482,42.4990854,0</coordinates>
      </Point>
    </Placemark>
    <Placemark>
      <name>Oakland Schools</name>
      <description><![CDATA[<b>Name:</b> Southfield - Vandenberg World Cultures Academy<br><b>Address:</b> , <br><b>SSID:</b> eduroam<br><b>Enc:</b> WPA2<br><b>AP:</b> 27<br>]]></description>
      <Point>
        <coordinates>-83.2090439,42.506145,0</coordinates>
      </Point>
    </Placemark>
    <Placemark>
      <name>Oakland Schools</name>
      <description><![CDATA[<b>Name:</b> West Bloomfield - Administrative &amp; Community Services<br><b>Address:</b> , <br><b>SSID:</b> eduroam<br><b>Enc:</b> WPA2<br><b>AP:</b> 23<br>]]></description>
      <Point>
        <coordinates>-83.3980777,42.5905579,0</coordinates>
      </Point>
    </Placemark>
    <Placemark>
      <name>Oakland Schools</name>
      <description><![CDATA[<b>Name:</b> West Bloomfield - Doherty Elementary<br><b>Address:</b> , <br><b>SSID:</b> eduroam<br><b>Enc:</b> WPA2<br><b>AP:</b> 45<br>]]></description>
      <Point>
        <coordinates>-83.3539687,42.5562631,0</coordinates>
      </Point>
    </Placemark>
    <Placemark>
      <name>Oakland Schools</name>
      <description><![CDATA[<b>Name:</b> West Bloomfield - Gretchko Elementary<br><b>Address:</b> , <br><b>SSID:</b> eduroam<br><b>Enc:</b> WPA2<br><b>AP:</b> 37<br>]]></description>
      <Point>
        <coordinates>-83.3894627,42.6096395,0</coordinates>
      </Point>
    </Placemark>
    <Placemark>
      <name>Oakland Schools</name>
      <description><![CDATA[<b>Name:</b> West Bloomfield - Scotch Elementary<br><b>Address:</b> , <br><b>SSID:</b> eduroam<br><b>Enc:</b> WPA2<br><b>AP:</b> 45<br>]]></description>
      <Point>
        <coordinates>-83.3995733,42.5881299,0</coordinates>
      </Point>
    </Placemark>
    <Placemark>
      <name>Oakland Schools</name>
      <description><![CDATA[<b>Name:</b> West Bloomfield - Sheiko Elementary<br><b>Address:</b> , <br><b>SSID:</b> eduroam<br><b>Enc:</b> WPA2<br><b>AP:</b> 56<br>]]></description>
      <Point>
        <coordinates>-83.3503162,42.5998044,0</coordinates>
      </Point>
    </Placemark>
    <Placemark>
      <name>Oakland Schools</name>
      <description><![CDATA[<b>Name:</b> West Bloomfield - West Bloomfield High School<br><b>Address:</b> , <br><b>SSID:</b> eduroam<br><b>Enc:</b> WPA2<br><b>AP:</b> 164<br>]]></description>
      <Point>
        <coordinates>-83.3584734,42.566156,0</coordinates>
      </Point>
    </Placemark>
    <Placemark>
      <name>Oakland Schools</name>
      <description><![CDATA[<b>Name:</b> West Bloomfield - West Bloomfield Middle School<br><b>Address:</b> , <br><b>SSID:</b> eduroam<br><b>Enc:</b> WPA2<br><b>AP:</b> 100<br>]]></description>
      <Point>
        <coordinates>-83.3635786,42.5492538,0</coordinates>
      </Point>
    </Placemark>
    <Placemark>
      <name>Oakland University</name>
      <description><![CDATA[<b>Name:</b> Oakland University<br><b>Address:</b> , <br><b>SSID:</b> eduroam<br><b>Enc:</b> WPA2<br><b>AP:</b> -<br>]]></description>
      <Point>
        <coordinates>-83.2083893,42.6680478,0</coordinates>
      </Point>
    </Placemark>
    <Placemark>
      <name>Ottawa Area ISD</name>
      <description><![CDATA[<b>Name:</b> 13565 Port Sheldon St.<br><b>Address:</b> , <br><b>SSID:</b> eduroam<br><b>Enc:</b> WPA2<br><b>AP:</b> 128<br>]]></description>
      <Point>
        <coordinates>-86.1184936,42.8857888,0</coordinates>
      </Point>
    </Placemark>
    <Placemark>
      <name>Redford Township District Library</name>
      <description><![CDATA[<b>Name:</b> Redford Township District Library<br><b>Address:</b> , <br><b>SSID:</b> eduroam<br><b>Enc:</b> WPA2<br><b>AP:</b> 11<br>]]></description>
      <Point>
        <coordinates>-83.2893326,42.4146395,0</coordinates>
      </Point>
    </Placemark>
    <Placemark>
      <name>River Rouge Sch Dist</name>
      <description><![CDATA[<b>Name:</b> Ann Visger Preparatory Academy (PreK&#8211;5)<br><b>Address:</b> , <br><b>SSID:</b> eduroam<br><b>Enc:</b> WPA2<br><b>AP:</b> 5<br>]]></description>
      <Point>
        <coordinates>-83.1362401,42.2645855,0</coordinates>
      </Point>
    </Placemark>
    <Placemark>
      <name>River Rouge Sch Dist</name>
      <description><![CDATA[<b>Name:</b> Clarence B. Sabbath Middle School (6&#8211;8)<br><b>Address:</b> , <br><b>SSID:</b> eduroam<br><b>Enc:</b> WPA2<br><b>AP:</b> 5<br>]]></description>
      <Point>
        <coordinates>-83.1465569,42.2710321,0</coordinates>
      </Point>
    </Placemark>
    <Placemark>
      <name>River Rouge Sch Dist</name>
      <description><![CDATA[<b>Name:</b> District Administration &amp; Enrollment Office<br><b>Address:</b> , <br><b>SSID:</b> eduroam<br><b>Enc:</b> WPA2<br><b>AP:</b> 5<br>]]></description>
      <Point>
        <coordinates>-83.1371775,42.2752866,0</coordinates>
      </Point>
    </Placemark>
    <Placemark>
      <name>River Rouge Sch Dist</name>
      <description><![CDATA[<b>Name:</b> River Rouge High School &amp; Virtual Academy<br><b>Address:</b> , <br><b>SSID:</b> eduroam<br><b>Enc:</b> WPA2<br><b>AP:</b> 5<br>]]></description>
      <Point>
        <coordinates>-83.1371775,42.2752866,0</coordinates>
      </Point>
    </Placemark>
    <Placemark>
      <name>River Rouge Sch Dist</name>
      <description><![CDATA[<b>Name:</b> River Rouge STEM Academy (PreK&#8211;8)<br><b>Address:</b> , <br><b>SSID:</b> eduroam<br><b>Enc:</b> WPA2<br><b>AP:</b> 5<br>]]></description>
      <Point>
        <coordinates>-83.1307077,42.2744022,0</coordinates>
      </Point>
    </Placemark>
    <Placemark>
      <name>Rochester Hills Public Library</name>
      <description><![CDATA[<b>Name:</b> Rochester Hills Public Library<br><b>Address:</b> , <br><b>SSID:</b> eduroam<br><b>Enc:</b> WPA2<br><b>AP:</b> 14<br>]]></description>
      <Point>
        <coordinates>-83.1304312,42.6837842,0</coordinates>
      </Point>
    </Placemark>
    <Placemark>
      <name>RoosRoast Coffee</name>
      <description><![CDATA[<b>Name:</b> RoosRoast Liberty<br><b>Address:</b> , <br><b>SSID:</b> eduroam<br><b>Enc:</b> WPA3<br><b>AP:</b> 2<br>]]></description>
      <Point>
        <coordinates>-83.7477398,42.279734,0</coordinates>
      </Point>
    </Placemark>
    <Placemark>
      <name>RoosRoast Coffee</name>
      <description><![CDATA[<b>Name:</b> RoosRoast Rosewood<br><b>Address:</b> , <br><b>SSID:</b> eduroam<br><b>Enc:</b> WPA3<br><b>AP:</b> 4<br>]]></description>
      <Point>
        <coordinates>-83.7341429,42.2552228,0</coordinates>
      </Point>
    </Placemark>
    <Placemark>
      <name>Saginaw Valley State University</name>
      <description><![CDATA[<b>Name:</b> Saginaw Valley State University<br><b>Address:</b> , <br><b>SSID:</b> eduroam<br><b>Enc:</b> WPA2+WPA<br><b>AP:</b> 1800<br>]]></description>
      <Point>
        <coordinates>-83.9625431,43.5142013,0</coordinates>
      </Point>
    </Placemark>
    <Placemark>
      <name>St. John's Resort</name>
      <description><![CDATA[<b>Name:</b> St. John's Resort<br><b>Address:</b> , <br><b>SSID:</b> eduroam<br><b>Enc:</b> WPA3+WPA2+WPA<br><b>AP:</b> 83<br>]]></description>
      <Point>
        <coordinates>-83.4765145,42.3944632,0</coordinates>
      </Point>
    </Placemark>
    <Placemark>
      <name>Thomas M. Cooley Law School</name>
      <description><![CDATA[<b>Name:</b> Main Campus<br><b>Address:</b> , <br><b>SSID:</b> eduroam<br><b>Enc:</b> WPA2+WPA<br><b>AP:</b> 89<br>]]></description>
      <Point>
        <coordinates>-84.554466,42.730934,0</coordinates>
      </Point>
    </Placemark>
    <Placemark>
      <name>Traverse Area District Library</name>
      <description><![CDATA[<b>Name:</b> TADL - East Bay Branch<br><b>Address:</b> , <br><b>SSID:</b> eduroam<br><b>Enc:</b> WPA2<br><b>AP:</b> 2<br>]]></description>
      <Point>
        <coordinates>-85.5570553,44.7149381,0</coordinates>
      </Point>
    </Placemark>
    <Placemark>
      <name>Traverse Area District Library</name>
      <description><![CDATA[<b>Name:</b> TADL - Fife Lake Public Library<br><b>Address:</b> , <br><b>SSID:</b> eduroam<br><b>Enc:</b> WPA2<br><b>AP:</b> 1<br>]]></description>
      <Point>
        <coordinates>-85.3476595,44.5774332,0</coordinates>
      </Point>
    </Placemark>
    <Placemark>
      <name>Traverse Area District Library</name>
      <description><![CDATA[<b>Name:</b> TADL - Interlochen Public Library<br><b>Address:</b> , <br><b>SSID:</b> eduroam<br><b>Enc:</b> WPA2<br><b>AP:</b> 6<br>]]></description>
      <Point>
        <coordinates>-85.7656112,44.6443944,0</coordinates>
      </Point>
    </Placemark>
    <Placemark>
      <name>Traverse Area District Library</name>
      <description><![CDATA[<b>Name:</b> TADL - Kingsley Branch<br><b>Address:</b> , <br><b>SSID:</b> eduroam<br><b>Enc:</b> WPA2<br><b>AP:</b> 2<br>]]></description>
      <Point>
        <coordinates>-85.535569,44.582892,0</coordinates>
      </Point>
    </Placemark>
    <Placemark>
      <name>Traverse Area District Library</name>
      <description><![CDATA[<b>Name:</b> TADL - Main Library<br><b>Address:</b> , <br><b>SSID:</b> eduroam<br><b>Enc:</b> WPA2<br><b>AP:</b> 23<br>]]></description>
      <Point>
        <coordinates>-85.6087113,44.7571375,0</coordinates>
      </Point>
    </Placemark>
    <Placemark>
      <name>Traverse Area District Library</name>
      <description><![CDATA[<b>Name:</b> TADL - Peninsula Community Library<br><b>Address:</b> , <br><b>SSID:</b> eduroam<br><b>Enc:</b> WPA2<br><b>AP:</b> 4<br>]]></description>
      <Point>
        <coordinates>-85.5167354,44.8698583,0</coordinates>
      </Point>
    </Placemark>
    <Placemark>
      <name>University of Michigan</name>
      <description><![CDATA[<b>Name:</b> Ann Arbor Campus<br><b>Address:</b> , <br><b>SSID:</b> eduroam<br><b>Enc:</b> WPA2+WPA<br><b>AP:</b> -<br>]]></description>
      <Point>
        <coordinates>-83.7412441,42.2762537,0</coordinates>
      </Point>
    </Placemark>
    <Placemark>
      <name>University of Michigan</name>
      <description><![CDATA[<b>Name:</b> University of Michigan - Testing<br><b>Address:</b> , <br><b>SSID:</b> eduroam<br><b>Enc:</b> WPA2+WPA<br><b>AP:</b> 3<br>]]></description>
      <Point>
        <coordinates>-83.6766918,42.309626,0</coordinates>
      </Point>
    </Placemark>
    <Placemark>
      <name>University of Michigan - Dearborn</name>
      <description><![CDATA[<b>Name:</b> University of Michigan - Dearborn<br><b>Address:</b> , <br><b>SSID:</b> eduroam<br><b>Enc:</b> WPA2+WPA<br><b>AP:</b> 600<br>]]></description>
      <Point>
        <coordinates>-83.2324003,42.3216957,0</coordinates>
      </Point>
    </Placemark>
    <Placemark>
      <name>University of Michigan-Flint</name>
      <description><![CDATA[<b>Name:</b> Main Campus<br><b>Address:</b> , <br><b>SSID:</b> eduroam<br><b>Enc:</b> WPA2+WPA<br><b>AP:</b> 904<br>]]></description>
      <Point>
        <coordinates>-83.6892505,43.0193472,0</coordinates>
      </Point>
    </Placemark>
    <Placemark>
      <name>Washtenaw Community College</name>
      <description><![CDATA[<b>Name:</b> Washtenaw Community College<br><b>Address:</b> , <br><b>SSID:</b> eduroam<br><b>Enc:</b> WPA2<br><b>AP:</b> 455<br>]]></description>
      <Point>
        <coordinates>-83.6655487,42.2637691,0</coordinates>
      </Point>
    </Placemark>
    <Placemark>
      <name>Wayne State University</name>
      <description><![CDATA[<b>Name:</b> Adv Tech Educ Ctr (ATEC)- Warren<br><b>Address:</b> , <br><b>SSID:</b> eduroam<br><b>Enc:</b> WPA2+WPA<br><b>AP:</b> 31<br>]]></description>
      <Point>
        <coordinates>-82.9751894,42.5091418,0</coordinates>
      </Point>
    </Placemark>
    <Placemark>
      <name>Wayne State University</name>
      <description><![CDATA[<b>Name:</b> College of Pharmacy<br><b>Address:</b> , <br><b>SSID:</b> eduroam<br><b>Enc:</b> WPA2+WPA<br><b>AP:</b> 120<br>]]></description>
      <Point>
        <coordinates>-83.055543,42.3490045,0</coordinates>
      </Point>
    </Placemark>
    <Placemark>
      <name>Wayne State University</name>
      <description><![CDATA[<b>Name:</b> Macomb Educ Ctr<br><b>Address:</b> , <br><b>SSID:</b> eduroam<br><b>Enc:</b> WPA2+WPA<br><b>AP:</b> 7<br>]]></description>
      <Point>
        <coordinates>-82.9570663,42.6269374,0</coordinates>
      </Point>
    </Placemark>
    <Placemark>
      <name>Wayne State University</name>
      <description><![CDATA[<b>Name:</b> main campus<br><b>Address:</b> , <br><b>SSID:</b> eduroam<br><b>Enc:</b> WPA2<br><b>AP:</b> 2500<br>]]></description>
      <Point>
        <coordinates>-83.0708863,42.3580223,0</coordinates>
      </Point>
    </Placemark>
    <Placemark>
      <name>Wayne State University</name>
      <description><![CDATA[<b>Name:</b> medical campus<br><b>Address:</b> , <br><b>SSID:</b> eduroam<br><b>Enc:</b> WPA2+WPA<br><b>AP:</b> 500<br>]]></description>
      <Point>
        <coordinates>-83.0557863,42.3544497,0</coordinates>
      </Point>
    </Placemark>
    <Placemark>
      <name>Wayne State University</name>
      <description><![CDATA[<b>Name:</b> MISB<br><b>Address:</b> , <br><b>SSID:</b> eduroam<br><b>Enc:</b> WPA2+WPA<br><b>AP:</b> 102<br>]]></description>
      <Point>
        <coordinates>-83.055336,42.342911,0</coordinates>
      </Point>
    </Placemark>
    <Placemark>
      <name>Wayne State University</name>
      <description><![CDATA[<b>Name:</b> Wayne State Uiversity - C&amp;IT<br><b>Address:</b> , <br><b>SSID:</b> eduroam<br><b>Enc:</b> WPA2<br><b>AP:</b> 28<br>]]></description>
      <Point>
        <coordinates>-83.0695136,42.3643056,0</coordinates>
      </Point>
    </Placemark>
    <Placemark>
      <name>Western Michigan University</name>
      <description><![CDATA[<b>Name:</b> Main Campus<br><b>Address:</b> , <br><b>SSID:</b> eduroam<br><b>Enc:</b> WPA2<br><b>AP:</b> -<br>]]></description>
      <Point>
        <coordinates>-85.6153924,42.2831092,0</coordinates>
      </Point>
    </Placemark>
    <Placemark>
      <name>Western Michigan University-Homer Stryker M.D. School of Medicine</name>
      <description><![CDATA[<b>Name:</b> Oakland Drive Campus<br><b>Address:</b> , <br><b>SSID:</b> eduroam<br><b>Enc:</b> WPA2+WPA<br><b>AP:</b> -<br>]]></description>
      <Point>
        <coordinates>-85.5998157,42.2831106,0</coordinates>
      </Point>
    </Placemark>
    <Placemark>
      <name>Western Michigan University-Homer Stryker M.D. School of Medicine</name>
      <description><![CDATA[<b>Name:</b> Upjohn Campus<br><b>Address:</b> , <br><b>SSID:</b> eduroam<br><b>Enc:</b> WPA2+WPA<br><b>AP:</b> -<br>]]></description>
      <Point>
        <coordinates>-85.5795557,42.2896366,0</coordinates>
      </Point>
    </Placemark>
    <Placemark>
      <name>Ypsilanti District Library</name>
      <description><![CDATA[<b>Name:</b> YDL-Michigan<br><b>Address:</b> , <br><b>SSID:</b> eduroam<br><b>Enc:</b> WPA2+WPA<br><b>AP:</b> 15<br>]]></description>
      <Point>
        <coordinates>-83.6156664,42.2407575,0</coordinates>
      </Point>
    </Placemark>
    <Placemark>
      <name>Ypsilanti District Library</name>
      <description><![CDATA[<b>Name:</b> YDL-Superior<br><b>Address:</b> , <br><b>SSID:</b> eduroam<br><b>Enc:</b> WPA2+WPA<br><b>AP:</b> 5<br>]]></description>
      <Point>
        <coordinates>-83.5826684,42.2729531,0</coordinates>
      </Point>
    </Placemark>
    <Placemark>
      <name>Ypsilanti District Library</name>
      <description><![CDATA[<b>Name:</b> YDL-Whittaker<br><b>Address:</b> , <br><b>SSID:</b> eduroam<br><b>Enc:</b> WPA2+WPA<br><b>AP:</b> 20<br>]]></description>
      <Point>
        <coordinates>-83.6149252,42.2083608,0</coordinates>
      </Point>
    </Placemark>
  </Document>
</kml>
