<?xml version="1.0" encoding="UTF-8"?>
<kml xmlns="http://www.opengis.net/kml/2.2">
  <Document>
    <name>eduroam — Nevada</name>
    <description><![CDATA[365 eduroam service locations in Nevada.<br><br>Published by <a href="https://scs.nevada.edu/eduroam">NSHE System Computing Services</a>. Learn more about eduroam Support Organizations from <a href="https://incommon.org/eduroam">Internet2</a>, the eduroam National Roaming Operator for the United States.<br>Service location data comes from the eduroam location database published by GÉANT (<a href="https://monitor.eduroam.org/kml/us.kml">monitor.eduroam.org</a>). These maps are derived from it and are not an official GÉANT or eduroam publication.<br>eduroam is a registered trademark of GÉANT Vereniging.<br>Region boundaries are derived from US Census Bureau cartographic boundary files, which as works of the US federal government are in the public domain.<br>Maps generated by eduroam-us-regional-maps, which is BSD 3-Clause licensed.]]></description>
    <open>1</open>
    <Placemark>
      <name>Boulder City Railroad Museum</name>
      <description><![CDATA[<b>Name:</b> Boulder City Railroad Museum<br><b>Address:</b> , <br><b>SSID:</b> eduroam<br><b>Enc:</b> WPA2<br><b>AP:</b> -<br>]]></description>
      <Point>
        <coordinates>-114.8547317,35.9714682,0</coordinates>
      </Point>
    </Placemark>
    <Placemark>
      <name>Carson City School District</name>
      <description><![CDATA[<b>Name:</b> Al Seeliger Elementary School<br><b>Address:</b> , <br><b>SSID:</b> eduroam<br><b>Enc:</b> WPA2<br><b>AP:</b> -<br>]]></description>
      <Point>
        <coordinates>-119.7537332,39.1419033,0</coordinates>
      </Point>
    </Placemark>
    <Placemark>
      <name>Carson City School District</name>
      <description><![CDATA[<b>Name:</b> Bordewich Elementary School<br><b>Address:</b> , <br><b>SSID:</b> eduroam<br><b>Enc:</b> WPA2<br><b>AP:</b> -<br>]]></description>
      <Point>
        <coordinates>-119.7723705,39.1635717,0</coordinates>
      </Point>
    </Placemark>
    <Placemark>
      <name>Carson City School District</name>
      <description><![CDATA[<b>Name:</b> Carson City School District Professional Development Center<br><b>Address:</b> , <br><b>SSID:</b> eduroam<br><b>Enc:</b> WPA2<br><b>AP:</b> -<br>]]></description>
      <Point>
        <coordinates>-119.7715111,39.1648891,0</coordinates>
      </Point>
    </Placemark>
    <Placemark>
      <name>Carson City School District</name>
      <description><![CDATA[<b>Name:</b> Carson High School<br><b>Address:</b> , <br><b>SSID:</b> eduroam<br><b>Enc:</b> WPA2<br><b>AP:</b> -<br>]]></description>
      <Point>
        <coordinates>-119.7477578,39.1692735,0</coordinates>
      </Point>
    </Placemark>
    <Placemark>
      <name>Carson City School District</name>
      <description><![CDATA[<b>Name:</b> Carson Middle School<br><b>Address:</b> , <br><b>SSID:</b> eduroam<br><b>Enc:</b> WPA2<br><b>AP:</b> -<br>]]></description>
      <Point>
        <coordinates>-119.7771758,39.1640323,0</coordinates>
      </Point>
    </Placemark>
    <Placemark>
      <name>Carson City School District</name>
      <description><![CDATA[<b>Name:</b> Eagle Valley Middle School<br><b>Address:</b> , <br><b>SSID:</b> eduroam<br><b>Enc:</b> WPA2<br><b>AP:</b> -<br>]]></description>
      <Point>
        <coordinates>-119.7200713,39.1585983,0</coordinates>
      </Point>
    </Placemark>
    <Placemark>
      <name>Carson City School District</name>
      <description><![CDATA[<b>Name:</b> Empire Elementary<br><b>Address:</b> , <br><b>SSID:</b> eduroam<br><b>Enc:</b> WPA2<br><b>AP:</b> -<br>]]></description>
      <Point>
        <coordinates>-119.729302,39.1713186,0</coordinates>
      </Point>
    </Placemark>
    <Placemark>
      <name>Carson City School District</name>
      <description><![CDATA[<b>Name:</b> Fremont Elementary<br><b>Address:</b> , <br><b>SSID:</b> eduroam<br><b>Enc:</b> WPA2<br><b>AP:</b> -<br>]]></description>
      <Point>
        <coordinates>-119.7509284,39.1552419,0</coordinates>
      </Point>
    </Placemark>
    <Placemark>
      <name>Carson City School District</name>
      <description><![CDATA[<b>Name:</b> Fritsch Elementary<br><b>Address:</b> , <br><b>SSID:</b> eduroam<br><b>Enc:</b> WPA2<br><b>AP:</b> -<br>]]></description>
      <Point>
        <coordinates>-119.7712849,39.1759041,0</coordinates>
      </Point>
    </Placemark>
    <Placemark>
      <name>Carson City School District</name>
      <description><![CDATA[<b>Name:</b> Mark Twain Elementary<br><b>Address:</b> , <br><b>SSID:</b> eduroam<br><b>Enc:</b> WPA2<br><b>AP:</b> -<br>]]></description>
      <Point>
        <coordinates>-119.750599,39.180148,0</coordinates>
      </Point>
    </Placemark>
    <Placemark>
      <name>Carson City School District</name>
      <description><![CDATA[<b>Name:</b> Pioneer High School<br><b>Address:</b> , <br><b>SSID:</b> eduroam<br><b>Enc:</b> WPA2<br><b>AP:</b> -<br>]]></description>
      <Point>
        <coordinates>-119.7646354,39.172161,0</coordinates>
      </Point>
    </Placemark>
    <Placemark>
      <name>City of Las Vegas</name>
      <description><![CDATA[<b>Name:</b> City of Las Vega - Centennial Hills Senior Center<br><b>Address:</b> , <br><b>SSID:</b> eduroam<br><b>Enc:</b> WPA2<br><b>AP:</b> 5<br>]]></description>
      <Point>
        <coordinates>-115.2640329,36.2824181,0</coordinates>
      </Point>
    </Placemark>
    <Placemark>
      <name>City of Las Vegas</name>
      <description><![CDATA[<b>Name:</b> City of Las Vegas - Baker Pool<br><b>Address:</b> , <br><b>SSID:</b> eduroam<br><b>Enc:</b> WPA2<br><b>AP:</b> 5<br>]]></description>
      <Point>
        <coordinates>-115.14074,36.146911,0</coordinates>
      </Point>
    </Placemark>
    <Placemark>
      <name>City of Las Vegas</name>
      <description><![CDATA[<b>Name:</b> City of Las Vegas - Becker Technology Center<br><b>Address:</b> , <br><b>SSID:</b> eduroam<br><b>Enc:</b> WPA2<br><b>AP:</b> 5<br>]]></description>
      <Point>
        <coordinates>-115.227866,36.2007067,0</coordinates>
      </Point>
    </Placemark>
    <Placemark>
      <name>City of Las Vegas</name>
      <description><![CDATA[<b>Name:</b> City of Las Vegas - Centennial Amphitheater<br><b>Address:</b> , <br><b>SSID:</b> eduroam<br><b>Enc:</b> WPA2<br><b>AP:</b> 1<br>]]></description>
      <Point>
        <coordinates>-115.2610461,36.2889426,0</coordinates>
      </Point>
    </Placemark>
    <Placemark>
      <name>City of Las Vegas</name>
      <description><![CDATA[<b>Name:</b> City of Las Vegas - Charleston Heights Arts Center<br><b>Address:</b> , <br><b>SSID:</b> eduroam<br><b>Enc:</b> WPA2<br><b>AP:</b> 6<br>]]></description>
      <Point>
        <coordinates>-115.2110546,36.162319,0</coordinates>
      </Point>
    </Placemark>
    <Placemark>
      <name>City of Las Vegas</name>
      <description><![CDATA[<b>Name:</b> City of Las Vegas - Cimarron Rose Community Center<br><b>Address:</b> , <br><b>SSID:</b> eduroam<br><b>Enc:</b> WPA2<br><b>AP:</b> 2<br>]]></description>
      <Point>
        <coordinates>-115.2702841,36.2624004,0</coordinates>
      </Point>
    </Placemark>
    <Placemark>
      <name>City of Las Vegas</name>
      <description><![CDATA[<b>Name:</b> City of Las Vegas - Corridor of Hope Yard<br><b>Address:</b> , <br><b>SSID:</b> eduroam<br><b>Enc:</b> WPA2<br><b>AP:</b> 11<br>]]></description>
      <Point>
        <coordinates>-115.1348596,36.1860991,0</coordinates>
      </Point>
    </Placemark>
    <Placemark>
      <name>City of Las Vegas</name>
      <description><![CDATA[<b>Name:</b> City of Las Vegas - Doolittle Community Center<br><b>Address:</b> , <br><b>SSID:</b> eduroam<br><b>Enc:</b> WPA2<br><b>AP:</b> 23<br>]]></description>
      <Point>
        <coordinates>-115.1554734,36.1952804,0</coordinates>
      </Point>
    </Placemark>
    <Placemark>
      <name>City of Las Vegas</name>
      <description><![CDATA[<b>Name:</b> City of Las Vegas - Doolittle Senior Center<br><b>Address:</b> , <br><b>SSID:</b> eduroam<br><b>Enc:</b> WPA2<br><b>AP:</b> 4<br>]]></description>
      <Point>
        <coordinates>-115.1559539,36.1945746,0</coordinates>
      </Point>
    </Placemark>
    <Placemark>
      <name>City of Las Vegas</name>
      <description><![CDATA[<b>Name:</b> City of Las Vegas - East Las Vegas Community Center<br><b>Address:</b> , <br><b>SSID:</b> eduroam<br><b>Enc:</b> WPA2<br><b>AP:</b> 24<br>]]></description>
      <Point>
        <coordinates>-115.1147761,36.1660298,0</coordinates>
      </Point>
    </Placemark>
    <Placemark>
      <name>City of Las Vegas</name>
      <description><![CDATA[<b>Name:</b> City of Las Vegas - East Services Center<br><b>Address:</b> , <br><b>SSID:</b> eduroam<br><b>Enc:</b> WPA2<br><b>AP:</b> 14<br>]]></description>
      <Point>
        <coordinates>-115.105314,36.1746124,0</coordinates>
      </Point>
    </Placemark>
    <Placemark>
      <name>City of Las Vegas</name>
      <description><![CDATA[<b>Name:</b> City of Las Vegas - EOC<br><b>Address:</b> , <br><b>SSID:</b> eduroam<br><b>Enc:</b> WPA2<br><b>AP:</b> 3<br>]]></description>
      <Point>
        <coordinates>-115.2600043,36.2151702,0</coordinates>
      </Point>
    </Placemark>
    <Placemark>
      <name>City of Las Vegas</name>
      <description><![CDATA[<b>Name:</b> City of Las Vegas - Fire Administration<br><b>Address:</b> , <br><b>SSID:</b> eduroam<br><b>Enc:</b> WPA2<br><b>AP:</b> 3<br>]]></description>
      <Point>
        <coordinates>-115.1406373,36.1751988,0</coordinates>
      </Point>
    </Placemark>
    <Placemark>
      <name>City of Las Vegas</name>
      <description><![CDATA[<b>Name:</b> City of Las Vegas - Fire Logistics<br><b>Address:</b> , <br><b>SSID:</b> eduroam<br><b>Enc:</b> WPA2<br><b>AP:</b> 4<br>]]></description>
      <Point>
        <coordinates>-115.1078512,36.1795307,0</coordinates>
      </Point>
    </Placemark>
    <Placemark>
      <name>City of Las Vegas</name>
      <description><![CDATA[<b>Name:</b> City of Las Vegas - Fire Station 1<br><b>Address:</b> , <br><b>SSID:</b> eduroam<br><b>Enc:</b> WPA2<br><b>AP:</b> 2<br>]]></description>
      <Point>
        <coordinates>-115.1406373,36.1751988,0</coordinates>
      </Point>
    </Placemark>
    <Placemark>
      <name>City of Las Vegas</name>
      <description><![CDATA[<b>Name:</b> City of Las Vegas - Fire Station 10<br><b>Address:</b> , <br><b>SSID:</b> eduroam<br><b>Enc:</b> WPA2<br><b>AP:</b> 2<br>]]></description>
      <Point>
        <coordinates>-115.163787,36.1544341,0</coordinates>
      </Point>
    </Placemark>
    <Placemark>
      <name>City of Las Vegas</name>
      <description><![CDATA[<b>Name:</b> City of Las Vegas - Fire Station 103<br><b>Address:</b> , <br><b>SSID:</b> eduroam<br><b>Enc:</b> WPA2<br><b>AP:</b> 2<br>]]></description>
      <Point>
        <coordinates>-115.222936,36.1730956,0</coordinates>
      </Point>
    </Placemark>
    <Placemark>
      <name>City of Las Vegas</name>
      <description><![CDATA[<b>Name:</b> City of Las Vegas - Fire Station 106<br><b>Address:</b> , <br><b>SSID:</b> eduroam<br><b>Enc:</b> WPA2<br><b>AP:</b> 2<br>]]></description>
      <Point>
        <coordinates>-115.1638576,36.1925691,0</coordinates>
      </Point>
    </Placemark>
    <Placemark>
      <name>City of Las Vegas</name>
      <description><![CDATA[<b>Name:</b> City of Las Vegas - Fire Station 107<br><b>Address:</b> , <br><b>SSID:</b> eduroam<br><b>Enc:</b> WPA2<br><b>AP:</b> 2<br>]]></description>
      <Point>
        <coordinates>-115.299038,36.2081703,0</coordinates>
      </Point>
    </Placemark>
    <Placemark>
      <name>City of Las Vegas</name>
      <description><![CDATA[<b>Name:</b> City of Las Vegas - Fire Station 108<br><b>Address:</b> , <br><b>SSID:</b> eduroam<br><b>Enc:</b> WPA2<br><b>AP:</b> 2<br>]]></description>
      <Point>
        <coordinates>-115.0764098,36.1731949,0</coordinates>
      </Point>
    </Placemark>
    <Placemark>
      <name>City of Las Vegas</name>
      <description><![CDATA[<b>Name:</b> City of Las Vegas - Fire Station 2<br><b>Address:</b> , <br><b>SSID:</b> eduroam<br><b>Enc:</b> WPA2<br><b>AP:</b> 2<br>]]></description>
      <Point>
        <coordinates>-115.278341,36.1616305,0</coordinates>
      </Point>
    </Placemark>
    <Placemark>
      <name>City of Las Vegas</name>
      <description><![CDATA[<b>Name:</b> City of Las Vegas - Fire Station 3<br><b>Address:</b> , <br><b>SSID:</b> eduroam<br><b>Enc:</b> WPA2<br><b>AP:</b> 5<br>]]></description>
      <Point>
        <coordinates>-115.1772902,36.1806583,0</coordinates>
      </Point>
    </Placemark>
    <Placemark>
      <name>City of Las Vegas</name>
      <description><![CDATA[<b>Name:</b> City of Las Vegas - Fire Station 4<br><b>Address:</b> , <br><b>SSID:</b> eduroam<br><b>Enc:</b> WPA2<br><b>AP:</b> 2<br>]]></description>
      <Point>
        <coordinates>-115.1314435,36.1599974,0</coordinates>
      </Point>
    </Placemark>
    <Placemark>
      <name>City of Las Vegas</name>
      <description><![CDATA[<b>Name:</b> City of Las Vegas - Fire Station 41<br><b>Address:</b> , <br><b>SSID:</b> eduroam<br><b>Enc:</b> WPA2<br><b>AP:</b> 2<br>]]></description>
      <Point>
        <coordinates>-115.2608958,36.2869348,0</coordinates>
      </Point>
    </Placemark>
    <Placemark>
      <name>City of Las Vegas</name>
      <description><![CDATA[<b>Name:</b> City of Las Vegas - Fire Station 42<br><b>Address:</b> , <br><b>SSID:</b> eduroam<br><b>Enc:</b> WPA2<br><b>AP:</b> 2<br>]]></description>
      <Point>
        <coordinates>-115.2527721,36.2177982,0</coordinates>
      </Point>
    </Placemark>
    <Placemark>
      <name>City of Las Vegas</name>
      <description><![CDATA[<b>Name:</b> City of Las Vegas - Fire Station 43<br><b>Address:</b> , <br><b>SSID:</b> eduroam<br><b>Enc:</b> WPA2<br><b>AP:</b> 2<br>]]></description>
      <Point>
        <coordinates>-115.2341335,36.2035396,0</coordinates>
      </Point>
    </Placemark>
    <Placemark>
      <name>City of Las Vegas</name>
      <description><![CDATA[<b>Name:</b> City of Las Vegas - Fire Station 44<br><b>Address:</b> , <br><b>SSID:</b> eduroam<br><b>Enc:</b> WPA2<br><b>AP:</b> 2<br>]]></description>
      <Point>
        <coordinates>-115.2622555,36.1809875,0</coordinates>
      </Point>
    </Placemark>
    <Placemark>
      <name>City of Las Vegas</name>
      <description><![CDATA[<b>Name:</b> City of Las Vegas - Fire Station 45<br><b>Address:</b> , <br><b>SSID:</b> eduroam<br><b>Enc:</b> WPA2<br><b>AP:</b> 2<br>]]></description>
      <Point>
        <coordinates>-115.2981138,36.2306119,0</coordinates>
      </Point>
    </Placemark>
    <Placemark>
      <name>City of Las Vegas</name>
      <description><![CDATA[<b>Name:</b> City of Las Vegas - Fire Station 47<br><b>Address:</b> , <br><b>SSID:</b> eduroam<br><b>Enc:</b> WPA2<br><b>AP:</b> 2<br>]]></description>
      <Point>
        <coordinates>-115.3496143,36.1818463,0</coordinates>
      </Point>
    </Placemark>
    <Placemark>
      <name>City of Las Vegas</name>
      <description><![CDATA[<b>Name:</b> City of Las Vegas - Fire Station 48<br><b>Address:</b> , <br><b>SSID:</b> eduroam<br><b>Enc:</b> WPA2<br><b>AP:</b> 2<br>]]></description>
      <Point>
        <coordinates>-115.2951689,36.2923388,0</coordinates>
      </Point>
    </Placemark>
    <Placemark>
      <name>City of Las Vegas</name>
      <description><![CDATA[<b>Name:</b> City of Las Vegas - Fire Station 5<br><b>Address:</b> , <br><b>SSID:</b> eduroam<br><b>Enc:</b> WPA2<br><b>AP:</b> 2<br>]]></description>
      <Point>
        <coordinates>-115.1956709,36.1605202,0</coordinates>
      </Point>
    </Placemark>
    <Placemark>
      <name>City of Las Vegas</name>
      <description><![CDATA[<b>Name:</b> City of Las Vegas - Fire Station 8<br><b>Address:</b> , <br><b>SSID:</b> eduroam<br><b>Enc:</b> WPA2<br><b>AP:</b> 2<br>]]></description>
      <Point>
        <coordinates>-115.1069238,36.1782227,0</coordinates>
      </Point>
    </Placemark>
    <Placemark>
      <name>City of Las Vegas</name>
      <description><![CDATA[<b>Name:</b> City of Las Vegas - Fire Station 9<br><b>Address:</b> , <br><b>SSID:</b> eduroam<br><b>Enc:</b> WPA2<br><b>AP:</b> 2<br>]]></description>
      <Point>
        <coordinates>-115.2426814,36.2474095,0</coordinates>
      </Point>
    </Placemark>
    <Placemark>
      <name>City of Las Vegas</name>
      <description><![CDATA[<b>Name:</b> City of Las Vegas - Fire Training Center<br><b>Address:</b> , <br><b>SSID:</b> eduroam<br><b>Enc:</b> WPA2<br><b>AP:</b> 6<br>]]></description>
      <Point>
        <coordinates>-115.1075964,36.1751939,0</coordinates>
      </Point>
    </Placemark>
    <Placemark>
      <name>City of Las Vegas</name>
      <description><![CDATA[<b>Name:</b> City of Las Vegas - Floyd Lamb Park<br><b>Address:</b> , <br><b>SSID:</b> eduroam<br><b>Enc:</b> WPA2<br><b>AP:</b> 1<br>]]></description>
      <Point>
        <coordinates>-115.2676164,36.3216494,0</coordinates>
      </Point>
    </Placemark>
    <Placemark>
      <name>City of Las Vegas</name>
      <description><![CDATA[<b>Name:</b> City of Las Vegas - Freedom Pool<br><b>Address:</b> , <br><b>SSID:</b> eduroam<br><b>Enc:</b> WPA2<br><b>AP:</b> 5<br>]]></description>
      <Point>
        <coordinates>-115.0987244,36.1801765,0</coordinates>
      </Point>
    </Placemark>
    <Placemark>
      <name>City of Las Vegas</name>
      <description><![CDATA[<b>Name:</b> City of Las Vegas - Garside Pool<br><b>Address:</b> , <br><b>SSID:</b> eduroam<br><b>Enc:</b> WPA2<br><b>AP:</b> 5<br>]]></description>
      <Point>
        <coordinates>-115.2334464,36.1702306,0</coordinates>
      </Point>
    </Placemark>
    <Placemark>
      <name>City of Las Vegas</name>
      <description><![CDATA[<b>Name:</b> City of Las Vegas - Healing Garden<br><b>Address:</b> , <br><b>SSID:</b> eduroam<br><b>Enc:</b> WPA2<br><b>AP:</b> 1<br>]]></description>
      <Point>
        <coordinates>-115.150763,36.159733,0</coordinates>
      </Point>
    </Placemark>
    <Placemark>
      <name>City of Las Vegas</name>
      <description><![CDATA[<b>Name:</b> City of Las Vegas - Historic Westside School<br><b>Address:</b> , <br><b>SSID:</b> eduroam<br><b>Enc:</b> WPA2<br><b>AP:</b> 25<br>]]></description>
      <Point>
        <coordinates>-115.1463479,36.1813039,0</coordinates>
      </Point>
    </Placemark>
    <Placemark>
      <name>City of Las Vegas</name>
      <description><![CDATA[<b>Name:</b> City of Las Vegas - Lieburn Senior Center<br><b>Address:</b> , <br><b>SSID:</b> eduroam<br><b>Enc:</b> WPA2<br><b>AP:</b> 6<br>]]></description>
      <Point>
        <coordinates>-115.228607,36.1733636,0</coordinates>
      </Point>
    </Placemark>
    <Placemark>
      <name>City of Las Vegas</name>
      <description><![CDATA[<b>Name:</b> City of Las Vegas - Minker Sports Complex<br><b>Address:</b> , <br><b>SSID:</b> eduroam<br><b>Enc:</b> WPA2<br><b>AP:</b> 14<br>]]></description>
      <Point>
        <coordinates>-115.1063687,36.1658645,0</coordinates>
      </Point>
    </Placemark>
    <Placemark>
      <name>City of Las Vegas</name>
      <description><![CDATA[<b>Name:</b> City of Las Vegas - Mirabelli Community Center<br><b>Address:</b> , <br><b>SSID:</b> eduroam<br><b>Enc:</b> WPA2<br><b>AP:</b> 14<br>]]></description>
      <Point>
        <coordinates>-115.2268571,36.1731984,0</coordinates>
      </Point>
    </Placemark>
    <Placemark>
      <name>City of Las Vegas</name>
      <description><![CDATA[<b>Name:</b> City of Las Vegas - Municipal Court<br><b>Address:</b> , <br><b>SSID:</b> eduroam<br><b>Enc:</b> WPA2<br><b>AP:</b> 49<br>]]></description>
      <Point>
        <coordinates>-115.1487618,36.1666412,0</coordinates>
      </Point>
    </Placemark>
    <Placemark>
      <name>City of Las Vegas</name>
      <description><![CDATA[<b>Name:</b> City of Las Vegas - Municipal Pool<br><b>Address:</b> , <br><b>SSID:</b> eduroam<br><b>Enc:</b> WPA2<br><b>AP:</b> 7<br>]]></description>
      <Point>
        <coordinates>-115.1393531,36.1748775,0</coordinates>
      </Point>
    </Placemark>
    <Placemark>
      <name>City of Las Vegas</name>
      <description><![CDATA[<b>Name:</b> City of Las Vegas - Parking Services<br><b>Address:</b> , <br><b>SSID:</b> eduroam<br><b>Enc:</b> WPA2<br><b>AP:</b> 4<br>]]></description>
      <Point>
        <coordinates>-115.1515912,36.1679842,0</coordinates>
      </Point>
    </Placemark>
    <Placemark>
      <name>City of Las Vegas</name>
      <description><![CDATA[<b>Name:</b> City of Las Vegas - Pavillion Pool<br><b>Address:</b> , <br><b>SSID:</b> eduroam<br><b>Enc:</b> WPA2<br><b>AP:</b> 10<br>]]></description>
      <Point>
        <coordinates>-115.3340392,36.1729585,0</coordinates>
      </Point>
    </Placemark>
    <Placemark>
      <name>City of Las Vegas</name>
      <description><![CDATA[<b>Name:</b> City of Las Vegas - Rapid Response<br><b>Address:</b> , <br><b>SSID:</b> eduroam<br><b>Enc:</b> WPA2<br><b>AP:</b> 2<br>]]></description>
      <Point>
        <coordinates>-115.2004585,36.1880764,0</coordinates>
      </Point>
    </Placemark>
    <Placemark>
      <name>City of Las Vegas</name>
      <description><![CDATA[<b>Name:</b> City of Las Vegas - Recuperative Care Center<br><b>Address:</b> , <br><b>SSID:</b> eduroam<br><b>Enc:</b> WPA2<br><b>AP:</b> 5<br>]]></description>
      <Point>
        <coordinates>-115.1363041,36.1876739,0</coordinates>
      </Point>
    </Placemark>
    <Placemark>
      <name>City of Las Vegas</name>
      <description><![CDATA[<b>Name:</b> City of Las Vegas - Stupak Community Center<br><b>Address:</b> , <br><b>SSID:</b> eduroam<br><b>Enc:</b> WPA2<br><b>AP:</b> 13<br>]]></description>
      <Point>
        <coordinates>-115.1601219,36.1470198,0</coordinates>
      </Point>
    </Placemark>
    <Placemark>
      <name>City of Las Vegas</name>
      <description><![CDATA[<b>Name:</b> City of Las Vegas - Technology Training Center<br><b>Address:</b> , <br><b>SSID:</b> eduroam<br><b>Enc:</b> WPA2<br><b>AP:</b> 2<br>]]></description>
      <Point>
        <coordinates>-115.1460363,36.1822222,0</coordinates>
      </Point>
    </Placemark>
    <Placemark>
      <name>City of Las Vegas</name>
      <description><![CDATA[<b>Name:</b> City of Las Vegas - Veteran's Memorial Community Center<br><b>Address:</b> , <br><b>SSID:</b> eduroam<br><b>Enc:</b> WPA2<br><b>AP:</b> 13<br>]]></description>
      <Point>
        <coordinates>-115.3333627,36.1743758,0</coordinates>
      </Point>
    </Placemark>
    <Placemark>
      <name>City of Las Vegas</name>
      <description><![CDATA[<b>Name:</b> City of Las Vegas - Water Pollution Control Facility<br><b>Address:</b> , <br><b>SSID:</b> eduroam<br><b>Enc:</b> WPA2<br><b>AP:</b> 11<br>]]></description>
      <Point>
        <coordinates>-115.0390829,36.1369537,0</coordinates>
      </Point>
    </Placemark>
    <Placemark>
      <name>City of Las Vegas</name>
      <description><![CDATA[<b>Name:</b> City of Las Vegas - West Las Vegas Arts Center<br><b>Address:</b> , <br><b>SSID:</b> eduroam<br><b>Enc:</b> WPA2<br><b>AP:</b> 2<br>]]></description>
      <Point>
        <coordinates>-115.1538553,36.1949303,0</coordinates>
      </Point>
    </Placemark>
    <Placemark>
      <name>City of Las Vegas</name>
      <description><![CDATA[<b>Name:</b> City of Las Vegas - West Services Center<br><b>Address:</b> , <br><b>SSID:</b> eduroam<br><b>Enc:</b> WPA2<br><b>AP:</b> 14<br>]]></description>
      <Point>
        <coordinates>-115.2578045,36.2146773,0</coordinates>
      </Point>
    </Placemark>
    <Placemark>
      <name>City of Las Vegas</name>
      <description><![CDATA[<b>Name:</b> City of Las Vegas 5th Street School<br><b>Address:</b> , <br><b>SSID:</b> eduroam<br><b>Enc:</b> WPA2<br><b>AP:</b> 17<br>]]></description>
      <Point>
        <coordinates>-115.1437676,36.1650995,0</coordinates>
      </Point>
    </Placemark>
    <Placemark>
      <name>City of Las Vegas</name>
      <description><![CDATA[<b>Name:</b> City of Las Vegas City Hall<br><b>Address:</b> , <br><b>SSID:</b> eduroam<br><b>Enc:</b> WPA2<br><b>AP:</b> 113<br>]]></description>
      <Point>
        <coordinates>-115.1484325,36.1674401,0</coordinates>
      </Point>
    </Placemark>
    <Placemark>
      <name>City of Las Vegas</name>
      <description><![CDATA[<b>Name:</b> City of Las Vegas Community Center<br><b>Address:</b> , <br><b>SSID:</b> eduroam<br><b>Enc:</b> WPA2<br><b>AP:</b> 10<br>]]></description>
      <Point>
        <coordinates>-115.1816325,36.1803911,0</coordinates>
      </Point>
    </Placemark>
    <Placemark>
      <name>City of Las Vegas</name>
      <description><![CDATA[<b>Name:</b> City of Las Vegas HR<br><b>Address:</b> , <br><b>SSID:</b> eduroam<br><b>Enc:</b> WPA2<br><b>AP:</b> 23<br>]]></description>
      <Point>
        <coordinates>-115.1353692,36.1793463,0</coordinates>
      </Point>
    </Placemark>
    <Placemark>
      <name>City of Las Vegas</name>
      <description><![CDATA[<b>Name:</b> City of Las Vegas Innovation Center<br><b>Address:</b> , <br><b>SSID:</b> eduroam<br><b>Enc:</b> WPA2<br><b>AP:</b> 9<br>]]></description>
      <Point>
        <coordinates>-115.1438696,36.1672081,0</coordinates>
      </Point>
    </Placemark>
    <Placemark>
      <name>City of Las Vegas</name>
      <description><![CDATA[<b>Name:</b> City of Las Vegs - Fire Station 7<br><b>Address:</b> , <br><b>SSID:</b> eduroam<br><b>Enc:</b> WPA2<br><b>AP:</b> 2<br>]]></description>
      <Point>
        <coordinates>-115.315383,36.1818139,0</coordinates>
      </Point>
    </Placemark>
    <Placemark>
      <name>City of Las Vegas</name>
      <description><![CDATA[<b>Name:</b> Dula Community Center<br><b>Address:</b> , <br><b>SSID:</b> eduroam<br><b>Enc:</b> WPA2<br><b>AP:</b> 16<br>]]></description>
      <Point>
        <coordinates>-115.1383803,36.1744987,0</coordinates>
      </Point>
    </Placemark>
    <Placemark>
      <name>City of Reno</name>
      <description><![CDATA[<b>Name:</b> California Building<br><b>Address:</b> , <br><b>SSID:</b> eduroam<br><b>Enc:</b> WPA2<br><b>AP:</b> 1<br>]]></description>
      <Point>
        <coordinates>-119.8344746,39.5219936,0</coordinates>
      </Point>
    </Placemark>
    <Placemark>
      <name>City of Reno</name>
      <description><![CDATA[<b>Name:</b> Evelyn Mount Northeast Community Center<br><b>Address:</b> , <br><b>SSID:</b> eduroam<br><b>Enc:</b> WPA2<br><b>AP:</b> 7<br>]]></description>
      <Point>
        <coordinates>-119.8083705,39.5414247,0</coordinates>
      </Point>
    </Placemark>
    <Placemark>
      <name>City of Reno</name>
      <description><![CDATA[<b>Name:</b> McKinley Arts &amp; Culture Center<br><b>Address:</b> , <br><b>SSID:</b> eduroam<br><b>Enc:</b> WPA2<br><b>AP:</b> 5<br>]]></description>
      <Point>
        <coordinates>-119.8240064,39.5213447,0</coordinates>
      </Point>
    </Placemark>
    <Placemark>
      <name>City of Reno</name>
      <description><![CDATA[<b>Name:</b> Mira Loma Park<br><b>Address:</b> , <br><b>SSID:</b> eduroam<br><b>Enc:</b> WPA2<br><b>AP:</b> 1<br>]]></description>
      <Point>
        <coordinates>-119.746623,39.489766,0</coordinates>
      </Point>
    </Placemark>
    <Placemark>
      <name>City of Reno</name>
      <description><![CDATA[<b>Name:</b> Moana Springs Community Aquatics and Fitness Center<br><b>Address:</b> , <br><b>SSID:</b> eduroam<br><b>Enc:</b> WPA2<br><b>AP:</b> 5<br>]]></description>
      <Point>
        <coordinates>-119.7989206,39.4902412,0</coordinates>
      </Point>
    </Placemark>
    <Placemark>
      <name>City of Reno</name>
      <description><![CDATA[<b>Name:</b> Neil Road Recreation Center<br><b>Address:</b> , <br><b>SSID:</b> eduroam<br><b>Enc:</b> WPA2<br><b>AP:</b> 1<br>]]></description>
      <Point>
        <coordinates>-119.7817489,39.4880279,0</coordinates>
      </Point>
    </Placemark>
    <Placemark>
      <name>City of Reno</name>
      <description><![CDATA[<b>Name:</b> Northwest Pool<br><b>Address:</b> , <br><b>SSID:</b> eduroam<br><b>Enc:</b> WPA2<br><b>AP:</b> 1<br>]]></description>
      <Point>
        <coordinates>-119.8509903,39.5364589,0</coordinates>
      </Point>
    </Placemark>
    <Placemark>
      <name>City of Reno</name>
      <description><![CDATA[<b>Name:</b> Plumas Park &amp; Gym<br><b>Address:</b> , <br><b>SSID:</b> eduroam<br><b>Enc:</b> WPA2<br><b>AP:</b> 1<br>]]></description>
      <Point>
        <coordinates>-119.8140692,39.5135828,0</coordinates>
      </Point>
    </Placemark>
    <Placemark>
      <name>City of Reno</name>
      <description><![CDATA[<b>Name:</b> Teglia's Paradise Park Activity Center<br><b>Address:</b> , <br><b>SSID:</b> eduroam<br><b>Enc:</b> WPA2<br><b>AP:</b> 1<br>]]></description>
      <Point>
        <coordinates>-119.7787538,39.5431639,0</coordinates>
      </Point>
    </Placemark>
    <Placemark>
      <name>Clark County</name>
      <description><![CDATA[<b>Name:</b> Aquatic Springs<br><b>Address:</b> , <br><b>SSID:</b> eduroam<br><b>Enc:</b> WPA2<br><b>AP:</b> -<br>]]></description>
      <Point>
        <coordinates>-115.2990505,36.0607537,0</coordinates>
      </Point>
    </Placemark>
    <Placemark>
      <name>Clark County</name>
      <description><![CDATA[<b>Name:</b> Bunkerville Community Center<br><b>Address:</b> , <br><b>SSID:</b> eduroam<br><b>Enc:</b> WPA2<br><b>AP:</b> -<br>]]></description>
      <Point>
        <coordinates>-114.1250308,36.7732059,0</coordinates>
      </Point>
    </Placemark>
    <Placemark>
      <name>Clark County</name>
      <description><![CDATA[<b>Name:</b> Cambridge Recreation Center<br><b>Address:</b> , <br><b>SSID:</b> eduroam<br><b>Enc:</b> WPA2<br><b>AP:</b> -<br>]]></description>
      <Point>
        <coordinates>-115.1406949,36.1184866,0</coordinates>
      </Point>
    </Placemark>
    <Placemark>
      <name>Clark County</name>
      <description><![CDATA[<b>Name:</b> Clark County Government Center<br><b>Address:</b> , <br><b>SSID:</b> eduroam<br><b>Enc:</b> WPA2<br><b>AP:</b> -<br>]]></description>
      <Point>
        <coordinates>-115.1555815,36.1649619,0</coordinates>
      </Point>
    </Placemark>
    <Placemark>
      <name>Clark County</name>
      <description><![CDATA[<b>Name:</b> Clark County Museum<br><b>Address:</b> , <br><b>SSID:</b> eduroam<br><b>Enc:</b> WPA2<br><b>AP:</b> -<br>]]></description>
      <Point>
        <coordinates>-114.9455031,36.0102062,0</coordinates>
      </Point>
    </Placemark>
    <Placemark>
      <name>Clark County</name>
      <description><![CDATA[<b>Name:</b> Clark County Russell Building Campus<br><b>Address:</b> , <br><b>SSID:</b> eduroam<br><b>Enc:</b> WPA2<br><b>AP:</b> -<br>]]></description>
      <Point>
        <coordinates>-115.2045855,36.0849852,0</coordinates>
      </Point>
    </Placemark>
    <Placemark>
      <name>Clark County</name>
      <description><![CDATA[<b>Name:</b> Cora Coleman Senior Center<br><b>Address:</b> , <br><b>SSID:</b> eduroam<br><b>Enc:</b> WPA2<br><b>AP:</b> -<br>]]></description>
      <Point>
        <coordinates>-115.0453452,36.1981854,0</coordinates>
      </Point>
    </Placemark>
    <Placemark>
      <name>Clark County</name>
      <description><![CDATA[<b>Name:</b> Dr. William U. Pearson Community Center<br><b>Address:</b> , <br><b>SSID:</b> eduroam<br><b>Enc:</b> WPA2<br><b>AP:</b> -<br>]]></description>
      <Point>
        <coordinates>-115.1630872,36.2015819,0</coordinates>
      </Point>
    </Placemark>
    <Placemark>
      <name>Clark County</name>
      <description><![CDATA[<b>Name:</b> Fairgrounds<br><b>Address:</b> , <br><b>SSID:</b> eduroam<br><b>Enc:</b> WPA2<br><b>AP:</b> -<br>]]></description>
      <Point>
        <coordinates>-114.4712024,36.6066019,0</coordinates>
      </Point>
    </Placemark>
    <Placemark>
      <name>Clark County</name>
      <description><![CDATA[<b>Name:</b> Helen Meyer Community Center<br><b>Address:</b> , <br><b>SSID:</b> eduroam<br><b>Enc:</b> WPA2<br><b>AP:</b> -<br>]]></description>
      <Point>
        <coordinates>-115.2543809,36.1056606,0</coordinates>
      </Point>
    </Placemark>
    <Placemark>
      <name>Clark County</name>
      <description><![CDATA[<b>Name:</b> Hollywood Recreation Center<br><b>Address:</b> , <br><b>SSID:</b> eduroam<br><b>Enc:</b> WPA2<br><b>AP:</b> -<br>]]></description>
      <Point>
        <coordinates>-115.0258601,36.1527633,0</coordinates>
      </Point>
    </Placemark>
    <Placemark>
      <name>Clark County</name>
      <description><![CDATA[<b>Name:</b> Indian Springs Recreation Center<br><b>Address:</b> , <br><b>SSID:</b> eduroam<br><b>Enc:</b> WPA2<br><b>AP:</b> -<br>]]></description>
      <Point>
        <coordinates>-115.6779259,36.5697405,0</coordinates>
      </Point>
    </Placemark>
    <Placemark>
      <name>Clark County</name>
      <description><![CDATA[<b>Name:</b> Laughlin Aquatic Center<br><b>Address:</b> , <br><b>SSID:</b> eduroam<br><b>Enc:</b> WPA2<br><b>AP:</b> -<br>]]></description>
      <Point>
        <coordinates>-114.6231899,35.1288631,0</coordinates>
      </Point>
    </Placemark>
    <Placemark>
      <name>Clark County</name>
      <description><![CDATA[<b>Name:</b> Moapa Valley Recreation Center<br><b>Address:</b> , <br><b>SSID:</b> eduroam<br><b>Enc:</b> WPA2<br><b>AP:</b> -<br>]]></description>
      <Point>
        <coordinates>-114.5899059,36.6712048,0</coordinates>
      </Point>
    </Placemark>
    <Placemark>
      <name>Clark County</name>
      <description><![CDATA[<b>Name:</b> Mountain Crest Recreation Center<br><b>Address:</b> , <br><b>SSID:</b> eduroam<br><b>Enc:</b> WPA2<br><b>AP:</b> -<br>]]></description>
      <Point>
        <coordinates>-115.2810366,36.2464466,0</coordinates>
      </Point>
    </Placemark>
    <Placemark>
      <name>Clark County</name>
      <description><![CDATA[<b>Name:</b> Paradise Recreation Center<br><b>Address:</b> , <br><b>SSID:</b> eduroam<br><b>Enc:</b> WPA2<br><b>AP:</b> -<br>]]></description>
      <Point>
        <coordinates>-115.0881146,36.1165487,0</coordinates>
      </Point>
    </Placemark>
    <Placemark>
      <name>Clark County</name>
      <description><![CDATA[<b>Name:</b> Parkdale Recreation Center<br><b>Address:</b> , <br><b>SSID:</b> eduroam<br><b>Enc:</b> WPA2<br><b>AP:</b> -<br>]]></description>
      <Point>
        <coordinates>-115.0773614,36.1319572,0</coordinates>
      </Point>
    </Placemark>
    <Placemark>
      <name>Clark County</name>
      <description><![CDATA[<b>Name:</b> Robert E. &quot;Bob&quot; Price Recreation Center<br><b>Address:</b> , <br><b>SSID:</b> eduroam<br><b>Enc:</b> WPA2<br><b>AP:</b> -<br>]]></description>
      <Point>
        <coordinates>-115.0450075,36.1970054,0</coordinates>
      </Point>
    </Placemark>
    <Placemark>
      <name>Clark County</name>
      <description><![CDATA[<b>Name:</b> Sandy Valley Recreation Center<br><b>Address:</b> , <br><b>SSID:</b> eduroam<br><b>Enc:</b> WPA2<br><b>AP:</b> -<br>]]></description>
      <Point>
        <coordinates>-115.6457934,35.8096819,0</coordinates>
      </Point>
    </Placemark>
    <Placemark>
      <name>Clark County</name>
      <description><![CDATA[<b>Name:</b> Searchlight Community Center<br><b>Address:</b> , <br><b>SSID:</b> eduroam<br><b>Enc:</b> WPA2<br><b>AP:</b> -<br>]]></description>
      <Point>
        <coordinates>-114.906716,35.4681515,0</coordinates>
      </Point>
    </Placemark>
    <Placemark>
      <name>Clark County</name>
      <description><![CDATA[<b>Name:</b> Silverado Ranch Community Center<br><b>Address:</b> , <br><b>SSID:</b> eduroam<br><b>Enc:</b> WPA2<br><b>AP:</b> -<br>]]></description>
      <Point>
        <coordinates>-115.164105,36.012833,0</coordinates>
      </Point>
    </Placemark>
    <Placemark>
      <name>Clark County</name>
      <description><![CDATA[<b>Name:</b> Slim Kidwell Community Center<br><b>Address:</b> , <br><b>SSID:</b> eduroam<br><b>Enc:</b> WPA2<br><b>AP:</b> -<br>]]></description>
      <Point>
        <coordinates>-114.8775414,35.2991104,0</coordinates>
      </Point>
    </Placemark>
    <Placemark>
      <name>Clark County</name>
      <description><![CDATA[<b>Name:</b> Sunset Park<br><b>Address:</b> , <br><b>SSID:</b> eduroam<br><b>Enc:</b> WPA2<br><b>AP:</b> -<br>]]></description>
      <Point>
        <coordinates>-115.1119205,36.0683791,0</coordinates>
      </Point>
    </Placemark>
    <Placemark>
      <name>Clark County</name>
      <description><![CDATA[<b>Name:</b> Walnut Recreation Center<br><b>Address:</b> , <br><b>SSID:</b> eduroam<br><b>Enc:</b> WPA2<br><b>AP:</b> -<br>]]></description>
      <Point>
        <coordinates>-115.0901746,36.2149919,0</coordinates>
      </Point>
    </Placemark>
    <Placemark>
      <name>Clark County</name>
      <description><![CDATA[<b>Name:</b> West Flamingo Senior Center<br><b>Address:</b> , <br><b>SSID:</b> eduroam<br><b>Enc:</b> WPA2<br><b>AP:</b> -<br>]]></description>
      <Point>
        <coordinates>-115.2262112,36.1135279,0</coordinates>
      </Point>
    </Placemark>
    <Placemark>
      <name>Clark County</name>
      <description><![CDATA[<b>Name:</b> Wetlands Park<br><b>Address:</b> , <br><b>SSID:</b> eduroam<br><b>Enc:</b> WPA2<br><b>AP:</b> -<br>]]></description>
      <Point>
        <coordinates>-115.022213,36.1003002,0</coordinates>
      </Point>
    </Placemark>
    <Placemark>
      <name>Clark County</name>
      <description><![CDATA[<b>Name:</b> Whitney Recreation Center<br><b>Address:</b> , <br><b>SSID:</b> eduroam<br><b>Enc:</b> WPA2<br><b>AP:</b> -<br>]]></description>
      <Point>
        <coordinates>-115.0480726,36.0961423,0</coordinates>
      </Point>
    </Placemark>
    <Placemark>
      <name>Clark County</name>
      <description><![CDATA[<b>Name:</b> Winchester Dondero Cultural Center<br><b>Address:</b> , <br><b>SSID:</b> eduroam<br><b>Enc:</b> WPA2<br><b>AP:</b> -<br>]]></description>
      <Point>
        <coordinates>-115.108347,36.132477,0</coordinates>
      </Point>
    </Placemark>
    <Placemark>
      <name>College of Southern Nevada</name>
      <description><![CDATA[<b>Name:</b> Charleston Campus<br><b>Address:</b> , <br><b>SSID:</b> eduroam<br><b>Enc:</b> WPA2<br><b>AP:</b> 153<br>]]></description>
      <Point>
        <coordinates>-115.232247,36.1558942,0</coordinates>
      </Point>
    </Placemark>
    <Placemark>
      <name>College of Southern Nevada</name>
      <description><![CDATA[<b>Name:</b> Green Valley Center<br><b>Address:</b> , <br><b>SSID:</b> eduroam<br><b>Enc:</b> WPA2<br><b>AP:</b> 4<br>]]></description>
      <Point>
        <coordinates>-115.0530288,36.0566452,0</coordinates>
      </Point>
    </Placemark>
    <Placemark>
      <name>College of Southern Nevada</name>
      <description><![CDATA[<b>Name:</b> Henderson Campus<br><b>Address:</b> , <br><b>SSID:</b> eduroam<br><b>Enc:</b> WPA2<br><b>AP:</b> 91<br>]]></description>
      <Point>
        <coordinates>-114.9636936,36.0057073,0</coordinates>
      </Point>
    </Placemark>
    <Placemark>
      <name>College of Southern Nevada</name>
      <description><![CDATA[<b>Name:</b> Henderson Center of Excellence<br><b>Address:</b> , <br><b>SSID:</b> eduroam<br><b>Enc:</b> WPA2<br><b>AP:</b> 4<br>]]></description>
      <Point>
        <coordinates>-115.1328407,35.9506575,0</coordinates>
      </Point>
    </Placemark>
    <Placemark>
      <name>College of Southern Nevada</name>
      <description><![CDATA[<b>Name:</b> Henderson Water Street Center<br><b>Address:</b> , <br><b>SSID:</b> eduroam<br><b>Enc:</b> WPA2<br><b>AP:</b> 3<br>]]></description>
      <Point>
        <coordinates>-114.978271,36.03027,0</coordinates>
      </Point>
    </Placemark>
    <Placemark>
      <name>College of Southern Nevada</name>
      <description><![CDATA[<b>Name:</b> Mesquite Center<br><b>Address:</b> , <br><b>SSID:</b> eduroam<br><b>Enc:</b> WPA2<br><b>AP:</b> 2<br>]]></description>
      <Point>
        <coordinates>-114.0674437,36.8062382,0</coordinates>
      </Point>
    </Placemark>
    <Placemark>
      <name>College of Southern Nevada</name>
      <description><![CDATA[<b>Name:</b> North Las Vegas Campus<br><b>Address:</b> , <br><b>SSID:</b> eduroam<br><b>Enc:</b> WPA2<br><b>AP:</b> 121<br>]]></description>
      <Point>
        <coordinates>-115.1046281,36.2212993,0</coordinates>
      </Point>
    </Placemark>
    <Placemark>
      <name>College of Southern Nevada</name>
      <description><![CDATA[<b>Name:</b> Sahara West Center<br><b>Address:</b> , <br><b>SSID:</b> eduroam<br><b>Enc:</b> WPA2<br><b>AP:</b> 5<br>]]></description>
      <Point>
        <coordinates>-115.1936771,36.1451702,0</coordinates>
      </Point>
    </Placemark>
    <Placemark>
      <name>College of Southern Nevada</name>
      <description><![CDATA[<b>Name:</b> Summerlin Center<br><b>Address:</b> , <br><b>SSID:</b> eduroam<br><b>Enc:</b> WPA2<br><b>AP:</b> 4<br>]]></description>
      <Point>
        <coordinates>-115.3318117,36.1713513,0</coordinates>
      </Point>
    </Placemark>
    <Placemark>
      <name>College of Southern Nevada</name>
      <description><![CDATA[<b>Name:</b> Western Center<br><b>Address:</b> , <br><b>SSID:</b> eduroam<br><b>Enc:</b> WPA2<br><b>AP:</b> 4<br>]]></description>
      <Point>
        <coordinates>-115.2034033,36.1756012,0</coordinates>
      </Point>
    </Placemark>
    <Placemark>
      <name>College of Southern Nevada</name>
      <description><![CDATA[<b>Name:</b> Westside Educational Training Center<br><b>Address:</b> , <br><b>SSID:</b> eduroam<br><b>Enc:</b> WPA2<br><b>AP:</b> 15<br>]]></description>
      <Point>
        <coordinates>-115.146247,36.1823778,0</coordinates>
      </Point>
    </Placemark>
    <Placemark>
      <name>Desert Research Institute</name>
      <description><![CDATA[<b>Name:</b> DRI Las Vegas<br><b>Address:</b> , <br><b>SSID:</b> eduroam<br><b>Enc:</b> WPA2<br><b>AP:</b> 15<br>]]></description>
      <Point>
        <coordinates>-115.1477901,36.1141624,0</coordinates>
      </Point>
    </Placemark>
    <Placemark>
      <name>Desert Research Institute</name>
      <description><![CDATA[<b>Name:</b> DRI Reno<br><b>Address:</b> , <br><b>SSID:</b> eduroam<br><b>Enc:</b> WPA2<br><b>AP:</b> 32<br>]]></description>
      <Point>
        <coordinates>-119.8008909,39.5719741,0</coordinates>
      </Point>
    </Placemark>
    <Placemark>
      <name>Great Basin College</name>
      <description><![CDATA[<b>Name:</b> Great Basin College Battle Mountain ABE/ESL<br><b>Address:</b> , <br><b>SSID:</b> eduroam<br><b>Enc:</b> WPA2<br><b>AP:</b> 1<br>]]></description>
      <Point>
        <coordinates>-116.9303462,40.6417742,0</coordinates>
      </Point>
    </Placemark>
    <Placemark>
      <name>Great Basin College</name>
      <description><![CDATA[<b>Name:</b> Great Basin College Battle Mountain Campus<br><b>Address:</b> , <br><b>SSID:</b> eduroam<br><b>Enc:</b> WPA2+WPA<br><b>AP:</b> 1<br>]]></description>
      <Point>
        <coordinates>-116.9373165,40.6343226,0</coordinates>
      </Point>
    </Placemark>
    <Placemark>
      <name>Great Basin College</name>
      <description><![CDATA[<b>Name:</b> Great Basin College Elko Campus<br><b>Address:</b> , <br><b>SSID:</b> eduroam<br><b>Enc:</b> WPA2+WPA<br><b>AP:</b> 50<br>]]></description>
      <Point>
        <coordinates>-115.7673229,40.8432987,0</coordinates>
      </Point>
    </Placemark>
    <Placemark>
      <name>Great Basin College</name>
      <description><![CDATA[<b>Name:</b> Great Basin College Ely Campus<br><b>Address:</b> , <br><b>SSID:</b> eduroam<br><b>Enc:</b> WPA2+WPA<br><b>AP:</b> 3<br>]]></description>
      <Point>
        <coordinates>-114.8731535,39.2343555,0</coordinates>
      </Point>
    </Placemark>
    <Placemark>
      <name>Great Basin College</name>
      <description><![CDATA[<b>Name:</b> Great Basin College Pahrump Valley Center<br><b>Address:</b> , <br><b>SSID:</b> eduroam<br><b>Enc:</b> WPA2+WPA<br><b>AP:</b> 5<br>]]></description>
      <Point>
        <coordinates>-116.0054808,36.1909258,0</coordinates>
      </Point>
    </Placemark>
    <Placemark>
      <name>Great Basin College</name>
      <description><![CDATA[<b>Name:</b> Great Basin College Winnemucca Campus<br><b>Address:</b> , <br><b>SSID:</b> eduroam<br><b>Enc:</b> WPA2+WPA<br><b>AP:</b> 6<br>]]></description>
      <Point>
        <coordinates>-117.7070906,40.9701752,0</coordinates>
      </Point>
    </Placemark>
    <Placemark>
      <name>Las Vegas-Clark County Library District</name>
      <description><![CDATA[<b>Name:</b> Blue Diamond Library<br><b>Address:</b> , <br><b>SSID:</b> eduroam<br><b>Enc:</b> WPA2<br><b>AP:</b> -<br>]]></description>
      <Point>
        <coordinates>-115.4071102,36.0469569,0</coordinates>
      </Point>
    </Placemark>
    <Placemark>
      <name>Las Vegas-Clark County Library District</name>
      <description><![CDATA[<b>Name:</b> Bunkerville Library<br><b>Address:</b> , <br><b>SSID:</b> eduroam<br><b>Enc:</b> WPA2<br><b>AP:</b> -<br>]]></description>
      <Point>
        <coordinates>-114.1250252,36.7732015,0</coordinates>
      </Point>
    </Placemark>
    <Placemark>
      <name>Las Vegas-Clark County Library District</name>
      <description><![CDATA[<b>Name:</b> Centennial Hills Library<br><b>Address:</b> , <br><b>SSID:</b> eduroam<br><b>Enc:</b> WPA2<br><b>AP:</b> -<br>]]></description>
      <Point>
        <coordinates>-115.2619573,36.2833683,0</coordinates>
      </Point>
    </Placemark>
    <Placemark>
      <name>Las Vegas-Clark County Library District</name>
      <description><![CDATA[<b>Name:</b> Clark County Library<br><b>Address:</b> , <br><b>SSID:</b> eduroam<br><b>Enc:</b> WPA2<br><b>AP:</b> -<br>]]></description>
      <Point>
        <coordinates>-115.134938,36.1138383,0</coordinates>
      </Point>
    </Placemark>
    <Placemark>
      <name>Las Vegas-Clark County Library District</name>
      <description><![CDATA[<b>Name:</b> East Las Vegas Library<br><b>Address:</b> , <br><b>SSID:</b> eduroam<br><b>Enc:</b> WPA2<br><b>AP:</b> -<br>]]></description>
      <Point>
        <coordinates>-115.1104179,36.1735018,0</coordinates>
      </Point>
    </Placemark>
    <Placemark>
      <name>Las Vegas-Clark County Library District</name>
      <description><![CDATA[<b>Name:</b> Enterprise Library<br><b>Address:</b> , <br><b>SSID:</b> eduroam<br><b>Enc:</b> WPA2<br><b>AP:</b> -<br>]]></description>
      <Point>
        <coordinates>-115.1710813,36.0384107,0</coordinates>
      </Point>
    </Placemark>
    <Placemark>
      <name>Las Vegas-Clark County Library District</name>
      <description><![CDATA[<b>Name:</b> Goodsprings Library<br><b>Address:</b> , <br><b>SSID:</b> eduroam<br><b>Enc:</b> WPA2<br><b>AP:</b> -<br>]]></description>
      <Point>
        <coordinates>-115.4351942,35.8316258,0</coordinates>
      </Point>
    </Placemark>
    <Placemark>
      <name>Las Vegas-Clark County Library District</name>
      <description><![CDATA[<b>Name:</b> Indian Springs Library<br><b>Address:</b> , <br><b>SSID:</b> eduroam<br><b>Enc:</b> WPA2<br><b>AP:</b> -<br>]]></description>
      <Point>
        <coordinates>-115.6779259,36.5697405,0</coordinates>
      </Point>
    </Placemark>
    <Placemark>
      <name>Las Vegas-Clark County Library District</name>
      <description><![CDATA[<b>Name:</b> Laughlin Library<br><b>Address:</b> , <br><b>SSID:</b> eduroam<br><b>Enc:</b> WPA2<br><b>AP:</b> -<br>]]></description>
      <Point>
        <coordinates>-114.6248513,35.1454878,0</coordinates>
      </Point>
    </Placemark>
    <Placemark>
      <name>Las Vegas-Clark County Library District</name>
      <description><![CDATA[<b>Name:</b> Meadows Library<br><b>Address:</b> , <br><b>SSID:</b> eduroam<br><b>Enc:</b> WPA2<br><b>AP:</b> -<br>]]></description>
      <Point>
        <coordinates>-115.1600913,36.146996,0</coordinates>
      </Point>
    </Placemark>
    <Placemark>
      <name>Las Vegas-Clark County Library District</name>
      <description><![CDATA[<b>Name:</b> Mesquite Library<br><b>Address:</b> , <br><b>SSID:</b> eduroam<br><b>Enc:</b> WPA2<br><b>AP:</b> -<br>]]></description>
      <Point>
        <coordinates>-114.0706198,36.804859,0</coordinates>
      </Point>
    </Placemark>
    <Placemark>
      <name>Las Vegas-Clark County Library District</name>
      <description><![CDATA[<b>Name:</b> Moapa Town Library<br><b>Address:</b> , <br><b>SSID:</b> eduroam<br><b>Enc:</b> WPA2<br><b>AP:</b> -<br>]]></description>
      <Point>
        <coordinates>-114.5899059,36.6712048,0</coordinates>
      </Point>
    </Placemark>
    <Placemark>
      <name>Las Vegas-Clark County Library District</name>
      <description><![CDATA[<b>Name:</b> Moapa Valley Library<br><b>Address:</b> , <br><b>SSID:</b> eduroam<br><b>Enc:</b> WPA2<br><b>AP:</b> -<br>]]></description>
      <Point>
        <coordinates>-114.4419327,36.5379977,0</coordinates>
      </Point>
    </Placemark>
    <Placemark>
      <name>Las Vegas-Clark County Library District</name>
      <description><![CDATA[<b>Name:</b> Mt Charleston Library<br><b>Address:</b> , <br><b>SSID:</b> eduroam<br><b>Enc:</b> WPA2<br><b>AP:</b> -<br>]]></description>
      <Point>
        <coordinates>-115.1391009,36.171563,0</coordinates>
      </Point>
    </Placemark>
    <Placemark>
      <name>Las Vegas-Clark County Library District</name>
      <description><![CDATA[<b>Name:</b> Rainbow Library<br><b>Address:</b> , <br><b>SSID:</b> eduroam<br><b>Enc:</b> WPA2<br><b>AP:</b> -<br>]]></description>
      <Point>
        <coordinates>-115.2589392,36.2166408,0</coordinates>
      </Point>
    </Placemark>
    <Placemark>
      <name>Las Vegas-Clark County Library District</name>
      <description><![CDATA[<b>Name:</b> Sahara West Library<br><b>Address:</b> , <br><b>SSID:</b> eduroam<br><b>Enc:</b> WPA2<br><b>AP:</b> -<br>]]></description>
      <Point>
        <coordinates>-115.3051634,36.1450788,0</coordinates>
      </Point>
    </Placemark>
    <Placemark>
      <name>Las Vegas-Clark County Library District</name>
      <description><![CDATA[<b>Name:</b> Sandy Valley Library<br><b>Address:</b> , <br><b>SSID:</b> eduroam<br><b>Enc:</b> WPA2<br><b>AP:</b> -<br>]]></description>
      <Point>
        <coordinates>-115.6476619,35.8098486,0</coordinates>
      </Point>
    </Placemark>
    <Placemark>
      <name>Las Vegas-Clark County Library District</name>
      <description><![CDATA[<b>Name:</b> Searchlight Library<br><b>Address:</b> , <br><b>SSID:</b> eduroam<br><b>Enc:</b> WPA2<br><b>AP:</b> -<br>]]></description>
      <Point>
        <coordinates>-114.906716,35.4681515,0</coordinates>
      </Point>
    </Placemark>
    <Placemark>
      <name>Las Vegas-Clark County Library District</name>
      <description><![CDATA[<b>Name:</b> Spring Valley Library<br><b>Address:</b> , <br><b>SSID:</b> eduroam<br><b>Enc:</b> WPA2<br><b>AP:</b> -<br>]]></description>
      <Point>
        <coordinates>-115.2242074,36.1113398,0</coordinates>
      </Point>
    </Placemark>
    <Placemark>
      <name>Las Vegas-Clark County Library District</name>
      <description><![CDATA[<b>Name:</b> Summerlin Library<br><b>Address:</b> , <br><b>SSID:</b> eduroam<br><b>Enc:</b> WPA2<br><b>AP:</b> -<br>]]></description>
      <Point>
        <coordinates>-115.3016745,36.1913952,0</coordinates>
      </Point>
    </Placemark>
    <Placemark>
      <name>Las Vegas-Clark County Library District</name>
      <description><![CDATA[<b>Name:</b> Sunrise Library<br><b>Address:</b> , <br><b>SSID:</b> eduroam<br><b>Enc:</b> WPA2<br><b>AP:</b> -<br>]]></description>
      <Point>
        <coordinates>-115.0549963,36.1783187,0</coordinates>
      </Point>
    </Placemark>
    <Placemark>
      <name>Las Vegas-Clark County Library District</name>
      <description><![CDATA[<b>Name:</b> West Charleston Library<br><b>Address:</b> , <br><b>SSID:</b> eduroam<br><b>Enc:</b> WPA2<br><b>AP:</b> -<br>]]></description>
      <Point>
        <coordinates>-115.2310615,36.1583067,0</coordinates>
      </Point>
    </Placemark>
    <Placemark>
      <name>Las Vegas-Clark County Library District</name>
      <description><![CDATA[<b>Name:</b> West Las Vegas Library<br><b>Address:</b> , <br><b>SSID:</b> eduroam<br><b>Enc:</b> WPA2<br><b>AP:</b> -<br>]]></description>
      <Point>
        <coordinates>-115.161546,36.19222,0</coordinates>
      </Point>
    </Placemark>
    <Placemark>
      <name>Las Vegas-Clark County Library District</name>
      <description><![CDATA[<b>Name:</b> Whitney Library<br><b>Address:</b> , <br><b>SSID:</b> eduroam<br><b>Enc:</b> WPA2<br><b>AP:</b> -<br>]]></description>
      <Point>
        <coordinates>-115.0603777,36.0999285,0</coordinates>
      </Point>
    </Placemark>
    <Placemark>
      <name>Las Vegas-Clark County Library District</name>
      <description><![CDATA[<b>Name:</b> Windmill Library<br><b>Address:</b> , <br><b>SSID:</b> eduroam<br><b>Enc:</b> WPA2<br><b>AP:</b> -<br>]]></description>
      <Point>
        <coordinates>-115.2463436,36.0420015,0</coordinates>
      </Point>
    </Placemark>
    <Placemark>
      <name>Nevada Seismological Laboratory</name>
      <description><![CDATA[<b>Name:</b> Little Valley<br><b>Address:</b> , <br><b>SSID:</b> eduroam<br><b>Enc:</b> WPA3<br><b>AP:</b> -<br>]]></description>
      <Point>
        <coordinates>-119.9526847,39.249683,0</coordinates>
      </Point>
    </Placemark>
    <Placemark>
      <name>Nevada Seismological Laboratory</name>
      <description><![CDATA[<b>Name:</b> Red Rock<br><b>Address:</b> , <br><b>SSID:</b> eduroam<br><b>Enc:</b> WPA3<br><b>AP:</b> -<br>]]></description>
      <Point>
        <coordinates>-119.9154617,39.6232665,0</coordinates>
      </Point>
    </Placemark>
    <Placemark>
      <name>Nevada State University</name>
      <description><![CDATA[<b>Name:</b> Nevada State University<br><b>Address:</b> , <br><b>SSID:</b> eduroam<br><b>Enc:</b> WPA2+WPA<br><b>AP:</b> 80<br>]]></description>
      <Point>
        <coordinates>-114.9386483,35.9833073,0</coordinates>
      </Point>
    </Placemark>
    <Placemark>
      <name>Nevada System of Higher Education (NSHE SA/SCS)</name>
      <description><![CDATA[<b>Name:</b> System Administration - Las Vegas<br><b>Address:</b> , <br><b>SSID:</b> eduroam<br><b>Enc:</b> WPA2<br><b>AP:</b> 7<br>]]></description>
      <Point>
        <coordinates>-115.1370079,36.1109028,0</coordinates>
      </Point>
    </Placemark>
    <Placemark>
      <name>Nevada System of Higher Education (NSHE SA/SCS)</name>
      <description><![CDATA[<b>Name:</b> System Administration - Reno<br><b>Address:</b> , <br><b>SSID:</b> eduroam<br><b>Enc:</b> WPA2<br><b>AP:</b> 5<br>]]></description>
      <Point>
        <coordinates>-119.8123508,39.5511949,0</coordinates>
      </Point>
    </Placemark>
    <Placemark>
      <name>Nevada System of Higher Education (NSHE SA/SCS)</name>
      <description><![CDATA[<b>Name:</b> System Computing Services (SCS) - Las Vegas<br><b>Address:</b> , <br><b>SSID:</b> eduroam<br><b>Enc:</b> WPA2<br><b>AP:</b> 7<br>]]></description>
      <Point>
        <coordinates>-115.1405062,36.1077412,0</coordinates>
      </Point>
    </Placemark>
    <Placemark>
      <name>Nevada System of Higher Education (NSHE SA/SCS)</name>
      <description><![CDATA[<b>Name:</b> System Computing Services (SCS) - Reno<br><b>Address:</b> , <br><b>SSID:</b> eduroam<br><b>Enc:</b> WPA2<br><b>AP:</b> 7<br>]]></description>
      <Point>
        <coordinates>-119.819405,39.5472914,0</coordinates>
      </Point>
    </Placemark>
    <Placemark>
      <name>NSHEDEV</name>
      <description><![CDATA[<b>Name:</b> Linux NSHEDEV SP hosts<br><b>Address:</b> , <br><b>SSID:</b> eduroam<br><b>Enc:</b> WPA2<br><b>AP:</b> 2<br>]]></description>
      <Point>
        <coordinates>-119.8141458,39.543673,0</coordinates>
      </Point>
    </Placemark>
    <Placemark>
      <name>Renown Health</name>
      <description><![CDATA[<b>Name:</b> Renown Regional Medical Center<br><b>Address:</b> , <br><b>SSID:</b> eduroam<br><b>Enc:</b> WPA2<br><b>AP:</b> -<br>]]></description>
      <Point>
        <coordinates>-119.7960915,39.5249672,0</coordinates>
      </Point>
    </Placemark>
    <Placemark>
      <name>Renown Health</name>
      <description><![CDATA[<b>Name:</b> Renown South Meadows Medical Center<br><b>Address:</b> , <br><b>SSID:</b> eduroam<br><b>Enc:</b> WPA2<br><b>AP:</b> -<br>]]></description>
      <Point>
        <coordinates>-119.7596142,39.4362168,0</coordinates>
      </Point>
    </Placemark>
    <Placemark>
      <name>RG Nets, Inc.</name>
      <description><![CDATA[<b>Name:</b> hale.rgnets.net<br><b>Address:</b> , <br><b>SSID:</b> eduroam<br><b>Enc:</b> WPA2+WPA<br><b>AP:</b> 3<br>]]></description>
      <Point>
        <coordinates>-119.7808062,39.3882355,0</coordinates>
      </Point>
    </Placemark>
    <Placemark>
      <name>Truckee Meadows Community College</name>
      <description><![CDATA[<b>Name:</b> Reno, NV<br><b>Address:</b> , <br><b>SSID:</b> eduroam<br><b>Enc:</b> WPA2<br><b>AP:</b> 45<br>]]></description>
      <Point>
        <coordinates>-119.797538,39.5710654,0</coordinates>
      </Point>
    </Placemark>
    <Placemark>
      <name>University of Nevada-Las Vegas</name>
      <description><![CDATA[<b>Name:</b> Main Campus<br><b>Address:</b> , <br><b>SSID:</b> eduroam<br><b>Enc:</b> WPA2<br><b>AP:</b> 2000<br>]]></description>
      <Point>
        <coordinates>-115.139975,36.1052023,0</coordinates>
      </Point>
    </Placemark>
    <Placemark>
      <name>University of Nevada-Reno</name>
      <description><![CDATA[<b>Name:</b> The University of Nevada, Main Station Farm Science Center<br><b>Address:</b> , <br><b>SSID:</b> eduroam<br><b>Enc:</b> WPA2<br><b>AP:</b> 8<br>]]></description>
      <Point>
        <coordinates>-119.7418676,39.5130104,0</coordinates>
      </Point>
    </Placemark>
    <Placemark>
      <name>University of Nevada-Reno</name>
      <description><![CDATA[<b>Name:</b> The University of Nevada, Reno Moana Building<br><b>Address:</b> , <br><b>SSID:</b> eduroam<br><b>Enc:</b> WPA2<br><b>AP:</b> -<br>]]></description>
      <Point>
        <coordinates>-119.8037408,39.4908456,0</coordinates>
      </Point>
    </Placemark>
    <Placemark>
      <name>University of Nevada-Reno</name>
      <description><![CDATA[<b>Name:</b> University of Nevada, Reno<br><b>Address:</b> , <br><b>SSID:</b> eduroam<br><b>Enc:</b> WPA2<br><b>AP:</b> -<br>]]></description>
      <Point>
        <coordinates>-119.8160539,39.5445684,0</coordinates>
      </Point>
    </Placemark>
    <Placemark>
      <name>University of Nevada-Reno</name>
      <description><![CDATA[<b>Name:</b> University of Nevada, Reno at Lake Tahoe<br><b>Address:</b> , <br><b>SSID:</b> eduroam<br><b>Enc:</b> WPA2<br><b>AP:</b> -<br>]]></description>
      <Point>
        <coordinates>-119.9547839,39.2497571,0</coordinates>
      </Point>
    </Placemark>
    <Placemark>
      <name>University of Nevada-Reno</name>
      <description><![CDATA[<b>Name:</b> University of Nevada, Reno Innevation Center<br><b>Address:</b> , <br><b>SSID:</b> eduroam<br><b>Enc:</b> WPA2<br><b>AP:</b> -<br>]]></description>
      <Point>
        <coordinates>-119.8080793,39.522053,0</coordinates>
      </Point>
    </Placemark>
    <Placemark>
      <name>University of Nevada-Reno</name>
      <description><![CDATA[<b>Name:</b> University of Nevada, Reno Redfield Campus<br><b>Address:</b> , <br><b>SSID:</b> eduroam<br><b>Enc:</b> WPA2<br><b>AP:</b> 40<br>]]></description>
      <Point>
        <coordinates>-119.7656167,39.3913744,0</coordinates>
      </Point>
    </Placemark>
    <Placemark>
      <name>Washoe County</name>
      <description><![CDATA[<b>Name:</b> Bartley Ranch Regional Park<br><b>Address:</b> , <br><b>SSID:</b> eduroam<br><b>Enc:</b> WPA2<br><b>AP:</b> -<br>]]></description>
      <Point>
        <coordinates>-119.8041205,39.4660037,0</coordinates>
      </Point>
    </Placemark>
    <Placemark>
      <name>Washoe County</name>
      <description><![CDATA[<b>Name:</b> Bowers Mansion Regional Park<br><b>Address:</b> , <br><b>SSID:</b> eduroam<br><b>Enc:</b> WPA2<br><b>AP:</b> -<br>]]></description>
      <Point>
        <coordinates>-119.8406557,39.2855555,0</coordinates>
      </Point>
    </Placemark>
    <Placemark>
      <name>Washoe County</name>
      <description><![CDATA[<b>Name:</b> Cold Springs Community Center<br><b>Address:</b> , <br><b>SSID:</b> eduroam<br><b>Enc:</b> WPA2<br><b>AP:</b> -<br>]]></description>
      <Point>
        <coordinates>-119.9776667,39.6765593,0</coordinates>
      </Point>
    </Placemark>
    <Placemark>
      <name>Washoe County</name>
      <description><![CDATA[<b>Name:</b> Cottonwood Community Center<br><b>Address:</b> , <br><b>SSID:</b> eduroam<br><b>Enc:</b> WPA2<br><b>AP:</b> -<br>]]></description>
      <Point>
        <coordinates>-119.7176277,39.6205142,0</coordinates>
      </Point>
    </Placemark>
    <Placemark>
      <name>Washoe County</name>
      <description><![CDATA[<b>Name:</b> Downtown Reno Library<br><b>Address:</b> , <br><b>SSID:</b> eduroam<br><b>Enc:</b> WPA2<br><b>AP:</b> -<br>]]></description>
      <Point>
        <coordinates>-119.8105822,39.5226301,0</coordinates>
      </Point>
    </Placemark>
    <Placemark>
      <name>Washoe County</name>
      <description><![CDATA[<b>Name:</b> Duncan/Traner Community Library<br><b>Address:</b> , <br><b>SSID:</b> eduroam<br><b>Enc:</b> WPA2<br><b>AP:</b> -<br>]]></description>
      <Point>
        <coordinates>-119.7936605,39.5417316,0</coordinates>
      </Point>
    </Placemark>
    <Placemark>
      <name>Washoe County</name>
      <description><![CDATA[<b>Name:</b> Gerlach Volunteer Fire Department<br><b>Address:</b> , <br><b>SSID:</b> eduroam<br><b>Enc:</b> WPA2<br><b>AP:</b> -<br>]]></description>
      <Point>
        <coordinates>-119.3554021,40.6527158,0</coordinates>
      </Point>
    </Placemark>
    <Placemark>
      <name>Washoe County</name>
      <description><![CDATA[<b>Name:</b> Incline Village Justice Court<br><b>Address:</b> , <br><b>SSID:</b> eduroam<br><b>Enc:</b> WPA2<br><b>AP:</b> -<br>]]></description>
      <Point>
        <coordinates>-119.956856,39.2503654,0</coordinates>
      </Point>
    </Placemark>
    <Placemark>
      <name>Washoe County</name>
      <description><![CDATA[<b>Name:</b> Incline Village Library<br><b>Address:</b> , <br><b>SSID:</b> eduroam<br><b>Enc:</b> WPA2<br><b>AP:</b> -<br>]]></description>
      <Point>
        <coordinates>-119.9574771,39.2503294,0</coordinates>
      </Point>
    </Placemark>
    <Placemark>
      <name>Washoe County</name>
      <description><![CDATA[<b>Name:</b> Kids Kottage<br><b>Address:</b> , <br><b>SSID:</b> eduroam<br><b>Enc:</b> WPA2<br><b>AP:</b> -<br>]]></description>
      <Point>
        <coordinates>-119.751946,39.5003559,0</coordinates>
      </Point>
    </Placemark>
    <Placemark>
      <name>Washoe County</name>
      <description><![CDATA[<b>Name:</b> Liberty Center<br><b>Address:</b> , <br><b>SSID:</b> eduroam<br><b>Enc:</b> WPA2<br><b>AP:</b> -<br>]]></description>
      <Point>
        <coordinates>-119.8097183,39.5226423,0</coordinates>
      </Point>
    </Placemark>
    <Placemark>
      <name>Washoe County</name>
      <description><![CDATA[<b>Name:</b> Liberty Center Parking Garage<br><b>Address:</b> , <br><b>SSID:</b> eduroam<br><b>Enc:</b> WPA2<br><b>AP:</b> -<br>]]></description>
      <Point>
        <coordinates>-119.809988,39.523218,0</coordinates>
      </Point>
    </Placemark>
    <Placemark>
      <name>Washoe County</name>
      <description><![CDATA[<b>Name:</b> Men's Crossroads<br><b>Address:</b> , <br><b>SSID:</b> eduroam<br><b>Enc:</b> WPA2<br><b>AP:</b> -<br>]]></description>
      <Point>
        <coordinates>-119.8255131,39.5295695,0</coordinates>
      </Point>
    </Placemark>
    <Placemark>
      <name>Washoe County</name>
      <description><![CDATA[<b>Name:</b> Nevada Cares Campus<br><b>Address:</b> , <br><b>SSID:</b> eduroam<br><b>Enc:</b> WPA2<br><b>AP:</b> -<br>]]></description>
      <Point>
        <coordinates>-119.7914576,39.5348539,0</coordinates>
      </Point>
    </Placemark>
    <Placemark>
      <name>Washoe County</name>
      <description><![CDATA[<b>Name:</b> North Valleys Library<br><b>Address:</b> , <br><b>SSID:</b> eduroam<br><b>Enc:</b> WPA2<br><b>AP:</b> -<br>]]></description>
      <Point>
        <coordinates>-119.8397515,39.605509,0</coordinates>
      </Point>
    </Placemark>
    <Placemark>
      <name>Washoe County</name>
      <description><![CDATA[<b>Name:</b> North Valleys Regional Park and Community Center<br><b>Address:</b> , <br><b>SSID:</b> eduroam<br><b>Enc:</b> WPA2<br><b>AP:</b> -<br>]]></description>
      <Point>
        <coordinates>-119.8681412,39.6259531,0</coordinates>
      </Point>
    </Placemark>
    <Placemark>
      <name>Washoe County</name>
      <description><![CDATA[<b>Name:</b> Northern Nevada Public Health - WIC Moana<br><b>Address:</b> , <br><b>SSID:</b> eduroam<br><b>Enc:</b> WPA2<br><b>AP:</b> -<br>]]></description>
      <Point>
        <coordinates>-119.8032633,39.4916826,0</coordinates>
      </Point>
    </Placemark>
    <Placemark>
      <name>Washoe County</name>
      <description><![CDATA[<b>Name:</b> Northwest Reno Library<br><b>Address:</b> , <br><b>SSID:</b> eduroam<br><b>Enc:</b> WPA2<br><b>AP:</b> -<br>]]></description>
      <Point>
        <coordinates>-119.8854191,39.5381147,0</coordinates>
      </Point>
    </Placemark>
    <Placemark>
      <name>Washoe County</name>
      <description><![CDATA[<b>Name:</b> Our Place<br><b>Address:</b> , <br><b>SSID:</b> eduroam<br><b>Enc:</b> WPA2<br><b>AP:</b> -<br>]]></description>
      <Point>
        <coordinates>-119.7726657,39.528482,0</coordinates>
      </Point>
    </Placemark>
    <Placemark>
      <name>Washoe County</name>
      <description><![CDATA[<b>Name:</b> Rancho San Rafael Regional Park and Wilbur D. May Museum<br><b>Address:</b> , <br><b>SSID:</b> eduroam<br><b>Enc:</b> WPA2<br><b>AP:</b> -<br>]]></description>
      <Point>
        <coordinates>-119.8240206,39.5457835,0</coordinates>
      </Point>
    </Placemark>
    <Placemark>
      <name>Washoe County</name>
      <description><![CDATA[<b>Name:</b> Sierra View Library<br><b>Address:</b> , <br><b>SSID:</b> eduroam<br><b>Enc:</b> WPA2<br><b>AP:</b> -<br>]]></description>
      <Point>
        <coordinates>-119.7954375,39.4861766,0</coordinates>
      </Point>
    </Placemark>
    <Placemark>
      <name>Washoe County</name>
      <description><![CDATA[<b>Name:</b> South Valleys Library<br><b>Address:</b> , <br><b>SSID:</b> eduroam<br><b>Enc:</b> WPA2<br><b>AP:</b> -<br>]]></description>
      <Point>
        <coordinates>-119.7589154,39.4045667,0</coordinates>
      </Point>
    </Placemark>
    <Placemark>
      <name>Washoe County</name>
      <description><![CDATA[<b>Name:</b> Spanish Springs Library<br><b>Address:</b> , <br><b>SSID:</b> eduroam<br><b>Enc:</b> WPA2<br><b>AP:</b> -<br>]]></description>
      <Point>
        <coordinates>-119.7246205,39.6208308,0</coordinates>
      </Point>
    </Placemark>
    <Placemark>
      <name>Washoe County</name>
      <description><![CDATA[<b>Name:</b> Sparks Library<br><b>Address:</b> , <br><b>SSID:</b> eduroam<br><b>Enc:</b> WPA2<br><b>AP:</b> -<br>]]></description>
      <Point>
        <coordinates>-119.7589224,39.5440195,0</coordinates>
      </Point>
    </Placemark>
    <Placemark>
      <name>Washoe County</name>
      <description><![CDATA[<b>Name:</b> Verdi Community Library &amp; Nature Center<br><b>Address:</b> , <br><b>SSID:</b> eduroam<br><b>Enc:</b> WPA2<br><b>AP:</b> -<br>]]></description>
      <Point>
        <coordinates>-119.9901367,39.5219417,0</coordinates>
      </Point>
    </Placemark>
    <Placemark>
      <name>Washoe County</name>
      <description><![CDATA[<b>Name:</b> Washoe County Administration Complex<br><b>Address:</b> , <br><b>SSID:</b> eduroam<br><b>Enc:</b> WPA2<br><b>AP:</b> -<br>]]></description>
      <Point>
        <coordinates>-119.8017739,39.5389564,0</coordinates>
      </Point>
    </Placemark>
    <Placemark>
      <name>Washoe County</name>
      <description><![CDATA[<b>Name:</b> Washoe County Air Quality - Geiger Grade<br><b>Address:</b> , <br><b>SSID:</b> eduroam<br><b>Enc:</b> WPA2<br><b>AP:</b> -<br>]]></description>
      <Point>
        <coordinates>-119.7393464,39.3992887,0</coordinates>
      </Point>
    </Placemark>
    <Placemark>
      <name>Washoe County</name>
      <description><![CDATA[<b>Name:</b> Washoe County Air Quality - Lemmon Valley<br><b>Address:</b> , <br><b>SSID:</b> eduroam<br><b>Enc:</b> WPA2<br><b>AP:</b> -<br>]]></description>
      <Point>
        <coordinates>-119.8398717,39.6452522,0</coordinates>
      </Point>
    </Placemark>
    <Placemark>
      <name>Washoe County</name>
      <description><![CDATA[<b>Name:</b> Washoe County Air Quality - Reno<br><b>Address:</b> , <br><b>SSID:</b> eduroam<br><b>Enc:</b> WPA2<br><b>AP:</b> -<br>]]></description>
      <Point>
        <coordinates>-119.7950757,39.520843,0</coordinates>
      </Point>
    </Placemark>
    <Placemark>
      <name>Washoe County</name>
      <description><![CDATA[<b>Name:</b> Washoe County Air Quality - Spanish Springs<br><b>Address:</b> , <br><b>SSID:</b> eduroam<br><b>Enc:</b> WPA2<br><b>AP:</b> -<br>]]></description>
      <Point>
        <coordinates>-119.7176277,39.6205142,0</coordinates>
      </Point>
    </Placemark>
    <Placemark>
      <name>Washoe County</name>
      <description><![CDATA[<b>Name:</b> Washoe County Air Quality - Sparks<br><b>Address:</b> , <br><b>SSID:</b> eduroam<br><b>Enc:</b> WPA2<br><b>AP:</b> -<br>]]></description>
      <Point>
        <coordinates>-119.7473561,39.5407101,0</coordinates>
      </Point>
    </Placemark>
    <Placemark>
      <name>Washoe County</name>
      <description><![CDATA[<b>Name:</b> Washoe County Child Advocacy Center<br><b>Address:</b> , <br><b>SSID:</b> eduroam<br><b>Enc:</b> WPA2<br><b>AP:</b> -<br>]]></description>
      <Point>
        <coordinates>-119.752324,39.5000057,0</coordinates>
      </Point>
    </Placemark>
    <Placemark>
      <name>Washoe County</name>
      <description><![CDATA[<b>Name:</b> Washoe County District Attorney and Reno Justice Court<br><b>Address:</b> , <br><b>SSID:</b> eduroam<br><b>Enc:</b> WPA2<br><b>AP:</b> -<br>]]></description>
      <Point>
        <coordinates>-119.8138516,39.5240285,0</coordinates>
      </Point>
    </Placemark>
    <Placemark>
      <name>Washoe County</name>
      <description><![CDATA[<b>Name:</b> Washoe County Family Engagement Center<br><b>Address:</b> , <br><b>SSID:</b> eduroam<br><b>Enc:</b> WPA2<br><b>AP:</b> -<br>]]></description>
      <Point>
        <coordinates>-119.7302468,39.5415891,0</coordinates>
      </Point>
    </Placemark>
    <Placemark>
      <name>Washoe County</name>
      <description><![CDATA[<b>Name:</b> Washoe County Juvenile Services<br><b>Address:</b> , <br><b>SSID:</b> eduroam<br><b>Enc:</b> WPA2<br><b>AP:</b> -<br>]]></description>
      <Point>
        <coordinates>-119.8092255,39.5698297,0</coordinates>
      </Point>
    </Placemark>
    <Placemark>
      <name>Washoe County</name>
      <description><![CDATA[<b>Name:</b> Washoe County Library - Downtown Reno<br><b>Address:</b> , <br><b>SSID:</b> eduroam<br><b>Enc:</b> WPA2<br><b>AP:</b> -<br>]]></description>
      <Point>
        <coordinates>-119.8104031,39.5225136,0</coordinates>
      </Point>
    </Placemark>
    <Placemark>
      <name>Washoe County</name>
      <description><![CDATA[<b>Name:</b> Washoe County Library - Duncan Trainer<br><b>Address:</b> , <br><b>SSID:</b> eduroam<br><b>Enc:</b> WPA2<br><b>AP:</b> -<br>]]></description>
      <Point>
        <coordinates>-119.793663,39.5417381,0</coordinates>
      </Point>
    </Placemark>
    <Placemark>
      <name>Washoe County</name>
      <description><![CDATA[<b>Name:</b> Washoe County Library - Incline Village<br><b>Address:</b> , <br><b>SSID:</b> eduroam<br><b>Enc:</b> WPA2<br><b>AP:</b> -<br>]]></description>
      <Point>
        <coordinates>-119.9574924,39.2503275,0</coordinates>
      </Point>
    </Placemark>
    <Placemark>
      <name>Washoe County</name>
      <description><![CDATA[<b>Name:</b> Washoe County Library - North Valleys<br><b>Address:</b> , <br><b>SSID:</b> eduroam<br><b>Enc:</b> WPA2<br><b>AP:</b> -<br>]]></description>
      <Point>
        <coordinates>-119.8397515,39.605509,0</coordinates>
      </Point>
    </Placemark>
    <Placemark>
      <name>Washoe County</name>
      <description><![CDATA[<b>Name:</b> Washoe County Library - Northwest<br><b>Address:</b> , <br><b>SSID:</b> eduroam<br><b>Enc:</b> WPA2<br><b>AP:</b> -<br>]]></description>
      <Point>
        <coordinates>-119.8854194,39.5381132,0</coordinates>
      </Point>
    </Placemark>
    <Placemark>
      <name>Washoe County</name>
      <description><![CDATA[<b>Name:</b> Washoe County Library - Sierra View<br><b>Address:</b> , <br><b>SSID:</b> eduroam<br><b>Enc:</b> WPA2<br><b>AP:</b> -<br>]]></description>
      <Point>
        <coordinates>-119.7954375,39.4861766,0</coordinates>
      </Point>
    </Placemark>
    <Placemark>
      <name>Washoe County</name>
      <description><![CDATA[<b>Name:</b> Washoe County Library - South Valley<br><b>Address:</b> , <br><b>SSID:</b> eduroam<br><b>Enc:</b> WPA2<br><b>AP:</b> -<br>]]></description>
      <Point>
        <coordinates>-119.756719,39.4056661,0</coordinates>
      </Point>
    </Placemark>
    <Placemark>
      <name>Washoe County</name>
      <description><![CDATA[<b>Name:</b> Washoe County Library - Spanish Springs<br><b>Address:</b> , <br><b>SSID:</b> eduroam<br><b>Enc:</b> WPA2<br><b>AP:</b> -<br>]]></description>
      <Point>
        <coordinates>-119.7176277,39.6205142,0</coordinates>
      </Point>
    </Placemark>
    <Placemark>
      <name>Washoe County</name>
      <description><![CDATA[<b>Name:</b> Washoe County Library - Sparks<br><b>Address:</b> , <br><b>SSID:</b> eduroam<br><b>Enc:</b> WPA2<br><b>AP:</b> -<br>]]></description>
      <Point>
        <coordinates>-119.7589276,39.5440248,0</coordinates>
      </Point>
    </Placemark>
    <Placemark>
      <name>Washoe County</name>
      <description><![CDATA[<b>Name:</b> Washoe County Library - Verdi Library<br><b>Address:</b> , <br><b>SSID:</b> eduroam<br><b>Enc:</b> WPA2<br><b>AP:</b> -<br>]]></description>
      <Point>
        <coordinates>-119.9901367,39.5219417,0</coordinates>
      </Point>
    </Placemark>
    <Placemark>
      <name>Washoe County</name>
      <description><![CDATA[<b>Name:</b> Washoe County Pagels Building<br><b>Address:</b> , <br><b>SSID:</b> eduroam<br><b>Enc:</b> WPA2<br><b>AP:</b> -<br>]]></description>
      <Point>
        <coordinates>-119.6968034,39.5425065,0</coordinates>
      </Point>
    </Placemark>
    <Placemark>
      <name>Washoe County</name>
      <description><![CDATA[<b>Name:</b> Washoe County Public Administrator<br><b>Address:</b> , <br><b>SSID:</b> eduroam<br><b>Enc:</b> WPA2<br><b>AP:</b> -<br>]]></description>
      <Point>
        <coordinates>-119.7523435,39.5107914,0</coordinates>
      </Point>
    </Placemark>
    <Placemark>
      <name>Washoe County</name>
      <description><![CDATA[<b>Name:</b> Washoe County Public Guardian<br><b>Address:</b> , <br><b>SSID:</b> eduroam<br><b>Enc:</b> WPA2<br><b>AP:</b> -<br>]]></description>
      <Point>
        <coordinates>-119.7737291,39.5580869,0</coordinates>
      </Point>
    </Placemark>
    <Placemark>
      <name>Washoe County</name>
      <description><![CDATA[<b>Name:</b> Washoe County Regional Animal Services<br><b>Address:</b> , <br><b>SSID:</b> eduroam<br><b>Enc:</b> WPA2<br><b>AP:</b> -<br>]]></description>
      <Point>
        <coordinates>-119.7563822,39.4937101,0</coordinates>
      </Point>
    </Placemark>
    <Placemark>
      <name>Washoe County</name>
      <description><![CDATA[<b>Name:</b> Washoe County Regional Emergency Operations Center<br><b>Address:</b> , <br><b>SSID:</b> eduroam<br><b>Enc:</b> WPA2<br><b>AP:</b> -<br>]]></description>
      <Point>
        <coordinates>-119.8120708,39.5803146,0</coordinates>
      </Point>
    </Placemark>
    <Placemark>
      <name>Washoe County</name>
      <description><![CDATA[<b>Name:</b> Washoe County Regional Public Safety Training Center<br><b>Address:</b> , <br><b>SSID:</b> eduroam<br><b>Enc:</b> WPA2<br><b>AP:</b> -<br>]]></description>
      <Point>
        <coordinates>-119.8113179,39.5808066,0</coordinates>
      </Point>
    </Placemark>
    <Placemark>
      <name>Washoe County</name>
      <description><![CDATA[<b>Name:</b> Washoe County Regional Shooting Facility<br><b>Address:</b> , <br><b>SSID:</b> eduroam<br><b>Enc:</b> WPA2<br><b>AP:</b> -<br>]]></description>
      <Point>
        <coordinates>-119.6660643,39.8598898,0</coordinates>
      </Point>
    </Placemark>
    <Placemark>
      <name>Washoe County</name>
      <description><![CDATA[<b>Name:</b> Washoe County River House<br><b>Address:</b> , <br><b>SSID:</b> eduroam<br><b>Enc:</b> WPA2<br><b>AP:</b> -<br>]]></description>
      <Point>
        <coordinates>-119.7751749,39.5296833,0</coordinates>
      </Point>
    </Placemark>
    <Placemark>
      <name>Washoe County</name>
      <description><![CDATA[<b>Name:</b> Washoe County Roads - Gerlach<br><b>Address:</b> , <br><b>SSID:</b> eduroam<br><b>Enc:</b> WPA2<br><b>AP:</b> -<br>]]></description>
      <Point>
        <coordinates>-119.3605156,40.650549,0</coordinates>
      </Point>
    </Placemark>
    <Placemark>
      <name>Washoe County</name>
      <description><![CDATA[<b>Name:</b> Washoe County Roads - Incline Village<br><b>Address:</b> , <br><b>SSID:</b> eduroam<br><b>Enc:</b> WPA2<br><b>AP:</b> -<br>]]></description>
      <Point>
        <coordinates>-119.971782,39.25226,0</coordinates>
      </Point>
    </Placemark>
    <Placemark>
      <name>Washoe County</name>
      <description><![CDATA[<b>Name:</b> Washoe County Roads - Longley Yard<br><b>Address:</b> , <br><b>SSID:</b> eduroam<br><b>Enc:</b> WPA2<br><b>AP:</b> -<br>]]></description>
      <Point>
        <coordinates>-119.7571033,39.4920369,0</coordinates>
      </Point>
    </Placemark>
    <Placemark>
      <name>Washoe County</name>
      <description><![CDATA[<b>Name:</b> Washoe County Senior Services - Gerlach<br><b>Address:</b> , <br><b>SSID:</b> eduroam<br><b>Enc:</b> WPA2<br><b>AP:</b> -<br>]]></description>
      <Point>
        <coordinates>-119.3557286,40.6525398,0</coordinates>
      </Point>
    </Placemark>
    <Placemark>
      <name>Washoe County</name>
      <description><![CDATA[<b>Name:</b> Washoe County Senior Services - Sparks<br><b>Address:</b> , <br><b>SSID:</b> eduroam<br><b>Enc:</b> WPA2<br><b>AP:</b> -<br>]]></description>
      <Point>
        <coordinates>-119.7437179,39.5501313,0</coordinates>
      </Point>
    </Placemark>
    <Placemark>
      <name>Washoe County</name>
      <description><![CDATA[<b>Name:</b> Washoe County Sheriff - Gerlach Substation<br><b>Address:</b> , <br><b>SSID:</b> eduroam<br><b>Enc:</b> WPA2<br><b>AP:</b> -<br>]]></description>
      <Point>
        <coordinates>-119.3568929,40.6511613,0</coordinates>
      </Point>
    </Placemark>
    <Placemark>
      <name>Washoe County</name>
      <description><![CDATA[<b>Name:</b> Washoe County Sheriff - Incline Substation<br><b>Address:</b> , <br><b>SSID:</b> eduroam<br><b>Enc:</b> WPA2<br><b>AP:</b> -<br>]]></description>
      <Point>
        <coordinates>-119.971782,39.25226,0</coordinates>
      </Point>
    </Placemark>
    <Placemark>
      <name>Washoe County</name>
      <description><![CDATA[<b>Name:</b> Washoe County Sheriff's Office<br><b>Address:</b> , <br><b>SSID:</b> eduroam<br><b>Enc:</b> WPA2<br><b>AP:</b> -<br>]]></description>
      <Point>
        <coordinates>-119.8111143,39.5711833,0</coordinates>
      </Point>
    </Placemark>
    <Placemark>
      <name>Washoe County</name>
      <description><![CDATA[<b>Name:</b> Washoe County Sparks Justice Court<br><b>Address:</b> , <br><b>SSID:</b> eduroam<br><b>Enc:</b> WPA2<br><b>AP:</b> -<br>]]></description>
      <Point>
        <coordinates>-119.7122653,39.5413053,0</coordinates>
      </Point>
    </Placemark>
    <Placemark>
      <name>Washoe County</name>
      <description><![CDATA[<b>Name:</b> Washoe County Sun Valley Neighborhood Center<br><b>Address:</b> , <br><b>SSID:</b> eduroam<br><b>Enc:</b> WPA2<br><b>AP:</b> -<br>]]></description>
      <Point>
        <coordinates>-119.7812827,39.5966947,0</coordinates>
      </Point>
    </Placemark>
    <Placemark>
      <name>Washoe County</name>
      <description><![CDATA[<b>Name:</b> Washoe County Technology Services<br><b>Address:</b> , <br><b>SSID:</b> eduroam<br><b>Enc:</b> WPA2<br><b>AP:</b> -<br>]]></description>
      <Point>
        <coordinates>-119.7530403,39.5106966,0</coordinates>
      </Point>
    </Placemark>
    <Placemark>
      <name>Washoe County</name>
      <description><![CDATA[<b>Name:</b> Washoe County Truckee Meadows Fire - Admin<br><b>Address:</b> , <br><b>SSID:</b> eduroam<br><b>Enc:</b> WPA2<br><b>AP:</b> -<br>]]></description>
      <Point>
        <coordinates>-119.7640991,39.471245,0</coordinates>
      </Point>
    </Placemark>
    <Placemark>
      <name>Washoe County</name>
      <description><![CDATA[<b>Name:</b> Washoe County Truckee Meadows Fire - Lemmon Valley Volunteer Fire Department<br><b>Address:</b> , <br><b>SSID:</b> eduroam<br><b>Enc:</b> WPA2<br><b>AP:</b> -<br>]]></description>
      <Point>
        <coordinates>-119.8263732,39.6645697,0</coordinates>
      </Point>
    </Placemark>
    <Placemark>
      <name>Washoe County</name>
      <description><![CDATA[<b>Name:</b> Washoe County Truckee Meadows Fire - Red Rock Volunteer Fire Department<br><b>Address:</b> , <br><b>SSID:</b> eduroam<br><b>Enc:</b> WPA2<br><b>AP:</b> -<br>]]></description>
      <Point>
        <coordinates>-119.9229523,39.6718461,0</coordinates>
      </Point>
    </Placemark>
    <Placemark>
      <name>Washoe County</name>
      <description><![CDATA[<b>Name:</b> Washoe County Truckee Meadows Fire - Verdi Volunteer Fire Department<br><b>Address:</b> , <br><b>SSID:</b> eduroam<br><b>Enc:</b> WPA2<br><b>AP:</b> -<br>]]></description>
      <Point>
        <coordinates>-119.9902037,39.5191777,0</coordinates>
      </Point>
    </Placemark>
    <Placemark>
      <name>Washoe County</name>
      <description><![CDATA[<b>Name:</b> Washoe County Truckee Meadows Fire Station 32 - East Washoe Valley<br><b>Address:</b> , <br><b>SSID:</b> eduroam<br><b>Enc:</b> WPA2<br><b>AP:</b> -<br>]]></description>
      <Point>
        <coordinates>-119.7898854,39.3156599,0</coordinates>
      </Point>
    </Placemark>
    <Placemark>
      <name>Washoe County</name>
      <description><![CDATA[<b>Name:</b> Washoe County Truckee Meadows Fire Station 33 - Foothill<br><b>Address:</b> , <br><b>SSID:</b> eduroam<br><b>Enc:</b> WPA2<br><b>AP:</b> -<br>]]></description>
      <Point>
        <coordinates>-119.7724423,39.4357144,0</coordinates>
      </Point>
    </Placemark>
    <Placemark>
      <name>Washoe County</name>
      <description><![CDATA[<b>Name:</b> Washoe County Truckee Meadows Fire Station 35 - Patrick<br><b>Address:</b> , <br><b>SSID:</b> eduroam<br><b>Enc:</b> WPA2<br><b>AP:</b> -<br>]]></description>
      <Point>
        <coordinates>-119.7526886,39.5349112,0</coordinates>
      </Point>
    </Placemark>
    <Placemark>
      <name>Washoe County</name>
      <description><![CDATA[<b>Name:</b> Washoe County Truckee Meadows Fire Station 36 - Arrowcreek<br><b>Address:</b> , <br><b>SSID:</b> eduroam<br><b>Enc:</b> WPA2<br><b>AP:</b> -<br>]]></description>
      <Point>
        <coordinates>-119.7901293,39.4047899,0</coordinates>
      </Point>
    </Placemark>
    <Placemark>
      <name>Washoe County</name>
      <description><![CDATA[<b>Name:</b> Washoe County Truckee Meadows Fire Station 37 - Hidden Valley<br><b>Address:</b> , <br><b>SSID:</b> eduroam<br><b>Enc:</b> WPA2<br><b>AP:</b> -<br>]]></description>
      <Point>
        <coordinates>-119.7250705,39.4944056,0</coordinates>
      </Point>
    </Placemark>
    <Placemark>
      <name>Washoe County</name>
      <description><![CDATA[<b>Name:</b> Washoe County Truckee Meadows Fire Station 39 - Galena Forest<br><b>Address:</b> , <br><b>SSID:</b> eduroam<br><b>Enc:</b> WPA2<br><b>AP:</b> -<br>]]></description>
      <Point>
        <coordinates>-119.8266487,39.34565,0</coordinates>
      </Point>
    </Placemark>
    <Placemark>
      <name>Washoe County</name>
      <description><![CDATA[<b>Name:</b> Washoe County Truckee Meadows Fire Station 40 - Verdi/Mogul<br><b>Address:</b> , <br><b>SSID:</b> eduroam<br><b>Enc:</b> WPA2<br><b>AP:</b> -<br>]]></description>
      <Point>
        <coordinates>-119.9141115,39.5152824,0</coordinates>
      </Point>
    </Placemark>
    <Placemark>
      <name>Washoe County</name>
      <description><![CDATA[<b>Name:</b> Washoe County Truckee Meadows Fire Station 42 - Cold Springs<br><b>Address:</b> , <br><b>SSID:</b> eduroam<br><b>Enc:</b> WPA2<br><b>AP:</b> -<br>]]></description>
      <Point>
        <coordinates>-119.9802793,39.6778855,0</coordinates>
      </Point>
    </Placemark>
    <Placemark>
      <name>Washoe County</name>
      <description><![CDATA[<b>Name:</b> Washoe County Truckee Meadows Fire Station 44 - Stead<br><b>Address:</b> , <br><b>SSID:</b> eduroam<br><b>Enc:</b> WPA2<br><b>AP:</b> -<br>]]></description>
      <Point>
        <coordinates>-119.883726,39.625487,0</coordinates>
      </Point>
    </Placemark>
    <Placemark>
      <name>Washoe County</name>
      <description><![CDATA[<b>Name:</b> Washoe County Truckee Meadows Fire Station 44 - Sun Valley<br><b>Address:</b> , <br><b>SSID:</b> eduroam<br><b>Enc:</b> WPA2<br><b>AP:</b> -<br>]]></description>
      <Point>
        <coordinates>-119.7812359,39.6050913,0</coordinates>
      </Point>
    </Placemark>
    <Placemark>
      <name>Washoe County</name>
      <description><![CDATA[<b>Name:</b> Washoe County Truckee Meadows Fire Station 46 - Spanish Springs<br><b>Address:</b> , <br><b>SSID:</b> eduroam<br><b>Enc:</b> WPA2<br><b>AP:</b> -<br>]]></description>
      <Point>
        <coordinates>-119.708985,39.6370007,0</coordinates>
      </Point>
    </Placemark>
    <Placemark>
      <name>Washoe County</name>
      <description><![CDATA[<b>Name:</b> Washoe County Truckee River Flood Management Authority<br><b>Address:</b> , <br><b>SSID:</b> eduroam<br><b>Enc:</b> WPA2<br><b>AP:</b> -<br>]]></description>
      <Point>
        <coordinates>-119.7628981,39.4433466,0</coordinates>
      </Point>
    </Placemark>
    <Placemark>
      <name>Washoe County</name>
      <description><![CDATA[<b>Name:</b> Washoe County Vector Control<br><b>Address:</b> , <br><b>SSID:</b> eduroam<br><b>Enc:</b> WPA2<br><b>AP:</b> -<br>]]></description>
      <Point>
        <coordinates>-119.8166467,39.5901537,0</coordinates>
      </Point>
    </Placemark>
    <Placemark>
      <name>Washoe County</name>
      <description><![CDATA[<b>Name:</b> Washoe County Wadsworth Justice Court<br><b>Address:</b> , <br><b>SSID:</b> eduroam<br><b>Enc:</b> WPA2<br><b>AP:</b> -<br>]]></description>
      <Point>
        <coordinates>-119.2556367,39.6079352,0</coordinates>
      </Point>
    </Placemark>
    <Placemark>
      <name>Washoe County School District</name>
      <description><![CDATA[<b>Name:</b> Academy of Arts, Careers &amp; Technology (AACT) High School<br><b>Address:</b> , <br><b>SSID:</b> eduroam<br><b>Enc:</b> WPA2<br><b>AP:</b> -<br>]]></description>
      <Point>
        <coordinates>-119.754503,39.506829,0</coordinates>
      </Point>
    </Placemark>
    <Placemark>
      <name>Washoe County School District</name>
      <description><![CDATA[<b>Name:</b> Alice Smith Elementary School<br><b>Address:</b> , <br><b>SSID:</b> eduroam<br><b>Enc:</b> WPA2<br><b>AP:</b> -<br>]]></description>
      <Point>
        <coordinates>-119.8375692,39.6062843,0</coordinates>
      </Point>
    </Placemark>
    <Placemark>
      <name>Washoe County School District</name>
      <description><![CDATA[<b>Name:</b> Anderson Elementary School<br><b>Address:</b> , <br><b>SSID:</b> eduroam<br><b>Enc:</b> WPA2<br><b>AP:</b> -<br>]]></description>
      <Point>
        <coordinates>-119.8096414,39.4943429,0</coordinates>
      </Point>
    </Placemark>
    <Placemark>
      <name>Washoe County School District</name>
      <description><![CDATA[<b>Name:</b> Bernice Mathews Elementary<br><b>Address:</b> , <br><b>SSID:</b> eduroam<br><b>Enc:</b> WPA2<br><b>AP:</b> -<br>]]></description>
      <Point>
        <coordinates>-119.7790639,39.5416763,0</coordinates>
      </Point>
    </Placemark>
    <Placemark>
      <name>Washoe County School District</name>
      <description><![CDATA[<b>Name:</b> Billinghurst Middle School<br><b>Address:</b> , <br><b>SSID:</b> eduroam<br><b>Enc:</b> WPA2<br><b>AP:</b> -<br>]]></description>
      <Point>
        <coordinates>-119.8943172,39.5219521,0</coordinates>
      </Point>
    </Placemark>
    <Placemark>
      <name>Washoe County School District</name>
      <description><![CDATA[<b>Name:</b> Bohach Elementary School<br><b>Address:</b> , <br><b>SSID:</b> eduroam<br><b>Enc:</b> WPA2<br><b>AP:</b> -<br>]]></description>
      <Point>
        <coordinates>-119.7244186,39.6101712,0</coordinates>
      </Point>
    </Placemark>
    <Placemark>
      <name>Washoe County School District</name>
      <description><![CDATA[<b>Name:</b> Brown Center<br><b>Address:</b> , <br><b>SSID:</b> eduroam<br><b>Enc:</b> WPA2<br><b>AP:</b> -<br>]]></description>
      <Point>
        <coordinates>-119.7483116,39.4075317,0</coordinates>
      </Point>
    </Placemark>
    <Placemark>
      <name>Washoe County School District</name>
      <description><![CDATA[<b>Name:</b> Brown Elementary School<br><b>Address:</b> , <br><b>SSID:</b> eduroam<br><b>Enc:</b> WPA2<br><b>AP:</b> -<br>]]></description>
      <Point>
        <coordinates>-119.7263134,39.4028451,0</coordinates>
      </Point>
    </Placemark>
    <Placemark>
      <name>Washoe County School District</name>
      <description><![CDATA[<b>Name:</b> Bud Beasley Elementary School<br><b>Address:</b> , <br><b>SSID:</b> eduroam<br><b>Enc:</b> WPA2<br><b>AP:</b> -<br>]]></description>
      <Point>
        <coordinates>-119.707142,39.5807628,0</coordinates>
      </Point>
    </Placemark>
    <Placemark>
      <name>Washoe County School District</name>
      <description><![CDATA[<b>Name:</b> Cannan Elementary School<br><b>Address:</b> , <br><b>SSID:</b> eduroam<br><b>Enc:</b> WPA2<br><b>AP:</b> -<br>]]></description>
      <Point>
        <coordinates>-119.784787,39.5496805,0</coordinates>
      </Point>
    </Placemark>
    <Placemark>
      <name>Washoe County School District</name>
      <description><![CDATA[<b>Name:</b> Caughlin Ranch Elementary School<br><b>Address:</b> , <br><b>SSID:</b> eduroam<br><b>Enc:</b> WPA2<br><b>AP:</b> -<br>]]></description>
      <Point>
        <coordinates>-119.8578235,39.4821497,0</coordinates>
      </Point>
    </Placemark>
    <Placemark>
      <name>Washoe County School District</name>
      <description><![CDATA[<b>Name:</b> Clayton Middle School<br><b>Address:</b> , <br><b>SSID:</b> eduroam<br><b>Enc:</b> WPA2<br><b>AP:</b> -<br>]]></description>
      <Point>
        <coordinates>-119.8479677,39.5364459,0</coordinates>
      </Point>
    </Placemark>
    <Placemark>
      <name>Washoe County School District</name>
      <description><![CDATA[<b>Name:</b> Cold Springs Middle School<br><b>Address:</b> , <br><b>SSID:</b> eduroam<br><b>Enc:</b> WPA2<br><b>AP:</b> -<br>]]></description>
      <Point>
        <coordinates>-119.9629484,39.6911849,0</coordinates>
      </Point>
    </Placemark>
    <Placemark>
      <name>Washoe County School District</name>
      <description><![CDATA[<b>Name:</b> Corbett Elementary School<br><b>Address:</b> , <br><b>SSID:</b> eduroam<br><b>Enc:</b> WPA2<br><b>AP:</b> -<br>]]></description>
      <Point>
        <coordinates>-119.7847862,39.5096094,0</coordinates>
      </Point>
    </Placemark>
    <Placemark>
      <name>Washoe County School District</name>
      <description><![CDATA[<b>Name:</b> Damonte Ranch High School<br><b>Address:</b> , <br><b>SSID:</b> eduroam<br><b>Enc:</b> WPA2<br><b>AP:</b> -<br>]]></description>
      <Point>
        <coordinates>-119.7130431,39.4240658,0</coordinates>
      </Point>
    </Placemark>
    <Placemark>
      <name>Washoe County School District</name>
      <description><![CDATA[<b>Name:</b> Debbie Smith CTE Academy High School<br><b>Address:</b> , <br><b>SSID:</b> eduroam<br><b>Enc:</b> WPA2<br><b>AP:</b> -<br>]]></description>
      <Point>
        <coordinates>-119.7969186,39.5536625,0</coordinates>
      </Point>
    </Placemark>
    <Placemark>
      <name>Washoe County School District</name>
      <description><![CDATA[<b>Name:</b> Depaoli Middle School<br><b>Address:</b> , <br><b>SSID:</b> eduroam<br><b>Enc:</b> WPA2<br><b>AP:</b> -<br>]]></description>
      <Point>
        <coordinates>-119.7347221,39.4481488,0</coordinates>
      </Point>
    </Placemark>
    <Placemark>
      <name>Washoe County School District</name>
      <description><![CDATA[<b>Name:</b> Desert Heights Elementary School<br><b>Address:</b> , <br><b>SSID:</b> eduroam<br><b>Enc:</b> WPA2<br><b>AP:</b> -<br>]]></description>
      <Point>
        <coordinates>-119.8826514,39.6536346,0</coordinates>
      </Point>
    </Placemark>
    <Placemark>
      <name>Washoe County School District</name>
      <description><![CDATA[<b>Name:</b> Desert Skies Middle School<br><b>Address:</b> , <br><b>SSID:</b> eduroam<br><b>Enc:</b> WPA2<br><b>AP:</b> -<br>]]></description>
      <Point>
        <coordinates>-119.7647027,39.6226046,0</coordinates>
      </Point>
    </Placemark>
    <Placemark>
      <name>Washoe County School District</name>
      <description><![CDATA[<b>Name:</b> Diedrichsen Elementary School<br><b>Address:</b> , <br><b>SSID:</b> eduroam<br><b>Enc:</b> WPA2<br><b>AP:</b> -<br>]]></description>
      <Point>
        <coordinates>-119.7114395,39.5517621,0</coordinates>
      </Point>
    </Placemark>
    <Placemark>
      <name>Washoe County School District</name>
      <description><![CDATA[<b>Name:</b> Dilworth Middle School<br><b>Address:</b> , <br><b>SSID:</b> eduroam<br><b>Enc:</b> WPA2<br><b>AP:</b> -<br>]]></description>
      <Point>
        <coordinates>-119.7458614,39.54057,0</coordinates>
      </Point>
    </Placemark>
    <Placemark>
      <name>Washoe County School District</name>
      <description><![CDATA[<b>Name:</b> District Administration Office<br><b>Address:</b> , <br><b>SSID:</b> eduroam<br><b>Enc:</b> WPA2<br><b>AP:</b> -<br>]]></description>
      <Point>
        <coordinates>-119.8099809,39.5377951,0</coordinates>
      </Point>
    </Placemark>
    <Placemark>
      <name>Washoe County School District</name>
      <description><![CDATA[<b>Name:</b> Dodson Elementary School<br><b>Address:</b> , <br><b>SSID:</b> eduroam<br><b>Enc:</b> WPA2<br><b>AP:</b> -<br>]]></description>
      <Point>
        <coordinates>-119.7506624,39.4901203,0</coordinates>
      </Point>
    </Placemark>
    <Placemark>
      <name>Washoe County School District</name>
      <description><![CDATA[<b>Name:</b> Donner Springs Elementary School<br><b>Address:</b> , <br><b>SSID:</b> eduroam<br><b>Enc:</b> WPA2<br><b>AP:</b> -<br>]]></description>
      <Point>
        <coordinates>-119.7443397,39.4762198,0</coordinates>
      </Point>
    </Placemark>
    <Placemark>
      <name>Washoe County School District</name>
      <description><![CDATA[<b>Name:</b> Dorothy Lemelson S.T.E.M. Academy Elementary School<br><b>Address:</b> , <br><b>SSID:</b> eduroam<br><b>Enc:</b> WPA2<br><b>AP:</b> -<br>]]></description>
      <Point>
        <coordinates>-119.8091568,39.5462765,0</coordinates>
      </Point>
    </Placemark>
    <Placemark>
      <name>Washoe County School District</name>
      <description><![CDATA[<b>Name:</b> Double Diamond Elementary School<br><b>Address:</b> , <br><b>SSID:</b> eduroam<br><b>Enc:</b> WPA2<br><b>AP:</b> -<br>]]></description>
      <Point>
        <coordinates>-119.7468684,39.44141,0</coordinates>
      </Point>
    </Placemark>
    <Placemark>
      <name>Washoe County School District</name>
      <description><![CDATA[<b>Name:</b> Drake Elementary School<br><b>Address:</b> , <br><b>SSID:</b> eduroam<br><b>Enc:</b> WPA2<br><b>AP:</b> -<br>]]></description>
      <Point>
        <coordinates>-119.7490735,39.5556523,0</coordinates>
      </Point>
    </Placemark>
    <Placemark>
      <name>Washoe County School District</name>
      <description><![CDATA[<b>Name:</b> Echo Loder Elementary School<br><b>Address:</b> , <br><b>SSID:</b> eduroam<br><b>Enc:</b> WPA2<br><b>AP:</b> -<br>]]></description>
      <Point>
        <coordinates>-119.7928682,39.5033053,0</coordinates>
      </Point>
    </Placemark>
    <Placemark>
      <name>Washoe County School District</name>
      <description><![CDATA[<b>Name:</b> Elmcrest Elementary School<br><b>Address:</b> , <br><b>SSID:</b> eduroam<br><b>Enc:</b> WPA2<br><b>AP:</b> -<br>]]></description>
      <Point>
        <coordinates>-119.8419493,39.5331733,0</coordinates>
      </Point>
    </Placemark>
    <Placemark>
      <name>Washoe County School District</name>
      <description><![CDATA[<b>Name:</b> Esther Bennett Elementary School<br><b>Address:</b> , <br><b>SSID:</b> eduroam<br><b>Enc:</b> WPA2<br><b>AP:</b> -<br>]]></description>
      <Point>
        <coordinates>-119.7825985,39.6076535,0</coordinates>
      </Point>
    </Placemark>
    <Placemark>
      <name>Washoe County School District</name>
      <description><![CDATA[<b>Name:</b> Galena High School<br><b>Address:</b> , <br><b>SSID:</b> eduroam<br><b>Enc:</b> WPA2<br><b>AP:</b> -<br>]]></description>
      <Point>
        <coordinates>-119.7722021,39.3894311,0</coordinates>
      </Point>
    </Placemark>
    <Placemark>
      <name>Washoe County School District</name>
      <description><![CDATA[<b>Name:</b> Getto Central Transportation<br><b>Address:</b> , <br><b>SSID:</b> eduroam<br><b>Enc:</b> WPA2<br><b>AP:</b> -<br>]]></description>
      <Point>
        <coordinates>-119.7085865,39.5254795,0</coordinates>
      </Point>
    </Placemark>
    <Placemark>
      <name>Washoe County School District</name>
      <description><![CDATA[<b>Name:</b> Glenn Duncan Elementary School<br><b>Address:</b> , <br><b>SSID:</b> eduroam<br><b>Enc:</b> WPA2<br><b>AP:</b> -<br>]]></description>
      <Point>
        <coordinates>-119.7946449,39.5413825,0</coordinates>
      </Point>
    </Placemark>
    <Placemark>
      <name>Washoe County School District</name>
      <description><![CDATA[<b>Name:</b> Glenn Hare Center<br><b>Address:</b> , <br><b>SSID:</b> eduroam<br><b>Enc:</b> WPA2<br><b>AP:</b> -<br>]]></description>
      <Point>
        <coordinates>-119.8347782,39.5166886,0</coordinates>
      </Point>
    </Placemark>
    <Placemark>
      <name>Washoe County School District</name>
      <description><![CDATA[<b>Name:</b> Greenbrae Elementary School<br><b>Address:</b> , <br><b>SSID:</b> eduroam<br><b>Enc:</b> WPA2<br><b>AP:</b> -<br>]]></description>
      <Point>
        <coordinates>-119.7478187,39.5489238,0</coordinates>
      </Point>
    </Placemark>
    <Placemark>
      <name>Washoe County School District</name>
      <description><![CDATA[<b>Name:</b> Herz Middle School<br><b>Address:</b> , <br><b>SSID:</b> eduroam<br><b>Enc:</b> WPA2<br><b>AP:</b> -<br>]]></description>
      <Point>
        <coordinates>-119.7933997,39.4060618,0</coordinates>
      </Point>
    </Placemark>
    <Placemark>
      <name>Washoe County School District</name>
      <description><![CDATA[<b>Name:</b> Hidden Valley Elementary School<br><b>Address:</b> , <br><b>SSID:</b> eduroam<br><b>Enc:</b> WPA2<br><b>AP:</b> -<br>]]></description>
      <Point>
        <coordinates>-119.7167333,39.5000045,0</coordinates>
      </Point>
    </Placemark>
    <Placemark>
      <name>Washoe County School District</name>
      <description><![CDATA[<b>Name:</b> Huffaker Elementary School<br><b>Address:</b> , <br><b>SSID:</b> eduroam<br><b>Enc:</b> WPA2<br><b>AP:</b> -<br>]]></description>
      <Point>
        <coordinates>-119.8046047,39.470079,0</coordinates>
      </Point>
    </Placemark>
    <Placemark>
      <name>Washoe County School District</name>
      <description><![CDATA[<b>Name:</b> Huffaker Maintenance Center<br><b>Address:</b> , <br><b>SSID:</b> eduroam<br><b>Enc:</b> WPA2<br><b>AP:</b> -<br>]]></description>
      <Point>
        <coordinates>-119.7824979,39.4586918,0</coordinates>
      </Point>
    </Placemark>
    <Placemark>
      <name>Washoe County School District</name>
      <description><![CDATA[<b>Name:</b> Hug High School<br><b>Address:</b> , <br><b>SSID:</b> eduroam<br><b>Enc:</b> WPA2<br><b>AP:</b> -<br>]]></description>
      <Point>
        <coordinates>-119.7716385,39.5627278,0</coordinates>
      </Point>
    </Placemark>
    <Placemark>
      <name>Washoe County School District</name>
      <description><![CDATA[<b>Name:</b> Hunsberger Elementary School<br><b>Address:</b> , <br><b>SSID:</b> eduroam<br><b>Enc:</b> WPA2<br><b>AP:</b> -<br>]]></description>
      <Point>
        <coordinates>-119.7998225,39.4068057,0</coordinates>
      </Point>
    </Placemark>
    <Placemark>
      <name>Washoe County School District</name>
      <description><![CDATA[<b>Name:</b> Hunter Lake Elementary School<br><b>Address:</b> , <br><b>SSID:</b> eduroam<br><b>Enc:</b> WPA2<br><b>AP:</b> -<br>]]></description>
      <Point>
        <coordinates>-119.836329,39.511254,0</coordinates>
      </Point>
    </Placemark>
    <Placemark>
      <name>Washoe County School District</name>
      <description><![CDATA[<b>Name:</b> Incline Elementary School<br><b>Address:</b> , <br><b>SSID:</b> eduroam<br><b>Enc:</b> WPA2<br><b>AP:</b> -<br>]]></description>
      <Point>
        <coordinates>-119.9503083,39.2522108,0</coordinates>
      </Point>
    </Placemark>
    <Placemark>
      <name>Washoe County School District</name>
      <description><![CDATA[<b>Name:</b> Incline High School<br><b>Address:</b> , <br><b>SSID:</b> eduroam<br><b>Enc:</b> WPA2<br><b>AP:</b> -<br>]]></description>
      <Point>
        <coordinates>-119.9528572,39.2547305,0</coordinates>
      </Point>
    </Placemark>
    <Placemark>
      <name>Washoe County School District</name>
      <description><![CDATA[<b>Name:</b> Incline Middle School<br><b>Address:</b> , <br><b>SSID:</b> eduroam<br><b>Enc:</b> WPA2<br><b>AP:</b> -<br>]]></description>
      <Point>
        <coordinates>-119.9468686,39.2468497,0</coordinates>
      </Point>
    </Placemark>
    <Placemark>
      <name>Washoe County School District</name>
      <description><![CDATA[<b>Name:</b> Innovations High School<br><b>Address:</b> , <br><b>SSID:</b> eduroam<br><b>Enc:</b> WPA2<br><b>AP:</b> -<br>]]></description>
      <Point>
        <coordinates>-119.8232228,39.5253032,0</coordinates>
      </Point>
    </Placemark>
    <Placemark>
      <name>Washoe County School District</name>
      <description><![CDATA[<b>Name:</b> Jesse Hall Elementary School<br><b>Address:</b> , <br><b>SSID:</b> eduroam<br><b>Enc:</b> WPA2<br><b>AP:</b> -<br>]]></description>
      <Point>
        <coordinates>-119.7333176,39.6352963,0</coordinates>
      </Point>
    </Placemark>
    <Placemark>
      <name>Washoe County School District</name>
      <description><![CDATA[<b>Name:</b> Jessie Beck Elementary School<br><b>Address:</b> , <br><b>SSID:</b> eduroam<br><b>Enc:</b> WPA2<br><b>AP:</b> -<br>]]></description>
      <Point>
        <coordinates>-119.825716,39.5050669,0</coordinates>
      </Point>
    </Placemark>
    <Placemark>
      <name>Washoe County School District</name>
      <description><![CDATA[<b>Name:</b> JWood Raw Elementary School<br><b>Address:</b> , <br><b>SSID:</b> eduroam<br><b>Enc:</b> WPA2<br><b>AP:</b> -<br>]]></description>
      <Point>
        <coordinates>-119.7259763,39.4200714,0</coordinates>
      </Point>
    </Placemark>
    <Placemark>
      <name>Washoe County School District</name>
      <description><![CDATA[<b>Name:</b> Kate Smith Elementary School<br><b>Address:</b> , <br><b>SSID:</b> eduroam<br><b>Enc:</b> WPA2<br><b>AP:</b> -<br>]]></description>
      <Point>
        <coordinates>-119.7704093,39.5386243,0</coordinates>
      </Point>
    </Placemark>
    <Placemark>
      <name>Washoe County School District</name>
      <description><![CDATA[<b>Name:</b> Katherine Dunn Elementary School<br><b>Address:</b> , <br><b>SSID:</b> eduroam<br><b>Enc:</b> WPA2<br><b>AP:</b> -<br>]]></description>
      <Point>
        <coordinates>-119.7265645,39.5470709,0</coordinates>
      </Point>
    </Placemark>
    <Placemark>
      <name>Washoe County School District</name>
      <description><![CDATA[<b>Name:</b> Lemmon Valley Elementary School<br><b>Address:</b> , <br><b>SSID:</b> eduroam<br><b>Enc:</b> WPA2<br><b>AP:</b> -<br>]]></description>
      <Point>
        <coordinates>-119.8381465,39.6459221,0</coordinates>
      </Point>
    </Placemark>
    <Placemark>
      <name>Washoe County School District</name>
      <description><![CDATA[<b>Name:</b> Lena Juniper Elementary School<br><b>Address:</b> , <br><b>SSID:</b> eduroam<br><b>Enc:</b> WPA2<br><b>AP:</b> -<br>]]></description>
      <Point>
        <coordinates>-119.745737,39.5611927,0</coordinates>
      </Point>
    </Placemark>
    <Placemark>
      <name>Washoe County School District</name>
      <description><![CDATA[<b>Name:</b> Lenz Elementary School<br><b>Address:</b> , <br><b>SSID:</b> eduroam<br><b>Enc:</b> WPA2<br><b>AP:</b> -<br>]]></description>
      <Point>
        <coordinates>-119.7752315,39.427185,0</coordinates>
      </Point>
    </Placemark>
    <Placemark>
      <name>Washoe County School District</name>
      <description><![CDATA[<b>Name:</b> Libby Booth Elementary School<br><b>Address:</b> , <br><b>SSID:</b> eduroam<br><b>Enc:</b> WPA2<br><b>AP:</b> -<br>]]></description>
      <Point>
        <coordinates>-119.7948512,39.5204591,0</coordinates>
      </Point>
    </Placemark>
    <Placemark>
      <name>Washoe County School District</name>
      <description><![CDATA[<b>Name:</b> Lincoln Park Elementary School<br><b>Address:</b> , <br><b>SSID:</b> eduroam<br><b>Enc:</b> WPA2<br><b>AP:</b> -<br>]]></description>
      <Point>
        <coordinates>-119.7452528,39.5386451,0</coordinates>
      </Point>
    </Placemark>
    <Placemark>
      <name>Washoe County School District</name>
      <description><![CDATA[<b>Name:</b> Lois Allen Elementary School<br><b>Address:</b> , <br><b>SSID:</b> eduroam<br><b>Enc:</b> WPA2<br><b>AP:</b> -<br>]]></description>
      <Point>
        <coordinates>-119.7866408,39.5792132,0</coordinates>
      </Point>
    </Placemark>
    <Placemark>
      <name>Washoe County School District</name>
      <description><![CDATA[<b>Name:</b> Marvin Picollo Elementary School<br><b>Address:</b> , <br><b>SSID:</b> eduroam<br><b>Enc:</b> WPA2<br><b>AP:</b> -<br>]]></description>
      <Point>
        <coordinates>-119.774545,39.4319338,0</coordinates>
      </Point>
    </Placemark>
    <Placemark>
      <name>Washoe County School District</name>
      <description><![CDATA[<b>Name:</b> Maxwell Elementary School<br><b>Address:</b> , <br><b>SSID:</b> eduroam<br><b>Enc:</b> WPA2<br><b>AP:</b> -<br>]]></description>
      <Point>
        <coordinates>-119.7610126,39.5519105,0</coordinates>
      </Point>
    </Placemark>
    <Placemark>
      <name>Washoe County School District</name>
      <description><![CDATA[<b>Name:</b> McQueen High School<br><b>Address:</b> , <br><b>SSID:</b> eduroam<br><b>Enc:</b> WPA2<br><b>AP:</b> -<br>]]></description>
      <Point>
        <coordinates>-119.881981,39.5332871,0</coordinates>
      </Point>
    </Placemark>
    <Placemark>
      <name>Washoe County School District</name>
      <description><![CDATA[<b>Name:</b> Melton Elementary School<br><b>Address:</b> , <br><b>SSID:</b> eduroam<br><b>Enc:</b> WPA2<br><b>AP:</b> -<br>]]></description>
      <Point>
        <coordinates>-119.8935603,39.5457374,0</coordinates>
      </Point>
    </Placemark>
    <Placemark>
      <name>Washoe County School District</name>
      <description><![CDATA[<b>Name:</b> Mendive Middle School<br><b>Address:</b> , <br><b>SSID:</b> eduroam<br><b>Enc:</b> WPA2<br><b>AP:</b> -<br>]]></description>
      <Point>
        <coordinates>-119.707621,39.5515271,0</coordinates>
      </Point>
    </Placemark>
    <Placemark>
      <name>Washoe County School District</name>
      <description><![CDATA[<b>Name:</b> Michael Inskeep Elementary School<br><b>Address:</b> , <br><b>SSID:</b> eduroam<br><b>Enc:</b> WPA2<br><b>AP:</b> -<br>]]></description>
      <Point>
        <coordinates>-119.9727097,39.6957569,0</coordinates>
      </Point>
    </Placemark>
    <Placemark>
      <name>Washoe County School District</name>
      <description><![CDATA[<b>Name:</b> Mitchell Elementary School<br><b>Address:</b> , <br><b>SSID:</b> eduroam<br><b>Enc:</b> WPA2<br><b>AP:</b> -<br>]]></description>
      <Point>
        <coordinates>-119.7589188,39.5399782,0</coordinates>
      </Point>
    </Placemark>
    <Placemark>
      <name>Washoe County School District</name>
      <description><![CDATA[<b>Name:</b> Moss Elementary School<br><b>Address:</b> , <br><b>SSID:</b> eduroam<br><b>Enc:</b> WPA2<br><b>AP:</b> -<br>]]></description>
      <Point>
        <coordinates>-119.6973645,39.5506267,0</coordinates>
      </Point>
    </Placemark>
    <Placemark>
      <name>Washoe County School District</name>
      <description><![CDATA[<b>Name:</b> Mount Rose Elementary School<br><b>Address:</b> , <br><b>SSID:</b> eduroam<br><b>Enc:</b> WPA2<br><b>AP:</b> -<br>]]></description>
      <Point>
        <coordinates>-119.8158309,39.5153407,0</coordinates>
      </Point>
    </Placemark>
    <Placemark>
      <name>Washoe County School District</name>
      <description><![CDATA[<b>Name:</b> Nancy Gomes Elementary School<br><b>Address:</b> , <br><b>SSID:</b> eduroam<br><b>Enc:</b> WPA2<br><b>AP:</b> -<br>]]></description>
      <Point>
        <coordinates>-119.9678285,39.6803186,0</coordinates>
      </Point>
    </Placemark>
    <Placemark>
      <name>Washoe County School District</name>
      <description><![CDATA[<b>Name:</b> Natchez Elementary School<br><b>Address:</b> , <br><b>SSID:</b> eduroam<br><b>Enc:</b> WPA2<br><b>AP:</b> -<br>]]></description>
      <Point>
        <coordinates>-119.2896213,39.6367453,0</coordinates>
      </Point>
    </Placemark>
    <Placemark>
      <name>Washoe County School District</name>
      <description><![CDATA[<b>Name:</b> Nevada Registry<br><b>Address:</b> , <br><b>SSID:</b> eduroam<br><b>Enc:</b> WPA2<br><b>AP:</b> -<br>]]></description>
      <Point>
        <coordinates>-119.7611713,39.5138765,0</coordinates>
      </Point>
    </Placemark>
    <Placemark>
      <name>Washoe County School District</name>
      <description><![CDATA[<b>Name:</b> Nick Poulakidas Elementary School<br><b>Address:</b> , <br><b>SSID:</b> eduroam<br><b>Enc:</b> WPA2<br><b>AP:</b> -<br>]]></description>
      <Point>
        <coordinates>-119.721921,39.4465013,0</coordinates>
      </Point>
    </Placemark>
    <Placemark>
      <name>Washoe County School District</name>
      <description><![CDATA[<b>Name:</b> North Transportation<br><b>Address:</b> , <br><b>SSID:</b> eduroam<br><b>Enc:</b> WPA2<br><b>AP:</b> -<br>]]></description>
      <Point>
        <coordinates>-119.8698238,39.6158716,0</coordinates>
      </Point>
    </Placemark>
    <Placemark>
      <name>Washoe County School District</name>
      <description><![CDATA[<b>Name:</b> North Valleys High School<br><b>Address:</b> , <br><b>SSID:</b> eduroam<br><b>Enc:</b> WPA2<br><b>AP:</b> -<br>]]></description>
      <Point>
        <coordinates>-119.8230998,39.6063428,0</coordinates>
      </Point>
    </Placemark>
    <Placemark>
      <name>Washoe County School District</name>
      <description><![CDATA[<b>Name:</b> Nutrition Services Center<br><b>Address:</b> , <br><b>SSID:</b> eduroam<br><b>Enc:</b> WPA2<br><b>AP:</b> -<br>]]></description>
      <Point>
        <coordinates>-119.7395047,39.5181297,0</coordinates>
      </Point>
    </Placemark>
    <Placemark>
      <name>Washoe County School District</name>
      <description><![CDATA[<b>Name:</b> O'Brien Middle School<br><b>Address:</b> , <br><b>SSID:</b> eduroam<br><b>Enc:</b> WPA2<br><b>AP:</b> -<br>]]></description>
      <Point>
        <coordinates>-119.878232,39.624512,0</coordinates>
      </Point>
    </Placemark>
    <Placemark>
      <name>Washoe County School District</name>
      <description><![CDATA[<b>Name:</b> Palmer Elementary School<br><b>Address:</b> , <br><b>SSID:</b> eduroam<br><b>Enc:</b> WPA2<br><b>AP:</b> -<br>]]></description>
      <Point>
        <coordinates>-119.760191,39.6068096,0</coordinates>
      </Point>
    </Placemark>
    <Placemark>
      <name>Washoe County School District</name>
      <description><![CDATA[<b>Name:</b> Peavine Elementary School<br><b>Address:</b> , <br><b>SSID:</b> eduroam<br><b>Enc:</b> WPA2<br><b>AP:</b> -<br>]]></description>
      <Point>
        <coordinates>-119.8335103,39.5406134,0</coordinates>
      </Point>
    </Placemark>
    <Placemark>
      <name>Washoe County School District</name>
      <description><![CDATA[<b>Name:</b> Pine Middle School<br><b>Address:</b> , <br><b>SSID:</b> eduroam<br><b>Enc:</b> WPA2<br><b>AP:</b> -<br>]]></description>
      <Point>
        <coordinates>-119.7800934,39.4800989,0</coordinates>
      </Point>
    </Placemark>
    <Placemark>
      <name>Washoe County School District</name>
      <description><![CDATA[<b>Name:</b> Pleasant Valley Elementary School<br><b>Address:</b> , <br><b>SSID:</b> eduroam<br><b>Enc:</b> WPA2<br><b>AP:</b> -<br>]]></description>
      <Point>
        <coordinates>-119.780976,39.351793,0</coordinates>
      </Point>
    </Placemark>
    <Placemark>
      <name>Washoe County School District</name>
      <description><![CDATA[<b>Name:</b> Reed High School<br><b>Address:</b> , <br><b>SSID:</b> eduroam<br><b>Enc:</b> WPA2<br><b>AP:</b> -<br>]]></description>
      <Point>
        <coordinates>-119.7199973,39.5578047,0</coordinates>
      </Point>
    </Placemark>
    <Placemark>
      <name>Washoe County School District</name>
      <description><![CDATA[<b>Name:</b> Reno High School<br><b>Address:</b> , <br><b>SSID:</b> eduroam<br><b>Enc:</b> WPA2<br><b>AP:</b> -<br>]]></description>
      <Point>
        <coordinates>-119.830562,39.5174233,0</coordinates>
      </Point>
    </Placemark>
    <Placemark>
      <name>Washoe County School District</name>
      <description><![CDATA[<b>Name:</b> Riggins Court<br><b>Address:</b> , <br><b>SSID:</b> eduroam<br><b>Enc:</b> WPA2<br><b>AP:</b> -<br>]]></description>
      <Point>
        <coordinates>-119.7755036,39.4737227,0</coordinates>
      </Point>
    </Placemark>
    <Placemark>
      <name>Washoe County School District</name>
      <description><![CDATA[<b>Name:</b> Risley Elementary School<br><b>Address:</b> , <br><b>SSID:</b> eduroam<br><b>Enc:</b> WPA2<br><b>AP:</b> -<br>]]></description>
      <Point>
        <coordinates>-119.7692607,39.5531868,0</coordinates>
      </Point>
    </Placemark>
    <Placemark>
      <name>Washoe County School District</name>
      <description><![CDATA[<b>Name:</b> Roy Gomm Elementary School<br><b>Address:</b> , <br><b>SSID:</b> eduroam<br><b>Enc:</b> WPA2<br><b>AP:</b> -<br>]]></description>
      <Point>
        <coordinates>-119.8604072,39.5070436,0</coordinates>
      </Point>
    </Placemark>
    <Placemark>
      <name>Washoe County School District</name>
      <description><![CDATA[<b>Name:</b> Sepulveda Elementary School<br><b>Address:</b> , <br><b>SSID:</b> eduroam<br><b>Enc:</b> WPA2<br><b>AP:</b> -<br>]]></description>
      <Point>
        <coordinates>-119.7331713,39.5830597,0</coordinates>
      </Point>
    </Placemark>
    <Placemark>
      <name>Washoe County School District</name>
      <description><![CDATA[<b>Name:</b> Shaw Middle School<br><b>Address:</b> , <br><b>SSID:</b> eduroam<br><b>Enc:</b> WPA2<br><b>AP:</b> -<br>]]></description>
      <Point>
        <coordinates>-119.7221484,39.6476474,0</coordinates>
      </Point>
    </Placemark>
    <Placemark>
      <name>Washoe County School District</name>
      <description><![CDATA[<b>Name:</b> Silver Lake Elementary School<br><b>Address:</b> , <br><b>SSID:</b> eduroam<br><b>Enc:</b> WPA2<br><b>AP:</b> -<br>]]></description>
      <Point>
        <coordinates>-119.9018755,39.6329609,0</coordinates>
      </Point>
    </Placemark>
    <Placemark>
      <name>Washoe County School District</name>
      <description><![CDATA[<b>Name:</b> Sky Ranch Middle School<br><b>Address:</b> , <br><b>SSID:</b> eduroam<br><b>Enc:</b> WPA2<br><b>AP:</b> -<br>]]></description>
      <Point>
        <coordinates>-119.7225423,39.610135,0</coordinates>
      </Point>
    </Placemark>
    <Placemark>
      <name>Washoe County School District</name>
      <description><![CDATA[<b>Name:</b> Smithridge Elementary School<br><b>Address:</b> , <br><b>SSID:</b> eduroam<br><b>Enc:</b> WPA2<br><b>AP:</b> -<br>]]></description>
      <Point>
        <coordinates>-119.7822542,39.4799982,0</coordinates>
      </Point>
    </Placemark>
    <Placemark>
      <name>Washoe County School District</name>
      <description><![CDATA[<b>Name:</b> South Transportation<br><b>Address:</b> , <br><b>SSID:</b> eduroam<br><b>Enc:</b> WPA2<br><b>AP:</b> -<br>]]></description>
      <Point>
        <coordinates>-119.7387639,39.3989512,0</coordinates>
      </Point>
    </Placemark>
    <Placemark>
      <name>Washoe County School District</name>
      <description><![CDATA[<b>Name:</b> Spanish Springs Elementary School<br><b>Address:</b> , <br><b>SSID:</b> eduroam<br><b>Enc:</b> WPA2<br><b>AP:</b> -<br>]]></description>
      <Point>
        <coordinates>-119.6931552,39.644278,0</coordinates>
      </Point>
    </Placemark>
    <Placemark>
      <name>Washoe County School District</name>
      <description><![CDATA[<b>Name:</b> Spanish Springs High School<br><b>Address:</b> , <br><b>SSID:</b> eduroam<br><b>Enc:</b> WPA2<br><b>AP:</b> -<br>]]></description>
      <Point>
        <coordinates>-119.7297161,39.6494051,0</coordinates>
      </Point>
    </Placemark>
    <Placemark>
      <name>Washoe County School District</name>
      <description><![CDATA[<b>Name:</b> Sparks High School<br><b>Address:</b> , <br><b>SSID:</b> eduroam<br><b>Enc:</b> WPA2<br><b>AP:</b> -<br>]]></description>
      <Point>
        <coordinates>-119.7610618,39.5422107,0</coordinates>
      </Point>
    </Placemark>
    <Placemark>
      <name>Washoe County School District</name>
      <description><![CDATA[<b>Name:</b> Sparks Middle School<br><b>Address:</b> , <br><b>SSID:</b> eduroam<br><b>Enc:</b> WPA2<br><b>AP:</b> -<br>]]></description>
      <Point>
        <coordinates>-119.7685521,39.5518847,0</coordinates>
      </Point>
    </Placemark>
    <Placemark>
      <name>Washoe County School District</name>
      <description><![CDATA[<b>Name:</b> Stead Elementary School<br><b>Address:</b> , <br><b>SSID:</b> eduroam<br><b>Enc:</b> WPA2<br><b>AP:</b> -<br>]]></description>
      <Point>
        <coordinates>-119.8811587,39.6240482,0</coordinates>
      </Point>
    </Placemark>
    <Placemark>
      <name>Washoe County School District</name>
      <description><![CDATA[<b>Name:</b> Sun Valley Elementary School<br><b>Address:</b> , <br><b>SSID:</b> eduroam<br><b>Enc:</b> WPA2<br><b>AP:</b> -<br>]]></description>
      <Point>
        <coordinates>-119.7751349,39.5915876,0</coordinates>
      </Point>
    </Placemark>
    <Placemark>
      <name>Washoe County School District</name>
      <description><![CDATA[<b>Name:</b> Swope Middle School<br><b>Address:</b> , <br><b>SSID:</b> eduroam<br><b>Enc:</b> WPA2<br><b>AP:</b> -<br>]]></description>
      <Point>
        <coordinates>-119.8473361,39.5099323,0</coordinates>
      </Point>
    </Placemark>
    <Placemark>
      <name>Washoe County School District</name>
      <description><![CDATA[<b>Name:</b> Taylor Elementary School<br><b>Address:</b> , <br><b>SSID:</b> eduroam<br><b>Enc:</b> WPA2<br><b>AP:</b> -<br>]]></description>
      <Point>
        <coordinates>-119.7103906,39.6529756,0</coordinates>
      </Point>
    </Placemark>
    <Placemark>
      <name>Washoe County School District</name>
      <description><![CDATA[<b>Name:</b> Towles Elementary School<br><b>Address:</b> , <br><b>SSID:</b> eduroam<br><b>Enc:</b> WPA2<br><b>AP:</b> -<br>]]></description>
      <Point>
        <coordinates>-119.8505262,39.5377065,0</coordinates>
      </Point>
    </Placemark>
    <Placemark>
      <name>Washoe County School District</name>
      <description><![CDATA[<b>Name:</b> Traner Middle School<br><b>Address:</b> , <br><b>SSID:</b> eduroam<br><b>Enc:</b> WPA2<br><b>AP:</b> -<br>]]></description>
      <Point>
        <coordinates>-119.792311,39.5411627,0</coordinates>
      </Point>
    </Placemark>
    <Placemark>
      <name>Washoe County School District</name>
      <description><![CDATA[<b>Name:</b> Van Gorder Elementary School<br><b>Address:</b> , <br><b>SSID:</b> eduroam<br><b>Enc:</b> WPA2<br><b>AP:</b> -<br>]]></description>
      <Point>
        <coordinates>-119.6821977,39.6251059,0</coordinates>
      </Point>
    </Placemark>
    <Placemark>
      <name>Washoe County School District</name>
      <description><![CDATA[<b>Name:</b> Vaughn Middle School<br><b>Address:</b> , <br><b>SSID:</b> eduroam<br><b>Enc:</b> WPA2<br><b>AP:</b> -<br>]]></description>
      <Point>
        <coordinates>-119.792964,39.5143464,0</coordinates>
      </Point>
    </Placemark>
    <Placemark>
      <name>Washoe County School District</name>
      <description><![CDATA[<b>Name:</b> Verdi Elementary School<br><b>Address:</b> , <br><b>SSID:</b> eduroam<br><b>Enc:</b> WPA2<br><b>AP:</b> -<br>]]></description>
      <Point>
        <coordinates>-119.9897291,39.5209392,0</coordinates>
      </Point>
    </Placemark>
    <Placemark>
      <name>Washoe County School District</name>
      <description><![CDATA[<b>Name:</b> Veterans Memorial Elementary School<br><b>Address:</b> , <br><b>SSID:</b> eduroam<br><b>Enc:</b> WPA2<br><b>AP:</b> -<br>]]></description>
      <Point>
        <coordinates>-119.7989877,39.5135962,0</coordinates>
      </Point>
    </Placemark>
    <Placemark>
      <name>Washoe County School District</name>
      <description><![CDATA[<b>Name:</b> Warner Elementary School<br><b>Address:</b> , <br><b>SSID:</b> eduroam<br><b>Enc:</b> WPA2<br><b>AP:</b> -<br>]]></description>
      <Point>
        <coordinates>-119.8553429,39.5287951,0</coordinates>
      </Point>
    </Placemark>
    <Placemark>
      <name>Washoe County School District</name>
      <description><![CDATA[<b>Name:</b> Washoe Inspire High School<br><b>Address:</b> , <br><b>SSID:</b> eduroam<br><b>Enc:</b> WPA2<br><b>AP:</b> -<br>]]></description>
      <Point>
        <coordinates>-119.7502749,39.5118033,0</coordinates>
      </Point>
    </Placemark>
    <Placemark>
      <name>Washoe County School District</name>
      <description><![CDATA[<b>Name:</b> Westergard Elementary School<br><b>Address:</b> , <br><b>SSID:</b> eduroam<br><b>Enc:</b> WPA2<br><b>AP:</b> -<br>]]></description>
      <Point>
        <coordinates>-119.8932485,39.5266481,0</coordinates>
      </Point>
    </Placemark>
    <Placemark>
      <name>Washoe County School District</name>
      <description><![CDATA[<b>Name:</b> Whitehead Elementary School<br><b>Address:</b> , <br><b>SSID:</b> eduroam<br><b>Enc:</b> WPA2<br><b>AP:</b> -<br>]]></description>
      <Point>
        <coordinates>-119.7108902,39.5644886,0</coordinates>
      </Point>
    </Placemark>
    <Placemark>
      <name>Washoe County School District</name>
      <description><![CDATA[<b>Name:</b> Winnemucca Elementary School<br><b>Address:</b> , <br><b>SSID:</b> eduroam<br><b>Enc:</b> WPA2<br><b>AP:</b> -<br>]]></description>
      <Point>
        <coordinates>-119.880127,39.5234984,0</coordinates>
      </Point>
    </Placemark>
    <Placemark>
      <name>Washoe County School District</name>
      <description><![CDATA[<b>Name:</b> Wooster High School<br><b>Address:</b> , <br><b>SSID:</b> eduroam<br><b>Enc:</b> WPA2<br><b>AP:</b> -<br>]]></description>
      <Point>
        <coordinates>-119.7838583,39.5075616,0</coordinates>
      </Point>
    </Placemark>
    <Placemark>
      <name>Western Nevada College</name>
      <description><![CDATA[<b>Name:</b> Carson City Campus<br><b>Address:</b> , <br><b>SSID:</b> eduroam<br><b>Enc:</b> WPA2+WPA<br><b>AP:</b> -<br>]]></description>
      <Point>
        <coordinates>-119.791009,39.1860227,0</coordinates>
      </Point>
    </Placemark>
  </Document>
</kml>
