<?xml version="1.0" encoding="UTF-8"?>
<kml xmlns="http://www.opengis.net/kml/2.2">
  <Document>
    <name>eduroam — Nebraska</name>
    <description><![CDATA[362 eduroam service locations in Nebraska.<br><br>Published by <a href="https://scs.nevada.edu/eduroam">NSHE System Computing Services</a>. Learn more about eduroam Support Organizations from <a href="https://incommon.org/eduroam">Internet2</a>, the eduroam National Roaming Operator for the United States.<br>Service location data comes from the eduroam location database published by GÉANT (<a href="https://monitor.eduroam.org/kml/us.kml">monitor.eduroam.org</a>). These maps are derived from it and are not an official GÉANT or eduroam publication.<br>eduroam is a registered trademark of GÉANT Vereniging.<br>Region boundaries are derived from US Census Bureau cartographic boundary files, which as works of the US federal government are in the public domain.<br>Maps generated by eduroam-us-regional-maps, which is BSD 3-Clause licensed.]]></description>
    <open>1</open>
    <Placemark>
      <name>Allo Communications</name>
      <description><![CDATA[<b>Name:</b> Allo Telegraph<br><b>Address:</b> , <br><b>SSID:</b> eduroam<br><b>Enc:</b> WPA2<br><b>AP:</b> 9<br>]]></description>
      <Point>
        <coordinates>-96.6902618,40.8102675,0</coordinates>
      </Point>
    </Placemark>
    <Placemark>
      <name>Allo Communications</name>
      <description><![CDATA[<b>Name:</b> Big Brothers Big Sisters Lincoln<br><b>Address:</b> , <br><b>SSID:</b> eduroam<br><b>Enc:</b> WPA2<br><b>AP:</b> 1<br>]]></description>
      <Point>
        <coordinates>-96.6904574,40.8247413,0</coordinates>
      </Point>
    </Placemark>
    <Placemark>
      <name>Allo Communications</name>
      <description><![CDATA[<b>Name:</b> Boys &amp; Girls Club of Lincoln / Lancaster County<br><b>Address:</b> , <br><b>SSID:</b> eduroam<br><b>Enc:</b> WPA2<br><b>AP:</b> 1<br>]]></description>
      <Point>
        <coordinates>-96.7111442,40.8173065,0</coordinates>
      </Point>
    </Placemark>
    <Placemark>
      <name>Allo Communications</name>
      <description><![CDATA[<b>Name:</b> City Impact<br><b>Address:</b> , <br><b>SSID:</b> eduroam<br><b>Enc:</b> WPA2<br><b>AP:</b> 1<br>]]></description>
      <Point>
        <coordinates>-96.6735522,40.8232429,0</coordinates>
      </Point>
    </Placemark>
    <Placemark>
      <name>Allo Communications</name>
      <description><![CDATA[<b>Name:</b> Clyde Malone Community Center<br><b>Address:</b> , <br><b>SSID:</b> eduroam<br><b>Enc:</b> WPA2<br><b>AP:</b> 1<br>]]></description>
      <Point>
        <coordinates>-96.6911479,40.8201435,0</coordinates>
      </Point>
    </Placemark>
    <Placemark>
      <name>Allo Communications</name>
      <description><![CDATA[<b>Name:</b> Good neighbor Community Center<br><b>Address:</b> , <br><b>SSID:</b> eduroam<br><b>Enc:</b> WPA2<br><b>AP:</b> 1<br>]]></description>
      <Point>
        <coordinates>-96.683045,40.824113,0</coordinates>
      </Point>
    </Placemark>
    <Placemark>
      <name>Allo Communications</name>
      <description><![CDATA[<b>Name:</b> Lighthouse<br><b>Address:</b> , <br><b>SSID:</b> eduroam<br><b>Enc:</b> WPA2<br><b>AP:</b> 1<br>]]></description>
      <Point>
        <coordinates>-96.6833973,40.8121006,0</coordinates>
      </Point>
    </Placemark>
    <Placemark>
      <name>Allo Communications</name>
      <description><![CDATA[<b>Name:</b> People's City Mission<br><b>Address:</b> , <br><b>SSID:</b> eduroam<br><b>Enc:</b> WPA2<br><b>AP:</b> 1<br>]]></description>
      <Point>
        <coordinates>-96.7198822,40.8164248,0</coordinates>
      </Point>
    </Placemark>
    <Placemark>
      <name>Allo Communications</name>
      <description><![CDATA[<b>Name:</b> The Bay<br><b>Address:</b> , <br><b>SSID:</b> eduroam<br><b>Enc:</b> WPA2<br><b>AP:</b> 5<br>]]></description>
      <Point>
        <coordinates>-96.6921872,40.824197,0</coordinates>
      </Point>
    </Placemark>
    <Placemark>
      <name>Allo Communications</name>
      <description><![CDATA[<b>Name:</b> Willard Community Center<br><b>Address:</b> , <br><b>SSID:</b> eduroam<br><b>Enc:</b> WPA2<br><b>AP:</b> 1<br>]]></description>
      <Point>
        <coordinates>-96.7306255,40.8002473,0</coordinates>
      </Point>
    </Placemark>
    <Placemark>
      <name>Andrew's House</name>
      <description><![CDATA[<b>Name:</b> Andrew's House<br><b>Address:</b> , <br><b>SSID:</b> eduroam<br><b>Enc:</b> WPA2<br><b>AP:</b> 7<br>]]></description>
      <Point>
        <coordinates>-96.0187615,41.3695492,0</coordinates>
      </Point>
    </Placemark>
    <Placemark>
      <name>Catholic Diocese of Lincoln Schools</name>
      <description><![CDATA[<b>Name:</b> Diocesan Education Office<br><b>Address:</b> , <br><b>SSID:</b> eduroam<br><b>Enc:</b> WPA2<br><b>AP:</b> 5<br>]]></description>
      <Point>
        <coordinates>-96.667529,40.7797317,0</coordinates>
      </Point>
    </Placemark>
    <Placemark>
      <name>Central Community College</name>
      <description><![CDATA[<b>Name:</b> Central Community College - Columbus<br><b>Address:</b> , <br><b>SSID:</b> eduroam<br><b>Enc:</b> WPA2<br><b>AP:</b> 125<br>]]></description>
      <Point>
        <coordinates>-97.3802732,41.4785009,0</coordinates>
      </Point>
    </Placemark>
    <Placemark>
      <name>Central Community College</name>
      <description><![CDATA[<b>Name:</b> Central Community College - Columbus Adult Basic Education (FRC)<br><b>Address:</b> , <br><b>SSID:</b> eduroam<br><b>Enc:</b> WPA2<br><b>AP:</b> 4<br>]]></description>
      <Point>
        <coordinates>-97.3661529,41.4347479,0</coordinates>
      </Point>
    </Placemark>
    <Placemark>
      <name>Central Community College</name>
      <description><![CDATA[<b>Name:</b> Central Community College - Entrepreneurship Center - Grand Island<br><b>Address:</b> , <br><b>SSID:</b> eduroam<br><b>Enc:</b> WPA2<br><b>AP:</b> 2<br>]]></description>
      <Point>
        <coordinates>-98.3435541,40.9241783,0</coordinates>
      </Point>
    </Placemark>
    <Placemark>
      <name>Central Community College</name>
      <description><![CDATA[<b>Name:</b> Central Community College - Entrepreneurship Center - Kearney<br><b>Address:</b> , <br><b>SSID:</b> eduroam<br><b>Enc:</b> WPA2<br><b>AP:</b> 2<br>]]></description>
      <Point>
        <coordinates>-99.0870189,40.6854988,0</coordinates>
      </Point>
    </Placemark>
    <Placemark>
      <name>Central Community College</name>
      <description><![CDATA[<b>Name:</b> Central Community College - Foundation<br><b>Address:</b> , <br><b>SSID:</b> eduroam<br><b>Enc:</b> WPA2<br><b>AP:</b> 3<br>]]></description>
      <Point>
        <coordinates>-98.3831584,40.6429728,0</coordinates>
      </Point>
    </Placemark>
    <Placemark>
      <name>Central Community College</name>
      <description><![CDATA[<b>Name:</b> Central Community College - Grand Island<br><b>Address:</b> , <br><b>SSID:</b> eduroam<br><b>Enc:</b> WPA2<br><b>AP:</b> 73<br>]]></description>
      <Point>
        <coordinates>-98.3732018,40.8901209,0</coordinates>
      </Point>
    </Placemark>
    <Placemark>
      <name>Central Community College</name>
      <description><![CDATA[<b>Name:</b> Central Community College - Hastings<br><b>Address:</b> , <br><b>SSID:</b> eduroam<br><b>Enc:</b> WPA2<br><b>AP:</b> 236<br>]]></description>
      <Point>
        <coordinates>-98.3340414,40.5765099,0</coordinates>
      </Point>
    </Placemark>
    <Placemark>
      <name>Central Community College</name>
      <description><![CDATA[<b>Name:</b> Central Community College - Hastings Adult Basic Education<br><b>Address:</b> , <br><b>SSID:</b> eduroam<br><b>Enc:</b> WPA2<br><b>AP:</b> 2<br>]]></description>
      <Point>
        <coordinates>-98.4226087,40.5841853,0</coordinates>
      </Point>
    </Placemark>
    <Placemark>
      <name>Central Community College</name>
      <description><![CDATA[<b>Name:</b> Central Community College - Holdrege Center<br><b>Address:</b> , <br><b>SSID:</b> eduroam<br><b>Enc:</b> WPA2<br><b>AP:</b> 3<br>]]></description>
      <Point>
        <coordinates>-99.3708783,40.43883,0</coordinates>
      </Point>
    </Placemark>
    <Placemark>
      <name>Central Community College</name>
      <description><![CDATA[<b>Name:</b> Central Community College - Kearney Center<br><b>Address:</b> , <br><b>SSID:</b> eduroam<br><b>Enc:</b> WPA2<br><b>AP:</b> 45<br>]]></description>
      <Point>
        <coordinates>-99.122561,40.686561,0</coordinates>
      </Point>
    </Placemark>
    <Placemark>
      <name>Central Community College</name>
      <description><![CDATA[<b>Name:</b> Central Community College - Learning Hub - Red Cloud<br><b>Address:</b> , <br><b>SSID:</b> eduroam<br><b>Enc:</b> WPA2<br><b>AP:</b> 2<br>]]></description>
      <Point>
        <coordinates>-98.5189704,40.0889673,0</coordinates>
      </Point>
    </Placemark>
    <Placemark>
      <name>Central Community College</name>
      <description><![CDATA[<b>Name:</b> Central Community College - Lexington Center<br><b>Address:</b> , <br><b>SSID:</b> eduroam<br><b>Enc:</b> WPA2<br><b>AP:</b> 9<br>]]></description>
      <Point>
        <coordinates>-99.741558,40.761344,0</coordinates>
      </Point>
    </Placemark>
    <Placemark>
      <name>Central Community College</name>
      <description><![CDATA[<b>Name:</b> Central Community College - Ord Center<br><b>Address:</b> , <br><b>SSID:</b> eduroam<br><b>Enc:</b> WPA2<br><b>AP:</b> 3<br>]]></description>
      <Point>
        <coordinates>-98.928717,41.6041677,0</coordinates>
      </Point>
    </Placemark>
    <Placemark>
      <name>Chadron State College</name>
      <description><![CDATA[<b>Name:</b> Chadron State College<br><b>Address:</b> , <br><b>SSID:</b> eduroam<br><b>Enc:</b> WPA2<br><b>AP:</b> 350<br>]]></description>
      <Point>
        <coordinates>-103.0004943,42.818999,0</coordinates>
      </Point>
    </Placemark>
    <Placemark>
      <name>Columbus Public Schools</name>
      <description><![CDATA[<b>Name:</b> Cassette House<br><b>Address:</b> , <br><b>SSID:</b> eduroam<br><b>Enc:</b> WPA2+WPA<br><b>AP:</b> 1<br>]]></description>
      <Point>
        <coordinates>-97.3733174,41.4572085,0</coordinates>
      </Point>
    </Placemark>
    <Placemark>
      <name>Columbus Public Schools</name>
      <description><![CDATA[<b>Name:</b> Centennial Elementry School<br><b>Address:</b> , <br><b>SSID:</b> eduroam<br><b>Enc:</b> WPA2+WPA<br><b>AP:</b> 39<br>]]></description>
      <Point>
        <coordinates>-97.3336811,41.418481,0</coordinates>
      </Point>
    </Placemark>
    <Placemark>
      <name>Columbus Public Schools</name>
      <description><![CDATA[<b>Name:</b> Columbus High School<br><b>Address:</b> , <br><b>SSID:</b> eduroam<br><b>Enc:</b> WPA2+WPA<br><b>AP:</b> 130<br>]]></description>
      <Point>
        <coordinates>-97.3719147,41.4585887,0</coordinates>
      </Point>
    </Placemark>
    <Placemark>
      <name>Columbus Public Schools</name>
      <description><![CDATA[<b>Name:</b> Columbus Middle School<br><b>Address:</b> , <br><b>SSID:</b> eduroam<br><b>Enc:</b> WPA2+WPA<br><b>AP:</b> 129<br>]]></description>
      <Point>
        <coordinates>-97.3546046,41.442341,0</coordinates>
      </Point>
    </Placemark>
    <Placemark>
      <name>Columbus Public Schools</name>
      <description><![CDATA[<b>Name:</b> Columbus Public Schools Administration Office<br><b>Address:</b> , <br><b>SSID:</b> eduroam<br><b>Enc:</b> WPA2+WPA<br><b>AP:</b> 7<br>]]></description>
      <Point>
        <coordinates>-97.3572303,41.4327385,0</coordinates>
      </Point>
    </Placemark>
    <Placemark>
      <name>Columbus Public Schools</name>
      <description><![CDATA[<b>Name:</b> Columbus Public Schools Maintenance Facility<br><b>Address:</b> , <br><b>SSID:</b> eduroam<br><b>Enc:</b> WPA2+WPA<br><b>AP:</b> 5<br>]]></description>
      <Point>
        <coordinates>-97.3880838,41.4400103,0</coordinates>
      </Point>
    </Placemark>
    <Placemark>
      <name>Columbus Public Schools</name>
      <description><![CDATA[<b>Name:</b> Emerson Elementry School<br><b>Address:</b> , <br><b>SSID:</b> eduroam<br><b>Enc:</b> WPA2+WPA<br><b>AP:</b> 29<br>]]></description>
      <Point>
        <coordinates>-97.357142,41.4365898,0</coordinates>
      </Point>
    </Placemark>
    <Placemark>
      <name>Columbus Public Schools</name>
      <description><![CDATA[<b>Name:</b> Kramer Child Development Center<br><b>Address:</b> , <br><b>SSID:</b> eduroam<br><b>Enc:</b> WPA2<br><b>AP:</b> 8<br>]]></description>
      <Point>
        <coordinates>-97.3572995,41.4327894,0</coordinates>
      </Point>
    </Placemark>
    <Placemark>
      <name>Columbus Public Schools</name>
      <description><![CDATA[<b>Name:</b> Kramer Preschool<br><b>Address:</b> , <br><b>SSID:</b> eduroam<br><b>Enc:</b> WPA2+WPA<br><b>AP:</b> 42<br>]]></description>
      <Point>
        <coordinates>-97.3572995,41.4327894,0</coordinates>
      </Point>
    </Placemark>
    <Placemark>
      <name>Columbus Public Schools</name>
      <description><![CDATA[<b>Name:</b> Lost Creek Elementry<br><b>Address:</b> , <br><b>SSID:</b> eduroam<br><b>Enc:</b> WPA2+WPA<br><b>AP:</b> 40<br>]]></description>
      <Point>
        <coordinates>-97.3694664,41.4527574,0</coordinates>
      </Point>
    </Placemark>
    <Placemark>
      <name>Columbus Public Schools</name>
      <description><![CDATA[<b>Name:</b> Non-Traditional Learning and Support Center<br><b>Address:</b> , <br><b>SSID:</b> eduroam<br><b>Enc:</b> WPA2<br><b>AP:</b> 6<br>]]></description>
      <Point>
        <coordinates>-97.357986,41.4426038,0</coordinates>
      </Point>
    </Placemark>
    <Placemark>
      <name>Columbus Public Schools</name>
      <description><![CDATA[<b>Name:</b> North Park Elementry School<br><b>Address:</b> , <br><b>SSID:</b> eduroam<br><b>Enc:</b> WPA2+WPA<br><b>AP:</b> 29<br>]]></description>
      <Point>
        <coordinates>-97.3542722,41.4465756,0</coordinates>
      </Point>
    </Placemark>
    <Placemark>
      <name>Columbus Public Schools</name>
      <description><![CDATA[<b>Name:</b> West Park Elementry School<br><b>Address:</b> , <br><b>SSID:</b> eduroam<br><b>Enc:</b> WPA2+WPA<br><b>AP:</b> 25<br>]]></description>
      <Point>
        <coordinates>-97.3785845,41.436459,0</coordinates>
      </Point>
    </Placemark>
    <Placemark>
      <name>Creighton University</name>
      <description><![CDATA[<b>Name:</b> Creighton University<br><b>Address:</b> , <br><b>SSID:</b> eduroam<br><b>Enc:</b> WPA2<br><b>AP:</b> 2500<br>]]></description>
      <Point>
        <coordinates>-95.9475985,41.2651072,0</coordinates>
      </Point>
    </Placemark>
    <Placemark>
      <name>Department of Veterans Affairs</name>
      <description><![CDATA[<b>Name:</b> Omaha VA Medical Center<br><b>Address:</b> , <br><b>SSID:</b> eduroam<br><b>Enc:</b> WPA2<br><b>AP:</b> -<br>]]></description>
      <Point>
        <coordinates>-95.9754405,41.2445369,0</coordinates>
      </Point>
    </Placemark>
    <Placemark>
      <name>Doane University</name>
      <description><![CDATA[<b>Name:</b> Doane University<br><b>Address:</b> , <br><b>SSID:</b> eduroam<br><b>Enc:</b> WPA3+WPA2+WPA<br><b>AP:</b> 650<br>]]></description>
      <Point>
        <coordinates>-96.9486761,40.6224621,0</coordinates>
      </Point>
    </Placemark>
    <Placemark>
      <name>Doane University</name>
      <description><![CDATA[<b>Name:</b> Doane University<br><b>Address:</b> , <br><b>SSID:</b> eduroam<br><b>Enc:</b> WPA3+WPA2+WPA<br><b>AP:</b> 50<br>]]></description>
      <Point>
        <coordinates>-96.6507079,40.8155546,0</coordinates>
      </Point>
    </Placemark>
    <Placemark>
      <name>Doane University</name>
      <description><![CDATA[<b>Name:</b> Doane University<br><b>Address:</b> , <br><b>SSID:</b> eduroam<br><b>Enc:</b> WPA3+WPA2+WPA<br><b>AP:</b> 10<br>]]></description>
      <Point>
        <coordinates>-96.1425087,41.2200022,0</coordinates>
      </Point>
    </Placemark>
    <Placemark>
      <name>ESU 01</name>
      <description><![CDATA[<b>Name:</b> ESU #1 Central Office<br><b>Address:</b> , <br><b>SSID:</b> eduroam<br><b>Enc:</b> WPA2<br><b>AP:</b> 9<br>]]></description>
      <Point>
        <coordinates>-96.8626586,42.2602064,0</coordinates>
      </Point>
    </Placemark>
    <Placemark>
      <name>ESU 01</name>
      <description><![CDATA[<b>Name:</b> Tower School<br><b>Address:</b> , <br><b>SSID:</b> eduroam<br><b>Enc:</b> WPA2<br><b>AP:</b> 4<br>]]></description>
      <Point>
        <coordinates>-97.0052375,42.2423115,0</coordinates>
      </Point>
    </Placemark>
    <Placemark>
      <name>ESU 01 - South Sioux City Community Schools</name>
      <description><![CDATA[<b>Name:</b> South Sioux City Schools<br><b>Address:</b> , <br><b>SSID:</b> eduroam<br><b>Enc:</b> WPA2<br><b>AP:</b> 300<br>]]></description>
      <Point>
        <coordinates>-96.4155335,42.4510161,0</coordinates>
      </Point>
    </Placemark>
    <Placemark>
      <name>ESU 01 - Umo Ho Nation Public School</name>
      <description><![CDATA[<b>Name:</b> Umo&#8319;ho&#8319; Nation Public School<br><b>Address:</b> , <br><b>SSID:</b> eduroam<br><b>Enc:</b> WPA2<br><b>AP:</b> 90<br>]]></description>
      <Point>
        <coordinates>-96.355323,42.113191,0</coordinates>
      </Point>
    </Placemark>
    <Placemark>
      <name>ESU 02</name>
      <description><![CDATA[<b>Name:</b> ESU #2 - Main Site<br><b>Address:</b> , <br><b>SSID:</b> eduroam<br><b>Enc:</b> WPA2+WPA<br><b>AP:</b> -<br>]]></description>
      <Point>
        <coordinates>-96.5125714,41.4519164,0</coordinates>
      </Point>
    </Placemark>
    <Placemark>
      <name>ESU 02 - Cedar Bluffs Public Schools</name>
      <description><![CDATA[<b>Name:</b> High School / Elementary<br><b>Address:</b> , <br><b>SSID:</b> eduroam<br><b>Enc:</b> WPA2<br><b>AP:</b> 28<br>]]></description>
      <Point>
        <coordinates>-96.6090634,41.3972298,0</coordinates>
      </Point>
    </Placemark>
    <Placemark>
      <name>ESU 03</name>
      <description><![CDATA[<b>Name:</b> ESU #3<br><b>Address:</b> , <br><b>SSID:</b> eduroam<br><b>Enc:</b> WPA2+WPA<br><b>AP:</b> 25<br>]]></description>
      <Point>
        <coordinates>-96.0870444,41.1885243,0</coordinates>
      </Point>
    </Placemark>
    <Placemark>
      <name>ESU 03 - Louisville Public Schools</name>
      <description><![CDATA[<b>Name:</b> Louisville Schools<br><b>Address:</b> , <br><b>SSID:</b> eduroam<br><b>Enc:</b> WPA2+WPA<br><b>AP:</b> 68<br>]]></description>
      <Point>
        <coordinates>-96.1633418,40.999698,0</coordinates>
      </Point>
    </Placemark>
    <Placemark>
      <name>ESU 03 - Millard Public Schools</name>
      <description><![CDATA[<b>Name:</b> Horizon High School<br><b>Address:</b> , <br><b>SSID:</b> eduroam<br><b>Enc:</b> WPA2<br><b>AP:</b> 25<br>]]></description>
      <Point>
        <coordinates>-96.2457671,41.2040906,0</coordinates>
      </Point>
    </Placemark>
    <Placemark>
      <name>ESU 03 - Millard Public Schools</name>
      <description><![CDATA[<b>Name:</b> Millard North High School<br><b>Address:</b> , <br><b>SSID:</b> eduroam<br><b>Enc:</b> WPA2<br><b>AP:</b> 154<br>]]></description>
      <Point>
        <coordinates>-96.141146,41.250927,0</coordinates>
      </Point>
    </Placemark>
    <Placemark>
      <name>ESU 03 - Millard Public Schools</name>
      <description><![CDATA[<b>Name:</b> Millard South High School<br><b>Address:</b> , <br><b>SSID:</b> eduroam<br><b>Enc:</b> WPA2<br><b>AP:</b> 136<br>]]></description>
      <Point>
        <coordinates>-96.1472691,41.2046599,0</coordinates>
      </Point>
    </Placemark>
    <Placemark>
      <name>ESU 03 - Millard Public Schools</name>
      <description><![CDATA[<b>Name:</b> Millard West High School<br><b>Address:</b> , <br><b>SSID:</b> eduroam<br><b>Enc:</b> WPA2<br><b>AP:</b> 121<br>]]></description>
      <Point>
        <coordinates>-96.1948004,41.2013275,0</coordinates>
      </Point>
    </Placemark>
    <Placemark>
      <name>ESU 03 - Millard Public Schools</name>
      <description><![CDATA[<b>Name:</b> Ron Witt Support Services Center<br><b>Address:</b> , <br><b>SSID:</b> eduroam<br><b>Enc:</b> WPA2<br><b>AP:</b> 23<br>]]></description>
      <Point>
        <coordinates>-96.1296969,41.2160432,0</coordinates>
      </Point>
    </Placemark>
    <Placemark>
      <name>ESU 03 - Springfield Platteview Community Schools</name>
      <description><![CDATA[<b>Name:</b> Springfield Platteview Community Schools<br><b>Address:</b> , <br><b>SSID:</b> eduroam<br><b>Enc:</b> WPA2<br><b>AP:</b> 127<br>]]></description>
      <Point>
        <coordinates>-96.0791724,41.0912453,0</coordinates>
      </Point>
    </Placemark>
    <Placemark>
      <name>ESU 03 - Weeping Water Public Schools</name>
      <description><![CDATA[<b>Name:</b> Weeping Water Schools<br><b>Address:</b> , <br><b>SSID:</b> eduroam<br><b>Enc:</b> WPA2+WPA<br><b>AP:</b> -<br>]]></description>
      <Point>
        <coordinates>-96.1406037,40.8656502,0</coordinates>
      </Point>
    </Placemark>
    <Placemark>
      <name>ESU 04</name>
      <description><![CDATA[<b>Name:</b> ESU 4<br><b>Address:</b> , <br><b>SSID:</b> eduroam<br><b>Enc:</b> WPA2<br><b>AP:</b> 10<br>]]></description>
      <Point>
        <coordinates>-95.8382272,40.3809044,0</coordinates>
      </Point>
    </Placemark>
    <Placemark>
      <name>ESU 04</name>
      <description><![CDATA[<b>Name:</b> NCECBVI<br><b>Address:</b> , <br><b>SSID:</b> eduroam<br><b>Enc:</b> WPA2<br><b>AP:</b> 23<br>]]></description>
      <Point>
        <coordinates>-95.8561691,40.6864609,0</coordinates>
      </Point>
    </Placemark>
    <Placemark>
      <name>ESU 04 - District OR 1-Palmyra/Bennet</name>
      <description><![CDATA[<b>Name:</b> District OR-1 Bennet<br><b>Address:</b> , <br><b>SSID:</b> eduroam<br><b>Enc:</b> WPA2<br><b>AP:</b> 45<br>]]></description>
      <Point>
        <coordinates>-96.5108923,40.6822591,0</coordinates>
      </Point>
    </Placemark>
    <Placemark>
      <name>ESU 04 - District OR 1-Palmyra/Bennet</name>
      <description><![CDATA[<b>Name:</b> District OR-1 Palmyra<br><b>Address:</b> , <br><b>SSID:</b> eduroam<br><b>Enc:</b> WPA2<br><b>AP:</b> 65<br>]]></description>
      <Point>
        <coordinates>-96.3939144,40.7038269,0</coordinates>
      </Point>
    </Placemark>
    <Placemark>
      <name>ESU 04 - Humboldt-Table Rock-Steinauer Schools</name>
      <description><![CDATA[<b>Name:</b> HTRS Public Schools<br><b>Address:</b> , <br><b>SSID:</b> eduroam<br><b>Enc:</b> WPA2<br><b>AP:</b> 50<br>]]></description>
      <Point>
        <coordinates>-95.9467506,40.1683698,0</coordinates>
      </Point>
    </Placemark>
    <Placemark>
      <name>ESU 04 - Johnson County Central Schools</name>
      <description><![CDATA[<b>Name:</b> JCC High School / Lower Elementary<br><b>Address:</b> , <br><b>SSID:</b> eduroam<br><b>Enc:</b> WPA2<br><b>AP:</b> 52<br>]]></description>
      <Point>
        <coordinates>-96.1905723,40.3710399,0</coordinates>
      </Point>
    </Placemark>
    <Placemark>
      <name>ESU 04 - Johnson County Central Schools</name>
      <description><![CDATA[<b>Name:</b> JCC Middle School / Upper Elementary<br><b>Address:</b> , <br><b>SSID:</b> eduroam<br><b>Enc:</b> WPA2<br><b>AP:</b> 132<br>]]></description>
      <Point>
        <coordinates>-96.1609696,40.5128938,0</coordinates>
      </Point>
    </Placemark>
    <Placemark>
      <name>ESU 05</name>
      <description><![CDATA[<b>Name:</b> ESU 5 Beatrice<br><b>Address:</b> , <br><b>SSID:</b> eduroam<br><b>Enc:</b> WPA2+WPA<br><b>AP:</b> 10<br>]]></description>
      <Point>
        <coordinates>-96.7761267,40.266688,0</coordinates>
      </Point>
    </Placemark>
    <Placemark>
      <name>ESU 06</name>
      <description><![CDATA[<b>Name:</b> Milford Office<br><b>Address:</b> , <br><b>SSID:</b> eduroam<br><b>Enc:</b> WPA2+WPA<br><b>AP:</b> 10<br>]]></description>
      <Point>
        <coordinates>-97.047208,40.770538,0</coordinates>
      </Point>
    </Placemark>
    <Placemark>
      <name>ESU 06 - CradlePoint</name>
      <description><![CDATA[<b>Name:</b> Educational Service Unit 6<br><b>Address:</b> , <br><b>SSID:</b> eduroam<br><b>Enc:</b> WPA2+WPA<br><b>AP:</b> 1<br>]]></description>
      <Point>
        <coordinates>-97.0472396,40.7705779,0</coordinates>
      </Point>
    </Placemark>
    <Placemark>
      <name>ESU 06 - Friend Public Schools</name>
      <description><![CDATA[<b>Name:</b> Friend<br><b>Address:</b> , <br><b>SSID:</b> eduroam<br><b>Enc:</b> WPA2+WPA<br><b>AP:</b> 30<br>]]></description>
      <Point>
        <coordinates>-97.2884133,40.6504861,0</coordinates>
      </Point>
    </Placemark>
    <Placemark>
      <name>ESU 06 - Milford Public Schools</name>
      <description><![CDATA[<b>Name:</b> Milford Public Schools<br><b>Address:</b> , <br><b>SSID:</b> eduroam<br><b>Enc:</b> WPA2<br><b>AP:</b> 60<br>]]></description>
      <Point>
        <coordinates>-97.0624486,40.7750809,0</coordinates>
      </Point>
    </Placemark>
    <Placemark>
      <name>ESU 06 - Wilber-Clatonia Public Schools</name>
      <description><![CDATA[<b>Name:</b> Wilber<br><b>Address:</b> , <br><b>SSID:</b> eduroam<br><b>Enc:</b> WPA2+WPA<br><b>AP:</b> 62<br>]]></description>
      <Point>
        <coordinates>-96.9682388,40.482479,0</coordinates>
      </Point>
    </Placemark>
    <Placemark>
      <name>ESU 07 - Fullerton Public Schools</name>
      <description><![CDATA[<b>Name:</b> Fullerton Public Schools<br><b>Address:</b> , <br><b>SSID:</b> eduroam<br><b>Enc:</b> WPA2<br><b>AP:</b> 40<br>]]></description>
      <Point>
        <coordinates>-97.9720579,41.3629343,0</coordinates>
      </Point>
    </Placemark>
    <Placemark>
      <name>ESU 07 - High Plains Community School</name>
      <description><![CDATA[<b>Name:</b> Elementary School<br><b>Address:</b> , <br><b>SSID:</b> eduroam<br><b>Enc:</b> WPA2<br><b>AP:</b> 27<br>]]></description>
      <Point>
        <coordinates>-97.8414964,41.2185551,0</coordinates>
      </Point>
    </Placemark>
    <Placemark>
      <name>ESU 07 - High Plains Community School</name>
      <description><![CDATA[<b>Name:</b> High School<br><b>Address:</b> , <br><b>SSID:</b> eduroam<br><b>Enc:</b> WPA2<br><b>AP:</b> 22<br>]]></description>
      <Point>
        <coordinates>-97.7807918,41.0734311,0</coordinates>
      </Point>
    </Placemark>
    <Placemark>
      <name>ESU 07 - High Plains Community School</name>
      <description><![CDATA[<b>Name:</b> Middle School<br><b>Address:</b> , <br><b>SSID:</b> eduroam<br><b>Enc:</b> WPA2<br><b>AP:</b> 12<br>]]></description>
      <Point>
        <coordinates>-97.7825114,41.0739322,0</coordinates>
      </Point>
    </Placemark>
    <Placemark>
      <name>ESU 07 - Humphrey Public Schools</name>
      <description><![CDATA[<b>Name:</b> Humphrey Public Schools<br><b>Address:</b> , <br><b>SSID:</b> eduroam<br><b>Enc:</b> WPA2<br><b>AP:</b> 43<br>]]></description>
      <Point>
        <coordinates>-97.4902956,41.6884549,0</coordinates>
      </Point>
    </Placemark>
    <Placemark>
      <name>ESU 07 - Shelby-Rising City Public Schools</name>
      <description><![CDATA[<b>Name:</b> Shelby Public Schools<br><b>Address:</b> , <br><b>SSID:</b> eduroam<br><b>Enc:</b> WPA2<br><b>AP:</b> 58<br>]]></description>
      <Point>
        <coordinates>-97.4240244,41.1987122,0</coordinates>
      </Point>
    </Placemark>
    <Placemark>
      <name>ESU 09</name>
      <description><![CDATA[<b>Name:</b> Educational Service Unit 9<br><b>Address:</b> , <br><b>SSID:</b> eduroam<br><b>Enc:</b> WPA2<br><b>AP:</b> -<br>]]></description>
      <Point>
        <coordinates>-98.3832199,40.6420247,0</coordinates>
      </Point>
    </Placemark>
    <Placemark>
      <name>ESU 09</name>
      <description><![CDATA[<b>Name:</b> Giltner Schools<br><b>Address:</b> , <br><b>SSID:</b> eduroam<br><b>Enc:</b> WPA2<br><b>AP:</b> -<br>]]></description>
      <Point>
        <coordinates>-98.1511822,40.771233,0</coordinates>
      </Point>
    </Placemark>
    <Placemark>
      <name>ESU 09</name>
      <description><![CDATA[<b>Name:</b> Hampton Public Schools<br><b>Address:</b> , <br><b>SSID:</b> eduroam<br><b>Enc:</b> WPA3+WPA2+WPA<br><b>AP:</b> -<br>]]></description>
      <Point>
        <coordinates>-97.8891026,40.8829026,0</coordinates>
      </Point>
    </Placemark>
    <Placemark>
      <name>ESU 09</name>
      <description><![CDATA[<b>Name:</b> Harvard Public Schools<br><b>Address:</b> , <br><b>SSID:</b> eduroam<br><b>Enc:</b> WPA3+WPA2+WPA<br><b>AP:</b> -<br>]]></description>
      <Point>
        <coordinates>-98.0905737,40.6218783,0</coordinates>
      </Point>
    </Placemark>
    <Placemark>
      <name>ESU 09</name>
      <description><![CDATA[<b>Name:</b> Kenesaw Public Schools<br><b>Address:</b> , <br><b>SSID:</b> eduroam<br><b>Enc:</b> WPA2<br><b>AP:</b> -<br>]]></description>
      <Point>
        <coordinates>-98.6518129,40.6214464,0</coordinates>
      </Point>
    </Placemark>
    <Placemark>
      <name>ESU 10</name>
      <description><![CDATA[<b>Name:</b> ESU 10<br><b>Address:</b> , <br><b>SSID:</b> eduroam<br><b>Enc:</b> WPA2+WPA<br><b>AP:</b> 19<br>]]></description>
      <Point>
        <coordinates>-99.1183787,40.6976628,0</coordinates>
      </Point>
    </Placemark>
    <Placemark>
      <name>ESU 10 - Amherst Public School</name>
      <description><![CDATA[<b>Name:</b> Amherst Public School<br><b>Address:</b> , <br><b>SSID:</b> eduroam<br><b>Enc:</b> WPA3+WPA2+WPA<br><b>AP:</b> 55<br>]]></description>
      <Point>
        <coordinates>-99.2651115,40.8378372,0</coordinates>
      </Point>
    </Placemark>
    <Placemark>
      <name>ESU 10 - Arcadia Public Schools</name>
      <description><![CDATA[<b>Name:</b> Arcadia Public Schools<br><b>Address:</b> , <br><b>SSID:</b> eduroam<br><b>Enc:</b> WPA2<br><b>AP:</b> 20<br>]]></description>
      <Point>
        <coordinates>-99.1285351,41.4260318,0</coordinates>
      </Point>
    </Placemark>
    <Placemark>
      <name>ESU 10 - Broken Bow Public School</name>
      <description><![CDATA[<b>Name:</b> Broken Bow Public School<br><b>Address:</b> , <br><b>SSID:</b> eduroam<br><b>Enc:</b> WPA2<br><b>AP:</b> 82<br>]]></description>
      <Point>
        <coordinates>-99.638833,41.4076354,0</coordinates>
      </Point>
    </Placemark>
    <Placemark>
      <name>ESU 10 - Centura Secondary School</name>
      <description><![CDATA[<b>Name:</b> Centura Public Schools<br><b>Address:</b> , <br><b>SSID:</b> eduroam<br><b>Enc:</b> WPA3+WPA2+WPA<br><b>AP:</b> 40<br>]]></description>
      <Point>
        <coordinates>-98.6075718,41.0011236,0</coordinates>
      </Point>
    </Placemark>
    <Placemark>
      <name>ESU 10 - Cozad Public Schools</name>
      <description><![CDATA[<b>Name:</b> Cozad Early Education Center<br><b>Address:</b> , <br><b>SSID:</b> eduroam<br><b>Enc:</b> WPA2<br><b>AP:</b> 6<br>]]></description>
      <Point>
        <coordinates>-99.9915312,40.8654405,0</coordinates>
      </Point>
    </Placemark>
    <Placemark>
      <name>ESU 10 - Cozad Public Schools</name>
      <description><![CDATA[<b>Name:</b> Cozad Elementary<br><b>Address:</b> , <br><b>SSID:</b> eduroam<br><b>Enc:</b> WPA2<br><b>AP:</b> 30<br>]]></description>
      <Point>
        <coordinates>-99.9812449,40.8660824,0</coordinates>
      </Point>
    </Placemark>
    <Placemark>
      <name>ESU 10 - Cozad Public Schools</name>
      <description><![CDATA[<b>Name:</b> Cozad High School / Middle School<br><b>Address:</b> , <br><b>SSID:</b> eduroam<br><b>Enc:</b> WPA2<br><b>AP:</b> 61<br>]]></description>
      <Point>
        <coordinates>-99.9840503,40.8682035,0</coordinates>
      </Point>
    </Placemark>
    <Placemark>
      <name>ESU 10 - Cozad Public Schools</name>
      <description><![CDATA[<b>Name:</b> Cozad NEAT Center<br><b>Address:</b> , <br><b>SSID:</b> eduroam<br><b>Enc:</b> WPA2<br><b>AP:</b> 4<br>]]></description>
      <Point>
        <coordinates>-99.9844988,40.8710214,0</coordinates>
      </Point>
    </Placemark>
    <Placemark>
      <name>ESU 10 - Elba Secondary School</name>
      <description><![CDATA[<b>Name:</b> Elba Public Schools<br><b>Address:</b> , <br><b>SSID:</b> eduroam<br><b>Enc:</b> WPA2<br><b>AP:</b> 19<br>]]></description>
      <Point>
        <coordinates>-98.5666935,41.2835661,0</coordinates>
      </Point>
    </Placemark>
    <Placemark>
      <name>ESU 10 - Elm Creek Public School</name>
      <description><![CDATA[<b>Name:</b> Elm Creek Public School<br><b>Address:</b> , <br><b>SSID:</b> eduroam<br><b>Enc:</b> WPA3+WPA2+WPA<br><b>AP:</b> 50<br>]]></description>
      <Point>
        <coordinates>-99.3708376,40.719869,0</coordinates>
      </Point>
    </Placemark>
    <Placemark>
      <name>ESU 10 - Gothenburg Secondary School</name>
      <description><![CDATA[<b>Name:</b> Gothenburg Public Schools<br><b>Address:</b> , <br><b>SSID:</b> eduroam<br><b>Enc:</b> WPA2<br><b>AP:</b> 56<br>]]></description>
      <Point>
        <coordinates>-100.1556858,40.9324161,0</coordinates>
      </Point>
    </Placemark>
    <Placemark>
      <name>ESU 10 - Grand Island Public Schools</name>
      <description><![CDATA[<b>Name:</b> GIPS Barr Middle School<br><b>Address:</b> , <br><b>SSID:</b> eduroam<br><b>Enc:</b> WPA2<br><b>AP:</b> 89<br>]]></description>
      <Point>
        <coordinates>-98.3447081,40.9030155,0</coordinates>
      </Point>
    </Placemark>
    <Placemark>
      <name>ESU 10 - Grand Island Public Schools</name>
      <description><![CDATA[<b>Name:</b> GIPS Career Pathways Institute Adams Street<br><b>Address:</b> , <br><b>SSID:</b> eduroam<br><b>Enc:</b> WPA2<br><b>AP:</b> 37<br>]]></description>
      <Point>
        <coordinates>-98.3463222,40.9085448,0</coordinates>
      </Point>
    </Placemark>
    <Placemark>
      <name>ESU 10 - Grand Island Public Schools</name>
      <description><![CDATA[<b>Name:</b> GIPS Grand Island Senior High<br><b>Address:</b> , <br><b>SSID:</b> eduroam<br><b>Enc:</b> WPA2<br><b>AP:</b> 170<br>]]></description>
      <Point>
        <coordinates>-98.3658389,40.9416174,0</coordinates>
      </Point>
    </Placemark>
    <Placemark>
      <name>ESU 10 - Grand Island Public Schools</name>
      <description><![CDATA[<b>Name:</b> GIPS Islander Annex<br><b>Address:</b> , <br><b>SSID:</b> eduroam<br><b>Enc:</b> WPA2<br><b>AP:</b> 19<br>]]></description>
      <Point>
        <coordinates>-98.3754279,40.9399786,0</coordinates>
      </Point>
    </Placemark>
    <Placemark>
      <name>ESU 10 - Grand Island Public Schools</name>
      <description><![CDATA[<b>Name:</b> GIPS Kneale Administration Building<br><b>Address:</b> , <br><b>SSID:</b> eduroam<br><b>Enc:</b> WPA2<br><b>AP:</b> 25<br>]]></description>
      <Point>
        <coordinates>-98.3767979,40.9163639,0</coordinates>
      </Point>
    </Placemark>
    <Placemark>
      <name>ESU 10 - Grand Island Public Schools</name>
      <description><![CDATA[<b>Name:</b> GIPS O'Conner Learning Center<br><b>Address:</b> , <br><b>SSID:</b> eduroam<br><b>Enc:</b> WPA2<br><b>AP:</b> 24<br>]]></description>
      <Point>
        <coordinates>-98.3812614,40.9416007,0</coordinates>
      </Point>
    </Placemark>
    <Placemark>
      <name>ESU 10 - Grand Island Public Schools</name>
      <description><![CDATA[<b>Name:</b> GIPS Walnut Middle School<br><b>Address:</b> , <br><b>SSID:</b> eduroam<br><b>Enc:</b> WPA2<br><b>AP:</b> 78<br>]]></description>
      <Point>
        <coordinates>-98.3701605,40.9349353,0</coordinates>
      </Point>
    </Placemark>
    <Placemark>
      <name>ESU 10 - Grand Island Public Schools</name>
      <description><![CDATA[<b>Name:</b> GIPS Westridge Middle School<br><b>Address:</b> , <br><b>SSID:</b> eduroam<br><b>Enc:</b> WPA2<br><b>AP:</b> 62<br>]]></description>
      <Point>
        <coordinates>-98.4043286,40.9298531,0</coordinates>
      </Point>
    </Placemark>
    <Placemark>
      <name>ESU 10 - Loup City Public Schools</name>
      <description><![CDATA[<b>Name:</b> Loup City - Elementary<br><b>Address:</b> , <br><b>SSID:</b> eduroam<br><b>Enc:</b> WPA2<br><b>AP:</b> 5<br>]]></description>
      <Point>
        <coordinates>-98.9665288,41.2805515,0</coordinates>
      </Point>
    </Placemark>
    <Placemark>
      <name>ESU 10 - Loup City Public Schools</name>
      <description><![CDATA[<b>Name:</b> Loup City - High School<br><b>Address:</b> , <br><b>SSID:</b> eduroam<br><b>Enc:</b> WPA2<br><b>AP:</b> 33<br>]]></description>
      <Point>
        <coordinates>-98.9625749,41.2754137,0</coordinates>
      </Point>
    </Placemark>
    <Placemark>
      <name>ESU 10 - Loup County Public Schools</name>
      <description><![CDATA[<b>Name:</b> Loup County Public Schools<br><b>Address:</b> , <br><b>SSID:</b> eduroam<br><b>Enc:</b> WPA2<br><b>AP:</b> 15<br>]]></description>
      <Point>
        <coordinates>-99.3843501,41.7680121,0</coordinates>
      </Point>
    </Placemark>
    <Placemark>
      <name>ESU 10 - Pleasanton Public School</name>
      <description><![CDATA[<b>Name:</b> Pleasanton Public School<br><b>Address:</b> , <br><b>SSID:</b> eduroam<br><b>Enc:</b> WPA2<br><b>AP:</b> 30<br>]]></description>
      <Point>
        <coordinates>-99.0893459,40.9700191,0</coordinates>
      </Point>
    </Placemark>
    <Placemark>
      <name>ESU 10 - Ravenna Public Schools</name>
      <description><![CDATA[<b>Name:</b> Ravenna Public Schools<br><b>Address:</b> , <br><b>SSID:</b> eduroam<br><b>Enc:</b> WPA3+WPA2+WPA<br><b>AP:</b> 47<br>]]></description>
      <Point>
        <coordinates>-98.9232839,41.030795,0</coordinates>
      </Point>
    </Placemark>
    <Placemark>
      <name>ESU 10 - Sargent Public Schools</name>
      <description><![CDATA[<b>Name:</b> Sargent Public Schools<br><b>Address:</b> , <br><b>SSID:</b> eduroam<br><b>Enc:</b> WPA2<br><b>AP:</b> 20<br>]]></description>
      <Point>
        <coordinates>-99.373639,41.6444616,0</coordinates>
      </Point>
    </Placemark>
    <Placemark>
      <name>ESU 11</name>
      <description><![CDATA[<b>Name:</b> ESU 11 Main Office<br><b>Address:</b> , <br><b>SSID:</b> eduroam<br><b>Enc:</b> WPA2<br><b>AP:</b> 5<br>]]></description>
      <Point>
        <coordinates>-99.3847838,40.4492384,0</coordinates>
      </Point>
    </Placemark>
    <Placemark>
      <name>ESU 13</name>
      <description><![CDATA[<b>Name:</b> Educational Service Unit 13 - Scottsbluff<br><b>Address:</b> , <br><b>SSID:</b> eduroam<br><b>Enc:</b> WPA2<br><b>AP:</b> 10<br>]]></description>
      <Point>
        <coordinates>-103.6744073,41.8890302,0</coordinates>
      </Point>
    </Placemark>
    <Placemark>
      <name>ESU 13</name>
      <description><![CDATA[<b>Name:</b> Educational Service Unit 13 Southern Satellite Office<br><b>Address:</b> , <br><b>SSID:</b> eduroam<br><b>Enc:</b> WPA2<br><b>AP:</b> 3<br>]]></description>
      <Point>
        <coordinates>-102.9646291,41.1295819,0</coordinates>
      </Point>
    </Placemark>
    <Placemark>
      <name>ESU 18 - Lincoln Public Schools</name>
      <description><![CDATA[<b>Name:</b> LPSDO<br><b>Address:</b> , <br><b>SSID:</b> eduroam<br><b>Enc:</b> WPA2<br><b>AP:</b> 1<br>]]></description>
      <Point>
        <coordinates>-96.6409154,40.8128981,0</coordinates>
      </Point>
    </Placemark>
    <Placemark>
      <name>Metropolitan Community College</name>
      <description><![CDATA[<b>Name:</b> Metropolitan Community College Applied Technology Center<br><b>Address:</b> , <br><b>SSID:</b> eduroam<br><b>Enc:</b> WPA2<br><b>AP:</b> -<br>]]></description>
      <Point>
        <coordinates>-96.0734422,41.3353324,0</coordinates>
      </Point>
    </Placemark>
    <Placemark>
      <name>Metropolitan Community College</name>
      <description><![CDATA[<b>Name:</b> Metropolitan Community College at Yates<br><b>Address:</b> , <br><b>SSID:</b> eduroam<br><b>Enc:</b> WPA2<br><b>AP:</b> -<br>]]></description>
      <Point>
        <coordinates>-95.9327145,41.2723819,0</coordinates>
      </Point>
    </Placemark>
    <Placemark>
      <name>Metropolitan Community College</name>
      <description><![CDATA[<b>Name:</b> Metropolitan Community College Elkhorn Valley Campus<br><b>Address:</b> , <br><b>SSID:</b> eduroam<br><b>Enc:</b> WPA2<br><b>AP:</b> -<br>]]></description>
      <Point>
        <coordinates>-96.2304602,41.2649371,0</coordinates>
      </Point>
    </Placemark>
    <Placemark>
      <name>Metropolitan Community College</name>
      <description><![CDATA[<b>Name:</b> Metropolitan Community College Fort Omaha Campus<br><b>Address:</b> , <br><b>SSID:</b> eduroam<br><b>Enc:</b> WPA2<br><b>AP:</b> -<br>]]></description>
      <Point>
        <coordinates>-95.9570645,41.3043237,0</coordinates>
      </Point>
    </Placemark>
    <Placemark>
      <name>Metropolitan Community College</name>
      <description><![CDATA[<b>Name:</b> Metropolitan Community College Fremont Campus<br><b>Address:</b> , <br><b>SSID:</b> eduroam<br><b>Enc:</b> WPA2<br><b>AP:</b> -<br>]]></description>
      <Point>
        <coordinates>-96.4988528,41.4375394,0</coordinates>
      </Point>
    </Placemark>
    <Placemark>
      <name>Metropolitan Community College</name>
      <description><![CDATA[<b>Name:</b> Metropolitan Community College North Express<br><b>Address:</b> , <br><b>SSID:</b> eduroam<br><b>Enc:</b> WPA2<br><b>AP:</b> -<br>]]></description>
      <Point>
        <coordinates>-95.9568354,41.2792337,0</coordinates>
      </Point>
    </Placemark>
    <Placemark>
      <name>Metropolitan Community College</name>
      <description><![CDATA[<b>Name:</b> Metropolitan Community College Sarpy Center<br><b>Address:</b> , <br><b>SSID:</b> eduroam<br><b>Enc:</b> WPA2<br><b>AP:</b> -<br>]]></description>
      <Point>
        <coordinates>-96.0542902,41.1771757,0</coordinates>
      </Point>
    </Placemark>
    <Placemark>
      <name>Metropolitan Community College</name>
      <description><![CDATA[<b>Name:</b> Metropolitan Community College South Express<br><b>Address:</b> , <br><b>SSID:</b> eduroam<br><b>Enc:</b> WPA2<br><b>AP:</b> -<br>]]></description>
      <Point>
        <coordinates>-95.9480178,41.2307356,0</coordinates>
      </Point>
    </Placemark>
    <Placemark>
      <name>Metropolitan Community College</name>
      <description><![CDATA[<b>Name:</b> Metropolitan Community College South Omaha Campus<br><b>Address:</b> , <br><b>SSID:</b> eduroam<br><b>Enc:</b> WPA2<br><b>AP:</b> -<br>]]></description>
      <Point>
        <coordinates>-95.956807,41.2068129,0</coordinates>
      </Point>
    </Placemark>
    <Placemark>
      <name>Nebraska Department of Education</name>
      <description><![CDATA[<b>Name:</b> Nebraska Department of Education<br><b>Address:</b> , <br><b>SSID:</b> eduroam<br><b>Enc:</b> WPA2<br><b>AP:</b> -<br>]]></description>
      <Point>
        <coordinates>-96.6035222,40.8092155,0</coordinates>
      </Point>
    </Placemark>
    <Placemark>
      <name>Nebraska Wesleyan University</name>
      <description><![CDATA[<b>Name:</b> Nebraska Wesleyan University - Lincoln Campus<br><b>Address:</b> , <br><b>SSID:</b> eduroam<br><b>Enc:</b> WPA2<br><b>AP:</b> 700<br>]]></description>
      <Point>
        <coordinates>-96.6475964,40.8387667,0</coordinates>
      </Point>
    </Placemark>
    <Placemark>
      <name>Network Nebraska - ESU 01 - Bloomfield Community School</name>
      <description><![CDATA[<b>Name:</b> Bloomfield High School<br><b>Address:</b> , <br><b>SSID:</b> eduroam<br><b>Enc:</b> WPA2<br><b>AP:</b> 40<br>]]></description>
      <Point>
        <coordinates>-97.6430486,42.5948257,0</coordinates>
      </Point>
    </Placemark>
    <Placemark>
      <name>Network Nebraska - ESU 01 - Wausa Public Schools</name>
      <description><![CDATA[<b>Name:</b> Wausa Public School<br><b>Address:</b> , <br><b>SSID:</b> eduroam<br><b>Enc:</b> WPA2<br><b>AP:</b> 1<br>]]></description>
      <Point>
        <coordinates>-97.542804,42.4970528,0</coordinates>
      </Point>
    </Placemark>
    <Placemark>
      <name>Network Nebraska - ESU 02 - Ashland-Greenwood Public Schools</name>
      <description><![CDATA[<b>Name:</b> Ashland-Greenwood High School<br><b>Address:</b> , <br><b>SSID:</b> eduroam<br><b>Enc:</b> WPA2<br><b>AP:</b> 36<br>]]></description>
      <Point>
        <coordinates>-96.3743024,41.0459636,0</coordinates>
      </Point>
    </Placemark>
    <Placemark>
      <name>Network Nebraska - ESU 02 - Logan View Public Schools</name>
      <description><![CDATA[<b>Name:</b> High School / Elementary<br><b>Address:</b> , <br><b>SSID:</b> eduroam<br><b>Enc:</b> WPA2<br><b>AP:</b> 52<br>]]></description>
      <Point>
        <coordinates>-96.5056221,41.651771,0</coordinates>
      </Point>
    </Placemark>
    <Placemark>
      <name>Network Nebraska - ESU 02 - Oakland-Craig Public School</name>
      <description><![CDATA[<b>Name:</b> Oakland-Craig Public Schools<br><b>Address:</b> , <br><b>SSID:</b> eduroam<br><b>Enc:</b> WPA2<br><b>AP:</b> 45<br>]]></description>
      <Point>
        <coordinates>-96.4637699,41.8364278,0</coordinates>
      </Point>
    </Placemark>
    <Placemark>
      <name>Network Nebraska - ESU 02 - Wahoo Public Schools</name>
      <description><![CDATA[<b>Name:</b> Wahoo High School<br><b>Address:</b> , <br><b>SSID:</b> eduroam<br><b>Enc:</b> WPA2<br><b>AP:</b> 53<br>]]></description>
      <Point>
        <coordinates>-96.6269042,41.2259104,0</coordinates>
      </Point>
    </Placemark>
    <Placemark>
      <name>Network Nebraska - ESU 02 - Wisner-Pilger Public Schools</name>
      <description><![CDATA[<b>Name:</b> WPPS<br><b>Address:</b> , <br><b>SSID:</b> eduroam<br><b>Enc:</b> WPA2<br><b>AP:</b> 47<br>]]></description>
      <Point>
        <coordinates>-96.9241001,41.9953921,0</coordinates>
      </Point>
    </Placemark>
    <Placemark>
      <name>Network Nebraska - ESU 03 - Bellevue Public Schools</name>
      <description><![CDATA[<b>Name:</b> Avery Elementary<br><b>Address:</b> , <br><b>SSID:</b> eduroam<br><b>Enc:</b> WPA2<br><b>AP:</b> 26<br>]]></description>
      <Point>
        <coordinates>-95.9219847,41.1644773,0</coordinates>
      </Point>
    </Placemark>
    <Placemark>
      <name>Network Nebraska - ESU 03 - Bellevue Public Schools</name>
      <description><![CDATA[<b>Name:</b> Belleaire Elementary<br><b>Address:</b> , <br><b>SSID:</b> eduroam<br><b>Enc:</b> WPA2<br><b>AP:</b> 35<br>]]></description>
      <Point>
        <coordinates>-95.9101655,41.1370911,0</coordinates>
      </Point>
    </Placemark>
    <Placemark>
      <name>Network Nebraska - ESU 03 - Bellevue Public Schools</name>
      <description><![CDATA[<b>Name:</b> Bellevue East High School<br><b>Address:</b> , <br><b>SSID:</b> eduroam<br><b>Enc:</b> WPA2<br><b>AP:</b> 154<br>]]></description>
      <Point>
        <coordinates>-95.9031693,41.1460148,0</coordinates>
      </Point>
    </Placemark>
    <Placemark>
      <name>Network Nebraska - ESU 03 - Bellevue Public Schools</name>
      <description><![CDATA[<b>Name:</b> Bellevue Elementary<br><b>Address:</b> , <br><b>SSID:</b> eduroam<br><b>Enc:</b> WPA2<br><b>AP:</b> 39<br>]]></description>
      <Point>
        <coordinates>-95.9912425,41.1268171,0</coordinates>
      </Point>
    </Placemark>
    <Placemark>
      <name>Network Nebraska - ESU 03 - Bellevue Public Schools</name>
      <description><![CDATA[<b>Name:</b> Bellevue West High School<br><b>Address:</b> , <br><b>SSID:</b> eduroam<br><b>Enc:</b> WPA2<br><b>AP:</b> 153<br>]]></description>
      <Point>
        <coordinates>-95.9354896,41.1634905,0</coordinates>
      </Point>
    </Placemark>
    <Placemark>
      <name>Network Nebraska - ESU 03 - Bellevue Public Schools</name>
      <description><![CDATA[<b>Name:</b> Bertha Barber Elementary<br><b>Address:</b> , <br><b>SSID:</b> eduroam<br><b>Enc:</b> WPA2<br><b>AP:</b> 22<br>]]></description>
      <Point>
        <coordinates>-95.8917014,41.1458965,0</coordinates>
      </Point>
    </Placemark>
    <Placemark>
      <name>Network Nebraska - ESU 03 - Bellevue Public Schools</name>
      <description><![CDATA[<b>Name:</b> Betz Elementary<br><b>Address:</b> , <br><b>SSID:</b> eduroam<br><b>Enc:</b> WPA2<br><b>AP:</b> 33<br>]]></description>
      <Point>
        <coordinates>-95.9012716,41.1298907,0</coordinates>
      </Point>
    </Placemark>
    <Placemark>
      <name>Network Nebraska - ESU 03 - Bellevue Public Schools</name>
      <description><![CDATA[<b>Name:</b> Birchcrest Elementary<br><b>Address:</b> , <br><b>SSID:</b> eduroam<br><b>Enc:</b> WPA2<br><b>AP:</b> 36<br>]]></description>
      <Point>
        <coordinates>-95.9140297,41.1479977,0</coordinates>
      </Point>
    </Placemark>
    <Placemark>
      <name>Network Nebraska - ESU 03 - Bellevue Public Schools</name>
      <description><![CDATA[<b>Name:</b> Central Elementary<br><b>Address:</b> , <br><b>SSID:</b> eduroam<br><b>Enc:</b> WPA2<br><b>AP:</b> 17<br>]]></description>
      <Point>
        <coordinates>-95.8998066,41.1379344,0</coordinates>
      </Point>
    </Placemark>
    <Placemark>
      <name>Network Nebraska - ESU 03 - Bellevue Public Schools</name>
      <description><![CDATA[<b>Name:</b> Fairview Elementary<br><b>Address:</b> , <br><b>SSID:</b> eduroam<br><b>Enc:</b> WPA2<br><b>AP:</b> 41<br>]]></description>
      <Point>
        <coordinates>-95.9414664,41.1026615,0</coordinates>
      </Point>
    </Placemark>
    <Placemark>
      <name>Network Nebraska - ESU 03 - Bellevue Public Schools</name>
      <description><![CDATA[<b>Name:</b> Fort Crook Elementary<br><b>Address:</b> , <br><b>SSID:</b> eduroam<br><b>Enc:</b> WPA2<br><b>AP:</b> 35<br>]]></description>
      <Point>
        <coordinates>-95.9466085,41.1207182,0</coordinates>
      </Point>
    </Placemark>
    <Placemark>
      <name>Network Nebraska - ESU 03 - Bellevue Public Schools</name>
      <description><![CDATA[<b>Name:</b> Kumor Career Center<br><b>Address:</b> , <br><b>SSID:</b> eduroam<br><b>Enc:</b> WPA2<br><b>AP:</b> 12<br>]]></description>
      <Point>
        <coordinates>-95.932529,41.1415204,0</coordinates>
      </Point>
    </Placemark>
    <Placemark>
      <name>Network Nebraska - ESU 03 - Bellevue Public Schools</name>
      <description><![CDATA[<b>Name:</b> LeMay Elementary<br><b>Address:</b> , <br><b>SSID:</b> eduroam<br><b>Enc:</b> WPA2<br><b>AP:</b> 37<br>]]></description>
      <Point>
        <coordinates>-95.9516225,41.1299658,0</coordinates>
      </Point>
    </Placemark>
    <Placemark>
      <name>Network Nebraska - ESU 03 - Bellevue Public Schools</name>
      <description><![CDATA[<b>Name:</b> Leonard Lawrence Elementary<br><b>Address:</b> , <br><b>SSID:</b> eduroam<br><b>Enc:</b> WPA2<br><b>AP:</b> 40<br>]]></description>
      <Point>
        <coordinates>-95.927677,41.1415505,0</coordinates>
      </Point>
    </Placemark>
    <Placemark>
      <name>Network Nebraska - ESU 03 - Bellevue Public Schools</name>
      <description><![CDATA[<b>Name:</b> Lewis and Clark Middle School<br><b>Address:</b> , <br><b>SSID:</b> eduroam<br><b>Enc:</b> WPA2<br><b>AP:</b> 66<br>]]></description>
      <Point>
        <coordinates>-95.9728997,41.1101341,0</coordinates>
      </Point>
    </Placemark>
    <Placemark>
      <name>Network Nebraska - ESU 03 - Bellevue Public Schools</name>
      <description><![CDATA[<b>Name:</b> Lied Activity Center<br><b>Address:</b> , <br><b>SSID:</b> eduroam<br><b>Enc:</b> WPA2<br><b>AP:</b> 6<br>]]></description>
      <Point>
        <coordinates>-95.929578,41.1427856,0</coordinates>
      </Point>
    </Placemark>
    <Placemark>
      <name>Network Nebraska - ESU 03 - Bellevue Public Schools</name>
      <description><![CDATA[<b>Name:</b> Logan Fontenelle Middle School<br><b>Address:</b> , <br><b>SSID:</b> eduroam<br><b>Enc:</b> WPA2<br><b>AP:</b> 64<br>]]></description>
      <Point>
        <coordinates>-95.9130507,41.1550075,0</coordinates>
      </Point>
    </Placemark>
    <Placemark>
      <name>Network Nebraska - ESU 03 - Bellevue Public Schools</name>
      <description><![CDATA[<b>Name:</b> Mission Middle School<br><b>Address:</b> , <br><b>SSID:</b> eduroam<br><b>Enc:</b> WPA2<br><b>AP:</b> 71<br>]]></description>
      <Point>
        <coordinates>-95.8973113,41.1374602,0</coordinates>
      </Point>
    </Placemark>
    <Placemark>
      <name>Network Nebraska - ESU 03 - Bellevue Public Schools</name>
      <description><![CDATA[<b>Name:</b> Peter Sarpy Elementary<br><b>Address:</b> , <br><b>SSID:</b> eduroam<br><b>Enc:</b> WPA2<br><b>AP:</b> 35<br>]]></description>
      <Point>
        <coordinates>-95.958229,41.1233544,0</coordinates>
      </Point>
    </Placemark>
    <Placemark>
      <name>Network Nebraska - ESU 03 - Bellevue Public Schools</name>
      <description><![CDATA[<b>Name:</b> Support Center<br><b>Address:</b> , <br><b>SSID:</b> eduroam<br><b>Enc:</b> WPA2<br><b>AP:</b> 9<br>]]></description>
      <Point>
        <coordinates>-95.9326283,41.1423942,0</coordinates>
      </Point>
    </Placemark>
    <Placemark>
      <name>Network Nebraska - ESU 03 - Bellevue Public Schools</name>
      <description><![CDATA[<b>Name:</b> Twin Ridge Elementary<br><b>Address:</b> , <br><b>SSID:</b> eduroam<br><b>Enc:</b> WPA2<br><b>AP:</b> 28<br>]]></description>
      <Point>
        <coordinates>-95.9237386,41.144822,0</coordinates>
      </Point>
    </Placemark>
    <Placemark>
      <name>Network Nebraska - ESU 03 - Bellevue Public Schools</name>
      <description><![CDATA[<b>Name:</b> Two Springs Elementary<br><b>Address:</b> , <br><b>SSID:</b> eduroam<br><b>Enc:</b> WPA2<br><b>AP:</b> 39<br>]]></description>
      <Point>
        <coordinates>-95.958207,41.0974978,0</coordinates>
      </Point>
    </Placemark>
    <Placemark>
      <name>Network Nebraska - ESU 03 - Bellevue Public Schools</name>
      <description><![CDATA[<b>Name:</b> Wake Robin Elementary<br><b>Address:</b> , <br><b>SSID:</b> eduroam<br><b>Enc:</b> WPA2<br><b>AP:</b> 32<br>]]></description>
      <Point>
        <coordinates>-95.909853,41.1540552,0</coordinates>
      </Point>
    </Placemark>
    <Placemark>
      <name>Network Nebraska - ESU 03 - Bellevue Public Schools</name>
      <description><![CDATA[<b>Name:</b> Welcome Center<br><b>Address:</b> , <br><b>SSID:</b> eduroam<br><b>Enc:</b> WPA2<br><b>AP:</b> 21<br>]]></description>
      <Point>
        <coordinates>-95.927677,41.1415505,0</coordinates>
      </Point>
    </Placemark>
    <Placemark>
      <name>Network Nebraska - ESU 03 - Conestoga Public Schools</name>
      <description><![CDATA[<b>Name:</b> Conestoga Public Schools<br><b>Address:</b> , <br><b>SSID:</b> eduroam<br><b>Enc:</b> WPA2<br><b>AP:</b> 90<br>]]></description>
      <Point>
        <coordinates>-95.9804486,40.9140404,0</coordinates>
      </Point>
    </Placemark>
    <Placemark>
      <name>Network Nebraska - ESU 03 - Douglas County West Community School</name>
      <description><![CDATA[<b>Name:</b> Network Nebraska - ESU 03 - Douglas County Community School<br><b>Address:</b> , <br><b>SSID:</b> eduroam<br><b>Enc:</b> WPA2<br><b>AP:</b> 100<br>]]></description>
      <Point>
        <coordinates>-96.342893,41.309604,0</coordinates>
      </Point>
    </Placemark>
    <Placemark>
      <name>Network Nebraska - ESU 03 - Elmwood Murdock Public Schools</name>
      <description><![CDATA[<b>Name:</b> Elmwood-Murdock<br><b>Address:</b> , <br><b>SSID:</b> eduroam<br><b>Enc:</b> WPA2<br><b>AP:</b> 42<br>]]></description>
      <Point>
        <coordinates>-96.2842376,40.9261977,0</coordinates>
      </Point>
    </Placemark>
    <Placemark>
      <name>Network Nebraska - ESU 03 - Gretna Public Schools</name>
      <description><![CDATA[<b>Name:</b> Gretna Public Schools<br><b>Address:</b> , <br><b>SSID:</b> eduroam<br><b>Enc:</b> WPA2<br><b>AP:</b> 446<br>]]></description>
      <Point>
        <coordinates>-96.2532846,41.1074156,0</coordinates>
      </Point>
    </Placemark>
    <Placemark>
      <name>Network Nebraska - ESU 03 - Westside District 66</name>
      <description><![CDATA[<b>Name:</b> Westside Community Schools<br><b>Address:</b> , <br><b>SSID:</b> eduroam<br><b>Enc:</b> WPA2<br><b>AP:</b> 8<br>]]></description>
      <Point>
        <coordinates>-96.0308459,41.2501324,0</coordinates>
      </Point>
    </Placemark>
    <Placemark>
      <name>Network Nebraska - ESU 04 - Auburn Public Schools</name>
      <description><![CDATA[<b>Name:</b> Auburn Middle/High School<br><b>Address:</b> , <br><b>SSID:</b> eduroam<br><b>Enc:</b> WPA2<br><b>AP:</b> -<br>]]></description>
      <Point>
        <coordinates>-95.8510451,40.3914916,0</coordinates>
      </Point>
    </Placemark>
    <Placemark>
      <name>Network Nebraska - ESU 04 - Auburn Public Schools</name>
      <description><![CDATA[<b>Name:</b> Auburn Public School Administration Office<br><b>Address:</b> , <br><b>SSID:</b> eduroam<br><b>Enc:</b> WPA2<br><b>AP:</b> -<br>]]></description>
      <Point>
        <coordinates>-95.8381036,40.3871436,0</coordinates>
      </Point>
    </Placemark>
    <Placemark>
      <name>Network Nebraska - ESU 04 - Auburn Public Schools</name>
      <description><![CDATA[<b>Name:</b> Calvert Elementary<br><b>Address:</b> , <br><b>SSID:</b> eduroam<br><b>Enc:</b> WPA2<br><b>AP:</b> -<br>]]></description>
      <Point>
        <coordinates>-95.8450274,40.383618,0</coordinates>
      </Point>
    </Placemark>
    <Placemark>
      <name>Network Nebraska - ESU 04 - Falls City Public Schools</name>
      <description><![CDATA[<b>Name:</b> Falls City High School<br><b>Address:</b> , <br><b>SSID:</b> eduroam<br><b>Enc:</b> WPA2<br><b>AP:</b> 37<br>]]></description>
      <Point>
        <coordinates>-95.5948807,40.0593789,0</coordinates>
      </Point>
    </Placemark>
    <Placemark>
      <name>Network Nebraska - ESU 04 - Falls City Public Schools</name>
      <description><![CDATA[<b>Name:</b> Falls City Middle School<br><b>Address:</b> , <br><b>SSID:</b> eduroam<br><b>Enc:</b> WPA2<br><b>AP:</b> 21<br>]]></description>
      <Point>
        <coordinates>-95.5997239,40.0595443,0</coordinates>
      </Point>
    </Placemark>
    <Placemark>
      <name>Network Nebraska - ESU 04 - Falls City Public Schools</name>
      <description><![CDATA[<b>Name:</b> Falls City North Elementary<br><b>Address:</b> , <br><b>SSID:</b> eduroam<br><b>Enc:</b> WPA2<br><b>AP:</b> 18<br>]]></description>
      <Point>
        <coordinates>-95.603336,40.0702293,0</coordinates>
      </Point>
    </Placemark>
    <Placemark>
      <name>Network Nebraska - ESU 04 - Falls City Public Schools</name>
      <description><![CDATA[<b>Name:</b> Falls City South Elementary<br><b>Address:</b> , <br><b>SSID:</b> eduroam<br><b>Enc:</b> WPA2<br><b>AP:</b> 18<br>]]></description>
      <Point>
        <coordinates>-95.595168,40.0556515,0</coordinates>
      </Point>
    </Placemark>
    <Placemark>
      <name>Network Nebraska - ESU 04 - Johnson Brock Public Schools</name>
      <description><![CDATA[<b>Name:</b> Johnson Brock Public School<br><b>Address:</b> , <br><b>SSID:</b> eduroam<br><b>Enc:</b> WPA2<br><b>AP:</b> -<br>]]></description>
      <Point>
        <coordinates>-95.9976436,40.4122287,0</coordinates>
      </Point>
    </Placemark>
    <Placemark>
      <name>Network Nebraska - ESU 04 - Lewiston Consolidated Schools</name>
      <description><![CDATA[<b>Name:</b> Lewiston Consolidated School<br><b>Address:</b> , <br><b>SSID:</b> eduroam<br><b>Enc:</b> WPA2<br><b>AP:</b> -<br>]]></description>
      <Point>
        <coordinates>-96.4100765,40.2432713,0</coordinates>
      </Point>
    </Placemark>
    <Placemark>
      <name>Network Nebraska - ESU 04 - Nebraska City Public Schools</name>
      <description><![CDATA[<b>Name:</b> Hayward Elementary School<br><b>Address:</b> , <br><b>SSID:</b> eduroam<br><b>Enc:</b> WPA2<br><b>AP:</b> -<br>]]></description>
      <Point>
        <coordinates>-95.8634947,40.6746255,0</coordinates>
      </Point>
    </Placemark>
    <Placemark>
      <name>Network Nebraska - ESU 04 - Nebraska City Public Schools</name>
      <description><![CDATA[<b>Name:</b> Main Office - Nebraska City Public Schools<br><b>Address:</b> , <br><b>SSID:</b> eduroam<br><b>Enc:</b> WPA2<br><b>AP:</b> -<br>]]></description>
      <Point>
        <coordinates>-95.8658036,40.6901491,0</coordinates>
      </Point>
    </Placemark>
    <Placemark>
      <name>Network Nebraska - ESU 04 - Nebraska City Public Schools</name>
      <description><![CDATA[<b>Name:</b> Nebraska City High School<br><b>Address:</b> , <br><b>SSID:</b> eduroam<br><b>Enc:</b> WPA2<br><b>AP:</b> -<br>]]></description>
      <Point>
        <coordinates>-95.879081,40.6783363,0</coordinates>
      </Point>
    </Placemark>
    <Placemark>
      <name>Network Nebraska - ESU 04 - Nebraska City Public Schools</name>
      <description><![CDATA[<b>Name:</b> Nebraska City Middle School<br><b>Address:</b> , <br><b>SSID:</b> eduroam<br><b>Enc:</b> WPA2<br><b>AP:</b> -<br>]]></description>
      <Point>
        <coordinates>-95.8571666,40.6744133,0</coordinates>
      </Point>
    </Placemark>
    <Placemark>
      <name>Network Nebraska - ESU 04 - Nebraska City Public Schools</name>
      <description><![CDATA[<b>Name:</b> Northside Elementary School<br><b>Address:</b> , <br><b>SSID:</b> eduroam<br><b>Enc:</b> WPA2<br><b>AP:</b> -<br>]]></description>
      <Point>
        <coordinates>-95.8603615,40.6897935,0</coordinates>
      </Point>
    </Placemark>
    <Placemark>
      <name>Network Nebraska - ESU 04 - Pawnee City Public Schools</name>
      <description><![CDATA[<b>Name:</b> Pawnee City Public School<br><b>Address:</b> , <br><b>SSID:</b> eduroam<br><b>Enc:</b> WPA2<br><b>AP:</b> -<br>]]></description>
      <Point>
        <coordinates>-96.1557402,40.1112058,0</coordinates>
      </Point>
    </Placemark>
    <Placemark>
      <name>Network Nebraska - ESU 04 - Sterling Public Schools</name>
      <description><![CDATA[<b>Name:</b> Sterling<br><b>Address:</b> , <br><b>SSID:</b> eduroam<br><b>Enc:</b> WPA2<br><b>AP:</b> 20<br>]]></description>
      <Point>
        <coordinates>-96.3757159,40.4604403,0</coordinates>
      </Point>
    </Placemark>
    <Placemark>
      <name>Network Nebraska - ESU 06 - Crete Public Schools</name>
      <description><![CDATA[<b>Name:</b> Crete<br><b>Address:</b> , <br><b>SSID:</b> eduroam<br><b>Enc:</b> WPA2<br><b>AP:</b> 259<br>]]></description>
      <Point>
        <coordinates>-96.9607577,40.6222076,0</coordinates>
      </Point>
    </Placemark>
    <Placemark>
      <name>Network Nebraska - ESU 06 - EMF Public Schools</name>
      <description><![CDATA[<b>Name:</b> Exeter Site<br><b>Address:</b> , <br><b>SSID:</b> eduroam<br><b>Enc:</b> WPA2<br><b>AP:</b> 33<br>]]></description>
      <Point>
        <coordinates>-97.4456569,40.6424337,0</coordinates>
      </Point>
    </Placemark>
    <Placemark>
      <name>Network Nebraska - ESU 06 - EMF Public Schools</name>
      <description><![CDATA[<b>Name:</b> Friend Site<br><b>Address:</b> , <br><b>SSID:</b> eduroam<br><b>Enc:</b> WPA2<br><b>AP:</b> 70<br>]]></description>
      <Point>
        <coordinates>-97.2883767,40.6505175,0</coordinates>
      </Point>
    </Placemark>
    <Placemark>
      <name>Network Nebraska - ESU 06 - Heartland Community Schools</name>
      <description><![CDATA[<b>Name:</b> Henderson<br><b>Address:</b> , <br><b>SSID:</b> eduroam<br><b>Enc:</b> WPA2+WPA<br><b>AP:</b> 45<br>]]></description>
      <Point>
        <coordinates>-97.8103683,40.7829117,0</coordinates>
      </Point>
    </Placemark>
    <Placemark>
      <name>Network Nebraska - ESU 06 - Malcolm Public Schools</name>
      <description><![CDATA[<b>Name:</b> Malcolm<br><b>Address:</b> , <br><b>SSID:</b> eduroam<br><b>Enc:</b> WPA2+WPA<br><b>AP:</b> 56<br>]]></description>
      <Point>
        <coordinates>-96.8684398,40.9136138,0</coordinates>
      </Point>
    </Placemark>
    <Placemark>
      <name>Network Nebraska - ESU 06 - McCool Junction Public Schools</name>
      <description><![CDATA[<b>Name:</b> McCool Junction Public Schools<br><b>Address:</b> , <br><b>SSID:</b> eduroam<br><b>Enc:</b> WPA2<br><b>AP:</b> 37<br>]]></description>
      <Point>
        <coordinates>-97.5975499,40.7441762,0</coordinates>
      </Point>
    </Placemark>
    <Placemark>
      <name>Network Nebraska - ESU 06 - Shickley Public Schools</name>
      <description><![CDATA[<b>Name:</b> Shickley<br><b>Address:</b> , <br><b>SSID:</b> eduroam<br><b>Enc:</b> WPA2<br><b>AP:</b> 30<br>]]></description>
      <Point>
        <coordinates>-97.7225367,40.4185325,0</coordinates>
      </Point>
    </Placemark>
    <Placemark>
      <name>Network Nebraska - ESU 06 - York Public Schools</name>
      <description><![CDATA[<b>Name:</b> York<br><b>Address:</b> , <br><b>SSID:</b> eduroam<br><b>Enc:</b> WPA2+WPA<br><b>AP:</b> 77<br>]]></description>
      <Point>
        <coordinates>-97.5793462,40.878092,0</coordinates>
      </Point>
    </Placemark>
    <Placemark>
      <name>Network Nebraska - ESU 07</name>
      <description><![CDATA[<b>Name:</b> Educational Service Unit 7<br><b>Address:</b> , <br><b>SSID:</b> eduroam<br><b>Enc:</b> WPA2<br><b>AP:</b> 33<br>]]></description>
      <Point>
        <coordinates>-97.3805687,41.4419715,0</coordinates>
      </Point>
    </Placemark>
    <Placemark>
      <name>Network Nebraska - ESU 07 - Boone Central Schools</name>
      <description><![CDATA[<b>Name:</b> Boone Central Schools<br><b>Address:</b> , <br><b>SSID:</b> eduroam<br><b>Enc:</b> WPA2<br><b>AP:</b> 84<br>]]></description>
      <Point>
        <coordinates>-98.0036846,41.687742,0</coordinates>
      </Point>
    </Placemark>
    <Placemark>
      <name>Network Nebraska - ESU 07 - Clarkson Public Schools</name>
      <description><![CDATA[<b>Name:</b> Clarkson Public Schools<br><b>Address:</b> , <br><b>SSID:</b> eduroam<br><b>Enc:</b> WPA2<br><b>AP:</b> 35<br>]]></description>
      <Point>
        <coordinates>-97.1238004,41.719679,0</coordinates>
      </Point>
    </Placemark>
    <Placemark>
      <name>Network Nebraska - ESU 07 - East Butler Public School</name>
      <description><![CDATA[<b>Name:</b> Elementary School<br><b>Address:</b> , <br><b>SSID:</b> eduroam<br><b>Enc:</b> WPA2<br><b>AP:</b> 14<br>]]></description>
      <Point>
        <coordinates>-97.0190516,41.0841186,0</coordinates>
      </Point>
    </Placemark>
    <Placemark>
      <name>Network Nebraska - ESU 07 - East Butler Public School</name>
      <description><![CDATA[<b>Name:</b> High School<br><b>Address:</b> , <br><b>SSID:</b> eduroam<br><b>Enc:</b> WPA2<br><b>AP:</b> 47<br>]]></description>
      <Point>
        <coordinates>-97.002307,41.1817038,0</coordinates>
      </Point>
    </Placemark>
    <Placemark>
      <name>Network Nebraska - ESU 07 - Howells-Dodge Consolidated Schools</name>
      <description><![CDATA[<b>Name:</b> Dodge Attendance Center<br><b>Address:</b> , <br><b>SSID:</b> eduroam<br><b>Enc:</b> WPA2<br><b>AP:</b> 12<br>]]></description>
      <Point>
        <coordinates>-96.8792916,41.7214851,0</coordinates>
      </Point>
    </Placemark>
    <Placemark>
      <name>Network Nebraska - ESU 07 - Howells-Dodge Consolidated Schools</name>
      <description><![CDATA[<b>Name:</b> Howells Attendance Center<br><b>Address:</b> , <br><b>SSID:</b> eduroam<br><b>Enc:</b> WPA2<br><b>AP:</b> 37<br>]]></description>
      <Point>
        <coordinates>-97.005328,41.724123,0</coordinates>
      </Point>
    </Placemark>
    <Placemark>
      <name>Network Nebraska - ESU 07 - Lakeview Community Schools</name>
      <description><![CDATA[<b>Name:</b> Lakeview High School<br><b>Address:</b> , <br><b>SSID:</b> eduroam<br><b>Enc:</b> WPA2<br><b>AP:</b> 62<br>]]></description>
      <Point>
        <coordinates>-97.3753973,41.4997803,0</coordinates>
      </Point>
    </Placemark>
    <Placemark>
      <name>Network Nebraska - ESU 07 - Lakeview Community Schools</name>
      <description><![CDATA[<b>Name:</b> Platte Center Elementary<br><b>Address:</b> , <br><b>SSID:</b> eduroam<br><b>Enc:</b> WPA2<br><b>AP:</b> 13<br>]]></description>
      <Point>
        <coordinates>-97.4823042,41.5399913,0</coordinates>
      </Point>
    </Placemark>
    <Placemark>
      <name>Network Nebraska - ESU 07 - Lakeview Community Schools</name>
      <description><![CDATA[<b>Name:</b> Shell Creek Elementary<br><b>Address:</b> , <br><b>SSID:</b> eduroam<br><b>Enc:</b> WPA2<br><b>AP:</b> 27<br>]]></description>
      <Point>
        <coordinates>-97.3409436,41.5110026,0</coordinates>
      </Point>
    </Placemark>
    <Placemark>
      <name>Network Nebraska - ESU 07 - Leigh Community School</name>
      <description><![CDATA[<b>Name:</b> Leigh Community Schools<br><b>Address:</b> , <br><b>SSID:</b> eduroam<br><b>Enc:</b> WPA2<br><b>AP:</b> 46<br>]]></description>
      <Point>
        <coordinates>-97.2401907,41.7076207,0</coordinates>
      </Point>
    </Placemark>
    <Placemark>
      <name>Network Nebraska - ESU 07 - Osceola Public Schools</name>
      <description><![CDATA[<b>Name:</b> Osceola High School<br><b>Address:</b> , <br><b>SSID:</b> eduroam<br><b>Enc:</b> WPA2<br><b>AP:</b> 55<br>]]></description>
      <Point>
        <coordinates>-97.5446111,41.1724213,0</coordinates>
      </Point>
    </Placemark>
    <Placemark>
      <name>Network Nebraska - ESU 07 - Palmer Public Schools</name>
      <description><![CDATA[<b>Name:</b> Palmer Public Schools<br><b>Address:</b> , <br><b>SSID:</b> eduroam<br><b>Enc:</b> WPA2<br><b>AP:</b> 40<br>]]></description>
      <Point>
        <coordinates>-98.2661994,41.2230583,0</coordinates>
      </Point>
    </Placemark>
    <Placemark>
      <name>Network Nebraska - ESU 07 - Schuyler Community Schools</name>
      <description><![CDATA[<b>Name:</b> Fishers Elementary School<br><b>Address:</b> , <br><b>SSID:</b> eduroam<br><b>Enc:</b> WPA2<br><b>AP:</b> 7<br>]]></description>
      <Point>
        <coordinates>-97.0788073,41.5251083,0</coordinates>
      </Point>
    </Placemark>
    <Placemark>
      <name>Network Nebraska - ESU 07 - Schuyler Community Schools</name>
      <description><![CDATA[<b>Name:</b> Richland Elementary School<br><b>Address:</b> , <br><b>SSID:</b> eduroam<br><b>Enc:</b> WPA2<br><b>AP:</b> 9<br>]]></description>
      <Point>
        <coordinates>-97.2140415,41.4758503,0</coordinates>
      </Point>
    </Placemark>
    <Placemark>
      <name>Network Nebraska - ESU 07 - Schuyler Community Schools</name>
      <description><![CDATA[<b>Name:</b> Schuyler Central H.S.<br><b>Address:</b> , <br><b>SSID:</b> eduroam<br><b>Enc:</b> WPA2<br><b>AP:</b> 70<br>]]></description>
      <Point>
        <coordinates>-97.0611831,41.4401709,0</coordinates>
      </Point>
    </Placemark>
    <Placemark>
      <name>Network Nebraska - ESU 07 - Schuyler Community Schools</name>
      <description><![CDATA[<b>Name:</b> Schuyler Community Schools<br><b>Address:</b> , <br><b>SSID:</b> eduroam<br><b>Enc:</b> WPA2<br><b>AP:</b> 12<br>]]></description>
      <Point>
        <coordinates>-97.0633936,41.4580435,0</coordinates>
      </Point>
    </Placemark>
    <Placemark>
      <name>Network Nebraska - ESU 07 - Schuyler Community Schools</name>
      <description><![CDATA[<b>Name:</b> Schuyler Elementary School<br><b>Address:</b> , <br><b>SSID:</b> eduroam<br><b>Enc:</b> WPA2<br><b>AP:</b> 63<br>]]></description>
      <Point>
        <coordinates>-97.0623646,41.4624049,0</coordinates>
      </Point>
    </Placemark>
    <Placemark>
      <name>Network Nebraska - ESU 07 - Schuyler Community Schools</name>
      <description><![CDATA[<b>Name:</b> Schuyler Middle School<br><b>Address:</b> , <br><b>SSID:</b> eduroam<br><b>Enc:</b> WPA2<br><b>AP:</b> 46<br>]]></description>
      <Point>
        <coordinates>-97.0602217,41.4460024,0</coordinates>
      </Point>
    </Placemark>
    <Placemark>
      <name>Network Nebraska - ESU 07 - Schuyler Community Schools</name>
      <description><![CDATA[<b>Name:</b> Schuyler Preschool<br><b>Address:</b> , <br><b>SSID:</b> eduroam<br><b>Enc:</b> WPA2<br><b>AP:</b> 4<br>]]></description>
      <Point>
        <coordinates>-97.0584978,41.4518297,0</coordinates>
      </Point>
    </Placemark>
    <Placemark>
      <name>Network Nebraska - ESU 07 - St. Edward Public Schools</name>
      <description><![CDATA[<b>Name:</b> Saint Edward Public School<br><b>Address:</b> , <br><b>SSID:</b> eduroam<br><b>Enc:</b> WPA2<br><b>AP:</b> 27<br>]]></description>
      <Point>
        <coordinates>-97.8613618,41.5714072,0</coordinates>
      </Point>
    </Placemark>
    <Placemark>
      <name>Network Nebraska - ESU 09 - Tekamah-Herman Public School</name>
      <description><![CDATA[<b>Name:</b> Tekaham-Herman Public Schools<br><b>Address:</b> , <br><b>SSID:</b> eduroam<br><b>Enc:</b> WPA2<br><b>AP:</b> 83<br>]]></description>
      <Point>
        <coordinates>-96.2221032,41.7788592,0</coordinates>
      </Point>
    </Placemark>
    <Placemark>
      <name>Network Nebraska - ESU 10 - Anselmo-Merna Public Schools</name>
      <description><![CDATA[<b>Name:</b> Anselmo Merna K-12<br><b>Address:</b> , <br><b>SSID:</b> eduroam<br><b>Enc:</b> WPA2<br><b>AP:</b> 35<br>]]></description>
      <Point>
        <coordinates>-99.7676944,41.4859628,0</coordinates>
      </Point>
    </Placemark>
    <Placemark>
      <name>Network Nebraska - ESU 10 - Ansley Public Schools</name>
      <description><![CDATA[<b>Name:</b> Ansley Public Schools<br><b>Address:</b> , <br><b>SSID:</b> eduroam<br><b>Enc:</b> WPA2<br><b>AP:</b> 20<br>]]></description>
      <Point>
        <coordinates>-99.3781271,41.2912948,0</coordinates>
      </Point>
    </Placemark>
    <Placemark>
      <name>Network Nebraska - ESU 10 - Arnold Public Schools</name>
      <description><![CDATA[<b>Name:</b> Arnold Public Schools<br><b>Address:</b> , <br><b>SSID:</b> eduroam<br><b>Enc:</b> WPA2<br><b>AP:</b> 22<br>]]></description>
      <Point>
        <coordinates>-100.1917757,41.4257855,0</coordinates>
      </Point>
    </Placemark>
    <Placemark>
      <name>Network Nebraska - ESU 10 - Burwell Jr-Sr Public Schools</name>
      <description><![CDATA[<b>Name:</b> Burwell Elementary School<br><b>Address:</b> , <br><b>SSID:</b> eduroam<br><b>Enc:</b> WPA2<br><b>AP:</b> 13<br>]]></description>
      <Point>
        <coordinates>-99.1287967,41.780611,0</coordinates>
      </Point>
    </Placemark>
    <Placemark>
      <name>Network Nebraska - ESU 10 - Burwell Jr-Sr Public Schools</name>
      <description><![CDATA[<b>Name:</b> Burwell Jr Sr High School<br><b>Address:</b> , <br><b>SSID:</b> eduroam<br><b>Enc:</b> WPA2<br><b>AP:</b> 14<br>]]></description>
      <Point>
        <coordinates>-99.1266027,41.7791382,0</coordinates>
      </Point>
    </Placemark>
    <Placemark>
      <name>Network Nebraska - ESU 10 - Callaway Public Schools</name>
      <description><![CDATA[<b>Name:</b> Callaway Public Schools<br><b>Address:</b> , <br><b>SSID:</b> eduroam<br><b>Enc:</b> WPA3+WPA2+WPA<br><b>AP:</b> 22<br>]]></description>
      <Point>
        <coordinates>-99.9198262,41.2910077,0</coordinates>
      </Point>
    </Placemark>
    <Placemark>
      <name>Network Nebraska - ESU 10 - Central Valley Public Schools</name>
      <description><![CDATA[<b>Name:</b> Central Valley Elementary<br><b>Address:</b> , <br><b>SSID:</b> eduroam<br><b>Enc:</b> WPA2<br><b>AP:</b> 21<br>]]></description>
      <Point>
        <coordinates>-98.7002679,41.4687681,0</coordinates>
      </Point>
    </Placemark>
    <Placemark>
      <name>Network Nebraska - ESU 10 - Central Valley Public Schools</name>
      <description><![CDATA[<b>Name:</b> Central Valley High School<br><b>Address:</b> , <br><b>SSID:</b> eduroam<br><b>Enc:</b> WPA2<br><b>AP:</b> 28<br>]]></description>
      <Point>
        <coordinates>-98.5294804,41.5516544,0</coordinates>
      </Point>
    </Placemark>
    <Placemark>
      <name>Network Nebraska - ESU 10 - Gibbon Public Schools</name>
      <description><![CDATA[<b>Name:</b> Gibbon Public Schools<br><b>Address:</b> , <br><b>SSID:</b> eduroam<br><b>Enc:</b> WPA2<br><b>AP:</b> 69<br>]]></description>
      <Point>
        <coordinates>-98.8478193,40.7379068,0</coordinates>
      </Point>
    </Placemark>
    <Placemark>
      <name>Network Nebraska - ESU 10 - Heartland Lutheran High School</name>
      <description><![CDATA[<b>Name:</b> Heartland Lutheran High School<br><b>Address:</b> , <br><b>SSID:</b> eduroam<br><b>Enc:</b> WPA2<br><b>AP:</b> 9<br>]]></description>
      <Point>
        <coordinates>-98.3954661,40.8888107,0</coordinates>
      </Point>
    </Placemark>
    <Placemark>
      <name>Network Nebraska - ESU 10 - Litchfield Public Schools</name>
      <description><![CDATA[<b>Name:</b> Litchfield Public Schools<br><b>Address:</b> , <br><b>SSID:</b> eduroam<br><b>Enc:</b> WPA2<br><b>AP:</b> 15<br>]]></description>
      <Point>
        <coordinates>-99.1558155,41.1594593,0</coordinates>
      </Point>
    </Placemark>
    <Placemark>
      <name>Network Nebraska - ESU 10 - Ord Jr-Sr Public Schools</name>
      <description><![CDATA[<b>Name:</b> Ord Public Schools<br><b>Address:</b> , <br><b>SSID:</b> eduroam<br><b>Enc:</b> WPA2<br><b>AP:</b> 47<br>]]></description>
      <Point>
        <coordinates>-98.9322962,41.6047008,0</coordinates>
      </Point>
    </Placemark>
    <Placemark>
      <name>Network Nebraska - ESU 10 - Overton Public Schools</name>
      <description><![CDATA[<b>Name:</b> Overton Public Schools<br><b>Address:</b> , <br><b>SSID:</b> eduroam<br><b>Enc:</b> WPA2<br><b>AP:</b> 31<br>]]></description>
      <Point>
        <coordinates>-99.5367115,40.7411674,0</coordinates>
      </Point>
    </Placemark>
    <Placemark>
      <name>Network Nebraska - ESU 10 - Riverside Public Schools</name>
      <description><![CDATA[<b>Name:</b> Cedar Rapids Site<br><b>Address:</b> , <br><b>SSID:</b> eduroam<br><b>Enc:</b> WPA2<br><b>AP:</b> 24<br>]]></description>
      <Point>
        <coordinates>-98.1487307,41.5614516,0</coordinates>
      </Point>
    </Placemark>
    <Placemark>
      <name>Network Nebraska - ESU 10 - Riverside Public Schools</name>
      <description><![CDATA[<b>Name:</b> Spalding Site<br><b>Address:</b> , <br><b>SSID:</b> eduroam<br><b>Enc:</b> WPA2<br><b>AP:</b> 16<br>]]></description>
      <Point>
        <coordinates>-98.3605383,41.688713,0</coordinates>
      </Point>
    </Placemark>
    <Placemark>
      <name>Network Nebraska - ESU 10 - Sandhills Public Schools</name>
      <description><![CDATA[<b>Name:</b> Sandhills Elementary<br><b>Address:</b> , <br><b>SSID:</b> eduroam<br><b>Enc:</b> WPA2<br><b>AP:</b> 8<br>]]></description>
      <Point>
        <coordinates>-100.2688943,41.9031595,0</coordinates>
      </Point>
    </Placemark>
    <Placemark>
      <name>Network Nebraska - ESU 10 - Sandhills Public Schools</name>
      <description><![CDATA[<b>Name:</b> Sandhills High School<br><b>Address:</b> , <br><b>SSID:</b> eduroam<br><b>Enc:</b> WPA2<br><b>AP:</b> 12<br>]]></description>
      <Point>
        <coordinates>-100.1062441,41.826389,0</coordinates>
      </Point>
    </Placemark>
    <Placemark>
      <name>Network Nebraska - ESU 10 - Shelton Public Schools</name>
      <description><![CDATA[<b>Name:</b> Shelton Public Schools<br><b>Address:</b> , <br><b>SSID:</b> eduroam<br><b>Enc:</b> WPA2<br><b>AP:</b> 25<br>]]></description>
      <Point>
        <coordinates>-98.7358242,40.7707787,0</coordinates>
      </Point>
    </Placemark>
    <Placemark>
      <name>Network Nebraska - ESU 10 - St Paul Public Schools</name>
      <description><![CDATA[<b>Name:</b> St. Paul Public Schools<br><b>Address:</b> , <br><b>SSID:</b> eduroam<br><b>Enc:</b> WPA2<br><b>AP:</b> 69<br>]]></description>
      <Point>
        <coordinates>-98.466242,41.2125539,0</coordinates>
      </Point>
    </Placemark>
    <Placemark>
      <name>Network Nebraska - ESU 10 - Sumner/Eddyville/Miller Public Schools</name>
      <description><![CDATA[<b>Name:</b> Sumner-Eddyville-Miller Schools<br><b>Address:</b> , <br><b>SSID:</b> eduroam<br><b>Enc:</b> WPA2<br><b>AP:</b> 27<br>]]></description>
      <Point>
        <coordinates>-99.5069551,40.9502535,0</coordinates>
      </Point>
    </Placemark>
    <Placemark>
      <name>Network Nebraska - ESU 10 - Wood River Rural Public Schools</name>
      <description><![CDATA[<b>Name:</b> Wood River Public Schools<br><b>Address:</b> , <br><b>SSID:</b> eduroam<br><b>Enc:</b> WPA2<br><b>AP:</b> 50<br>]]></description>
      <Point>
        <coordinates>-98.605176,40.8308892,0</coordinates>
      </Point>
    </Placemark>
    <Placemark>
      <name>Network Nebraska - ESU 11 - Alma Public Schools</name>
      <description><![CDATA[<b>Name:</b> Alma Public Schools<br><b>Address:</b> , <br><b>SSID:</b> eduroam<br><b>Enc:</b> WPA2<br><b>AP:</b> 47<br>]]></description>
      <Point>
        <coordinates>-99.3616196,40.1030032,0</coordinates>
      </Point>
    </Placemark>
    <Placemark>
      <name>Network Nebraska - ESU 11 - Arapahoe Public Schools</name>
      <description><![CDATA[<b>Name:</b> Arapahoe Public Schools<br><b>Address:</b> , <br><b>SSID:</b> eduroam<br><b>Enc:</b> WPA2<br><b>AP:</b> 56<br>]]></description>
      <Point>
        <coordinates>-99.8961406,40.3091446,0</coordinates>
      </Point>
    </Placemark>
    <Placemark>
      <name>Network Nebraska - ESU 11 - Axtell Community School</name>
      <description><![CDATA[<b>Name:</b> Axtell Community School<br><b>Address:</b> , <br><b>SSID:</b> eduroam<br><b>Enc:</b> WPA2<br><b>AP:</b> 50<br>]]></description>
      <Point>
        <coordinates>-99.1257273,40.4809294,0</coordinates>
      </Point>
    </Placemark>
    <Placemark>
      <name>Network Nebraska - ESU 11 - Bertrand Public Schools</name>
      <description><![CDATA[<b>Name:</b> Bertrand Public Schools<br><b>Address:</b> , <br><b>SSID:</b> eduroam<br><b>Enc:</b> WPA2<br><b>AP:</b> 41<br>]]></description>
      <Point>
        <coordinates>-99.6309162,40.5222531,0</coordinates>
      </Point>
    </Placemark>
    <Placemark>
      <name>Network Nebraska - ESU 11 - Cambridge Public Schools</name>
      <description><![CDATA[<b>Name:</b> Cambridge Public Schools<br><b>Address:</b> , <br><b>SSID:</b> eduroam<br><b>Enc:</b> WPA2<br><b>AP:</b> 51<br>]]></description>
      <Point>
        <coordinates>-100.1738274,40.2837052,0</coordinates>
      </Point>
    </Placemark>
    <Placemark>
      <name>Network Nebraska - ESU 11 - Elwood Public Schools</name>
      <description><![CDATA[<b>Name:</b> Elwood Public Schools<br><b>Address:</b> , <br><b>SSID:</b> eduroam<br><b>Enc:</b> WPA2<br><b>AP:</b> 34<br>]]></description>
      <Point>
        <coordinates>-99.8649924,40.5880903,0</coordinates>
      </Point>
    </Placemark>
    <Placemark>
      <name>Network Nebraska - ESU 11 - Eustis-Farnam Public Schools</name>
      <description><![CDATA[<b>Name:</b> Eustis-Farnam Public Schools<br><b>Address:</b> , <br><b>SSID:</b> eduroam<br><b>Enc:</b> WPA2<br><b>AP:</b> 38<br>]]></description>
      <Point>
        <coordinates>-100.0260264,40.6670819,0</coordinates>
      </Point>
    </Placemark>
    <Placemark>
      <name>Network Nebraska - ESU 11 - Franklin Public Schools</name>
      <description><![CDATA[<b>Name:</b> Franklin Public Schools<br><b>Address:</b> , <br><b>SSID:</b> eduroam<br><b>Enc:</b> WPA2<br><b>AP:</b> 46<br>]]></description>
      <Point>
        <coordinates>-98.9592101,40.0956779,0</coordinates>
      </Point>
    </Placemark>
    <Placemark>
      <name>Network Nebraska - ESU 11 - Holdrege Public Schools</name>
      <description><![CDATA[<b>Name:</b> Holdrege Elementary School<br><b>Address:</b> , <br><b>SSID:</b> eduroam<br><b>Enc:</b> WPA2<br><b>AP:</b> 45<br>]]></description>
      <Point>
        <coordinates>-99.3873882,40.4515839,0</coordinates>
      </Point>
    </Placemark>
    <Placemark>
      <name>Network Nebraska - ESU 11 - Holdrege Public Schools</name>
      <description><![CDATA[<b>Name:</b> Holdrege High School<br><b>Address:</b> , <br><b>SSID:</b> eduroam<br><b>Enc:</b> WPA2<br><b>AP:</b> 48<br>]]></description>
      <Point>
        <coordinates>-99.3731187,40.4473889,0</coordinates>
      </Point>
    </Placemark>
    <Placemark>
      <name>Network Nebraska - ESU 11 - Holdrege Public Schools</name>
      <description><![CDATA[<b>Name:</b> Holdrege Middle School<br><b>Address:</b> , <br><b>SSID:</b> eduroam<br><b>Enc:</b> WPA2<br><b>AP:</b> 32<br>]]></description>
      <Point>
        <coordinates>-99.3722507,40.4490486,0</coordinates>
      </Point>
    </Placemark>
    <Placemark>
      <name>Network Nebraska - ESU 11 - Holdrege Public Schools</name>
      <description><![CDATA[<b>Name:</b> Tassel Performing Arts Center<br><b>Address:</b> , <br><b>SSID:</b> eduroam<br><b>Enc:</b> WPA2<br><b>AP:</b> 5<br>]]></description>
      <Point>
        <coordinates>-99.3730753,40.4483786,0</coordinates>
      </Point>
    </Placemark>
    <Placemark>
      <name>Network Nebraska - ESU 11 - Loomis Public Schools</name>
      <description><![CDATA[<b>Name:</b> Loomis Public Schools<br><b>Address:</b> , <br><b>SSID:</b> eduroam<br><b>Enc:</b> WPA2<br><b>AP:</b> 34<br>]]></description>
      <Point>
        <coordinates>-99.512949,40.4754198,0</coordinates>
      </Point>
    </Placemark>
    <Placemark>
      <name>Network Nebraska - ESU 11 - Minden Public Schools</name>
      <description><![CDATA[<b>Name:</b> Minden C.L. Jones Middle School<br><b>Address:</b> , <br><b>SSID:</b> eduroam<br><b>Enc:</b> WPA2<br><b>AP:</b> 34<br>]]></description>
      <Point>
        <coordinates>-98.9572256,40.4984378,0</coordinates>
      </Point>
    </Placemark>
    <Placemark>
      <name>Network Nebraska - ESU 11 - Minden Public Schools</name>
      <description><![CDATA[<b>Name:</b> Minden East Elementary School<br><b>Address:</b> , <br><b>SSID:</b> eduroam<br><b>Enc:</b> WPA2<br><b>AP:</b> 23<br>]]></description>
      <Point>
        <coordinates>-98.9482536,40.4962092,0</coordinates>
      </Point>
    </Placemark>
    <Placemark>
      <name>Network Nebraska - ESU 11 - Minden Public Schools</name>
      <description><![CDATA[<b>Name:</b> Minden High School<br><b>Address:</b> , <br><b>SSID:</b> eduroam<br><b>Enc:</b> WPA2<br><b>AP:</b> 57<br>]]></description>
      <Point>
        <coordinates>-98.9582059,40.4976113,0</coordinates>
      </Point>
    </Placemark>
    <Placemark>
      <name>Network Nebraska - ESU 11 - Southern Valley Schools</name>
      <description><![CDATA[<b>Name:</b> Southern Valley Schools<br><b>Address:</b> , <br><b>SSID:</b> eduroam<br><b>Enc:</b> WPA2<br><b>AP:</b> 61<br>]]></description>
      <Point>
        <coordinates>-99.6423132,40.1452845,0</coordinates>
      </Point>
    </Placemark>
    <Placemark>
      <name>Network Nebraska - ESU 11 - Wilcox-Hildreth Public Schools</name>
      <description><![CDATA[<b>Name:</b> Hildreth School<br><b>Address:</b> , <br><b>SSID:</b> eduroam<br><b>Enc:</b> WPA2<br><b>AP:</b> 20<br>]]></description>
      <Point>
        <coordinates>-99.0463116,40.3365617,0</coordinates>
      </Point>
    </Placemark>
    <Placemark>
      <name>Network Nebraska - ESU 11 - Wilcox-Hildreth Public Schools</name>
      <description><![CDATA[<b>Name:</b> Wilcox School<br><b>Address:</b> , <br><b>SSID:</b> eduroam<br><b>Enc:</b> WPA2<br><b>AP:</b> 45<br>]]></description>
      <Point>
        <coordinates>-99.1671694,40.3649721,0</coordinates>
      </Point>
    </Placemark>
    <Placemark>
      <name>Network Nebraska - ESU 13 - Creek Valley Public Schools</name>
      <description><![CDATA[<b>Name:</b> Creek Vally Public Schools High Schools<br><b>Address:</b> , <br><b>SSID:</b> eduroam<br><b>Enc:</b> WPA2<br><b>AP:</b> 11<br>]]></description>
      <Point>
        <coordinates>-102.4626503,41.093635,0</coordinates>
      </Point>
    </Placemark>
    <Placemark>
      <name>Network Nebraska - ESU 13 - Kimball Public Schools</name>
      <description><![CDATA[<b>Name:</b> Kimball Jr/Sr High School<br><b>Address:</b> , <br><b>SSID:</b> eduroam<br><b>Enc:</b> WPA3+WPA2+WPA<br><b>AP:</b> 34<br>]]></description>
      <Point>
        <coordinates>-103.6554466,41.2274631,0</coordinates>
      </Point>
    </Placemark>
    <Placemark>
      <name>Network Nebraska - ESU 13 - Kimball Public Schools</name>
      <description><![CDATA[<b>Name:</b> Mary Lynch Elementary<br><b>Address:</b> , <br><b>SSID:</b> eduroam<br><b>Enc:</b> WPA3+WPA2+WPA<br><b>AP:</b> 14<br>]]></description>
      <Point>
        <coordinates>-103.6504038,41.2315544,0</coordinates>
      </Point>
    </Placemark>
    <Placemark>
      <name>Network Nebraska - ESU 15</name>
      <description><![CDATA[<b>Name:</b> ESU#15 Trenton<br><b>Address:</b> , <br><b>SSID:</b> eduroam<br><b>Enc:</b> WPA2<br><b>AP:</b> 5<br>]]></description>
      <Point>
        <coordinates>-101.0127856,40.1794332,0</coordinates>
      </Point>
    </Placemark>
    <Placemark>
      <name>Network Nebraska - ESU 15 - Dundy County Public Schools</name>
      <description><![CDATA[<b>Name:</b> Elementary<br><b>Address:</b> , <br><b>SSID:</b> eduroam<br><b>Enc:</b> WPA2 + WPA3<br><b>AP:</b> 7<br>]]></description>
      <Point>
        <coordinates>-101.5307979,40.0535559,0</coordinates>
      </Point>
    </Placemark>
    <Placemark>
      <name>Network Nebraska - ESU 15 - Dundy County Public Schools</name>
      <description><![CDATA[<b>Name:</b> High School<br><b>Address:</b> , <br><b>SSID:</b> eduroam<br><b>Enc:</b> WPA2 + WPA3<br><b>AP:</b> 13<br>]]></description>
      <Point>
        <coordinates>-101.5380469,40.0526494,0</coordinates>
      </Point>
    </Placemark>
    <Placemark>
      <name>Network Nebraska - ESU 15 - Dundy County Public Schools</name>
      <description><![CDATA[<b>Name:</b> Tiger Tots<br><b>Address:</b> , <br><b>SSID:</b> eduroam<br><b>Enc:</b> WPA2 + WPA3<br><b>AP:</b> 3<br>]]></description>
      <Point>
        <coordinates>-101.5307979,40.0535559,0</coordinates>
      </Point>
    </Placemark>
    <Placemark>
      <name>Network Nebraska - ESU 15 - Maywood Public Schools</name>
      <description><![CDATA[<b>Name:</b> 1 Tiger Drive<br><b>Address:</b> , <br><b>SSID:</b> eduroam<br><b>Enc:</b> WPA2<br><b>AP:</b> 12<br>]]></description>
      <Point>
        <coordinates>-100.6187696,40.6547656,0</coordinates>
      </Point>
    </Placemark>
    <Placemark>
      <name>Network Nebraska - ESU 15 - McCook Public Schools</name>
      <description><![CDATA[<b>Name:</b> McCook Public Schools<br><b>Address:</b> , <br><b>SSID:</b> eduroam<br><b>Enc:</b> WPA2<br><b>AP:</b> 70<br>]]></description>
      <Point>
        <coordinates>-100.6355342,40.2034563,0</coordinates>
      </Point>
    </Placemark>
    <Placemark>
      <name>Network Nebraska - ESU 15 - Medicine Valley Public Schools</name>
      <description><![CDATA[<b>Name:</b> Medicine Valley Public Schools<br><b>Address:</b> , <br><b>SSID:</b> eduroam<br><b>Enc:</b> WPA2<br><b>AP:</b> 23<br>]]></description>
      <Point>
        <coordinates>-100.52302,40.6329181,0</coordinates>
      </Point>
    </Placemark>
    <Placemark>
      <name>Network Nebraska - ESU 15 - Southwest Public Schools-Indianola</name>
      <description><![CDATA[<b>Name:</b> Southwest Grade School<br><b>Address:</b> , <br><b>SSID:</b> eduroam<br><b>Enc:</b> WPA2<br><b>AP:</b> 9<br>]]></description>
      <Point>
        <coordinates>-100.4213706,40.2353895,0</coordinates>
      </Point>
    </Placemark>
    <Placemark>
      <name>Network Nebraska - ESU 15 - Southwest Public Schools-Indianola</name>
      <description><![CDATA[<b>Name:</b> Southwest High School<br><b>Address:</b> , <br><b>SSID:</b> eduroam<br><b>Enc:</b> WPA2<br><b>AP:</b> 19<br>]]></description>
      <Point>
        <coordinates>-100.3093808,40.2552882,0</coordinates>
      </Point>
    </Placemark>
    <Placemark>
      <name>Network Nebraska - ESU 15 - Wauneta-Palisade Public Schools</name>
      <description><![CDATA[<b>Name:</b> Wauneta<br><b>Address:</b> , <br><b>SSID:</b> eduroam<br><b>Enc:</b> WPA2<br><b>AP:</b> 17<br>]]></description>
      <Point>
        <coordinates>-101.3745741,40.4188128,0</coordinates>
      </Point>
    </Placemark>
    <Placemark>
      <name>Network Nebraska - ESU 16</name>
      <description><![CDATA[<b>Name:</b> ESU16<br><b>Address:</b> , <br><b>SSID:</b> eduroam<br><b>Enc:</b> WPA2<br><b>AP:</b> 14<br>]]></description>
      <Point>
        <coordinates>-101.7219088,41.1241433,0</coordinates>
      </Point>
    </Placemark>
    <Placemark>
      <name>Network Nebraska - ESU 16 - Hershey Public Schools</name>
      <description><![CDATA[<b>Name:</b> Hershey Public Schools<br><b>Address:</b> , <br><b>SSID:</b> eduroam<br><b>Enc:</b> WPA2<br><b>AP:</b> 50<br>]]></description>
      <Point>
        <coordinates>-101.0021689,41.1576201,0</coordinates>
      </Point>
    </Placemark>
    <Placemark>
      <name>Network Nebraska - ESU 18 - Wynot Public School</name>
      <description><![CDATA[<b>Name:</b> Wynot Public Schools<br><b>Address:</b> , <br><b>SSID:</b> eduroam<br><b>Enc:</b> WPA2<br><b>AP:</b> 23<br>]]></description>
      <Point>
        <coordinates>-97.169982,42.742605,0</coordinates>
      </Point>
    </Placemark>
    <Placemark>
      <name>Network Nebraska - ESU 19 - Omaha Public Schools</name>
      <description><![CDATA[<b>Name:</b> Teacher Administrative Center (TAC)<br><b>Address:</b> , <br><b>SSID:</b> eduroam<br><b>Enc:</b> WPA2<br><b>AP:</b> 254<br>]]></description>
      <Point>
        <coordinates>-95.9604031,41.2674656,0</coordinates>
      </Point>
    </Placemark>
    <Placemark>
      <name>Network Nebraska - ESU 7 - Cross County Public Schoo</name>
      <description><![CDATA[<b>Name:</b> Cross County Community Schools<br><b>Address:</b> , <br><b>SSID:</b> eduroam<br><b>Enc:</b> WPA2<br><b>AP:</b> 59<br>]]></description>
      <Point>
        <coordinates>-97.6365261,41.075817,0</coordinates>
      </Point>
    </Placemark>
    <Placemark>
      <name>Network Nebraska - ESU07 David City Public Schools</name>
      <description><![CDATA[<b>Name:</b> Bellwood Elementary School<br><b>Address:</b> , <br><b>SSID:</b> eduroam<br><b>Enc:</b> WPA2<br><b>AP:</b> 12<br>]]></description>
      <Point>
        <coordinates>-97.2420814,41.3412605,0</coordinates>
      </Point>
    </Placemark>
    <Placemark>
      <name>Network Nebraska - ESU07 David City Public Schools</name>
      <description><![CDATA[<b>Name:</b> David City Elementary School<br><b>Address:</b> , <br><b>SSID:</b> eduroam<br><b>Enc:</b> WPA2<br><b>AP:</b> 33<br>]]></description>
      <Point>
        <coordinates>-97.1235151,41.2543302,0</coordinates>
      </Point>
    </Placemark>
    <Placemark>
      <name>Network Nebraska - ESU07 David City Public Schools</name>
      <description><![CDATA[<b>Name:</b> David City High School<br><b>Address:</b> , <br><b>SSID:</b> eduroam<br><b>Enc:</b> WPA2<br><b>AP:</b> 49<br>]]></description>
      <Point>
        <coordinates>-97.1249596,41.2531327,0</coordinates>
      </Point>
    </Placemark>
    <Placemark>
      <name>Network Nebraska - Holy Family Catholic School</name>
      <description><![CDATA[<b>Name:</b> Lindsay Holy Family School<br><b>Address:</b> , <br><b>SSID:</b> eduroam<br><b>Enc:</b> WPA2<br><b>AP:</b> 16<br>]]></description>
      <Point>
        <coordinates>-97.6941134,41.7023258,0</coordinates>
      </Point>
    </Placemark>
    <Placemark>
      <name>Network Nebraska - Mid-Plains Community College</name>
      <description><![CDATA[<b>Name:</b> Mid-Plains Community College Benkelman Learning Center<br><b>Address:</b> , <br><b>SSID:</b> eduroam<br><b>Enc:</b> WPA2<br><b>AP:</b> 1<br>]]></description>
      <Point>
        <coordinates>-101.5326283,40.0487988,0</coordinates>
      </Point>
    </Placemark>
    <Placemark>
      <name>Network Nebraska - Mid-Plains Community College</name>
      <description><![CDATA[<b>Name:</b> Mid-Plains Community College Broken Bow Campus<br><b>Address:</b> , <br><b>SSID:</b> eduroam<br><b>Enc:</b> WPA2<br><b>AP:</b> 3<br>]]></description>
      <Point>
        <coordinates>-99.6603136,41.4012335,0</coordinates>
      </Point>
    </Placemark>
    <Placemark>
      <name>Network Nebraska - Mid-Plains Community College</name>
      <description><![CDATA[<b>Name:</b> Mid-Plains Community College Imperial Campus<br><b>Address:</b> , <br><b>SSID:</b> eduroam<br><b>Enc:</b> WPA2<br><b>AP:</b> 5<br>]]></description>
      <Point>
        <coordinates>-101.6427833,40.5253243,0</coordinates>
      </Point>
    </Placemark>
    <Placemark>
      <name>Network Nebraska - Mid-Plains Community College</name>
      <description><![CDATA[<b>Name:</b> Mid-Plains Community College McCook - CAST<br><b>Address:</b> , <br><b>SSID:</b> eduroam<br><b>Enc:</b> WPA2<br><b>AP:</b> 2<br>]]></description>
      <Point>
        <coordinates>-100.6236143,40.1983742,0</coordinates>
      </Point>
    </Placemark>
    <Placemark>
      <name>Network Nebraska - Mid-Plains Community College</name>
      <description><![CDATA[<b>Name:</b> Mid-Plains Community College McCook - East Campus<br><b>Address:</b> , <br><b>SSID:</b> eduroam<br><b>Enc:</b> WPA2<br><b>AP:</b> 18<br>]]></description>
      <Point>
        <coordinates>-100.6155632,40.2062327,0</coordinates>
      </Point>
    </Placemark>
    <Placemark>
      <name>Network Nebraska - Mid-Plains Community College</name>
      <description><![CDATA[<b>Name:</b> Mid-Plains Community College McCook Campus<br><b>Address:</b> , <br><b>SSID:</b> eduroam<br><b>Enc:</b> WPA2<br><b>AP:</b> 65<br>]]></description>
      <Point>
        <coordinates>-100.6210189,40.2091646,0</coordinates>
      </Point>
    </Placemark>
    <Placemark>
      <name>Network Nebraska - Mid-Plains Community College</name>
      <description><![CDATA[<b>Name:</b> Mid-Plains Community College North Platte - North Campus<br><b>Address:</b> , <br><b>SSID:</b> eduroam<br><b>Enc:</b> WPA2<br><b>AP:</b> 45<br>]]></description>
      <Point>
        <coordinates>-100.7484712,41.1102617,0</coordinates>
      </Point>
    </Placemark>
    <Placemark>
      <name>Network Nebraska - Mid-Plains Community College</name>
      <description><![CDATA[<b>Name:</b> Mid-Plains Community College North Platte - South Campus<br><b>Address:</b> , <br><b>SSID:</b> eduroam<br><b>Enc:</b> WPA2<br><b>AP:</b> 70<br>]]></description>
      <Point>
        <coordinates>-100.7715347,41.0926491,0</coordinates>
      </Point>
    </Placemark>
    <Placemark>
      <name>Network Nebraska - Mid-Plains Community College</name>
      <description><![CDATA[<b>Name:</b> Mid-Plains Community College Ogallala Campus<br><b>Address:</b> , <br><b>SSID:</b> eduroam<br><b>Enc:</b> WPA2<br><b>AP:</b> 2<br>]]></description>
      <Point>
        <coordinates>-101.714485,41.1108176,0</coordinates>
      </Point>
    </Placemark>
    <Placemark>
      <name>Network Nebraska - Mid-Plains Community College</name>
      <description><![CDATA[<b>Name:</b> Mid-Plains Community College Valentine Campus<br><b>Address:</b> , <br><b>SSID:</b> eduroam<br><b>Enc:</b> WPA2<br><b>AP:</b> 4<br>]]></description>
      <Point>
        <coordinates>-100.5422136,42.8651773,0</coordinates>
      </Point>
    </Placemark>
    <Placemark>
      <name>Network Nebraska - NETA</name>
      <description><![CDATA[<b>Name:</b> Chi Heath Center<br><b>Address:</b> , <br><b>SSID:</b> eduroam<br><b>Enc:</b> WPA2<br><b>AP:</b> 100<br>]]></description>
      <Point>
        <coordinates>-95.9280927,41.2635479,0</coordinates>
      </Point>
    </Placemark>
    <Placemark>
      <name>Northeast Community College</name>
      <description><![CDATA[<b>Name:</b> Northeast Community College<br><b>Address:</b> , <br><b>SSID:</b> eduroam<br><b>Enc:</b> WPA2<br><b>AP:</b> 219<br>]]></description>
      <Point>
        <coordinates>-97.3947975,42.0489088,0</coordinates>
      </Point>
    </Placemark>
    <Placemark>
      <name>Northeast Community College</name>
      <description><![CDATA[<b>Name:</b> Northeast Community College Extended Location<br><b>Address:</b> , <br><b>SSID:</b> eduroam<br><b>Enc:</b> WPA2<br><b>AP:</b> 5<br>]]></description>
      <Point>
        <coordinates>-98.6303329,42.451744,0</coordinates>
      </Point>
    </Placemark>
    <Placemark>
      <name>Northeast Community College</name>
      <description><![CDATA[<b>Name:</b> Northeast Community College Extended Location<br><b>Address:</b> , <br><b>SSID:</b> eduroam<br><b>Enc:</b> WPA2<br><b>AP:</b> 7<br>]]></description>
      <Point>
        <coordinates>-96.7141142,41.8433393,0</coordinates>
      </Point>
    </Placemark>
    <Placemark>
      <name>Northwest Public Schools</name>
      <description><![CDATA[<b>Name:</b> Northwest - 1R Elementary<br><b>Address:</b> , <br><b>SSID:</b> eduroam<br><b>Enc:</b> WPA2<br><b>AP:</b> 17<br>]]></description>
      <Point>
        <coordinates>-98.3793238,41.002784,0</coordinates>
      </Point>
    </Placemark>
    <Placemark>
      <name>Northwest Public Schools</name>
      <description><![CDATA[<b>Name:</b> Northwest - Cedar Hollow<br><b>Address:</b> , <br><b>SSID:</b> eduroam<br><b>Enc:</b> WPA2<br><b>AP:</b> 27<br>]]></description>
      <Point>
        <coordinates>-98.4176942,40.8600014,0</coordinates>
      </Point>
    </Placemark>
    <Placemark>
      <name>Northwest Public Schools</name>
      <description><![CDATA[<b>Name:</b> Northwest - High School<br><b>Address:</b> , <br><b>SSID:</b> eduroam<br><b>Enc:</b> WPA2<br><b>AP:</b> 51<br>]]></description>
      <Point>
        <coordinates>-98.4003266,40.9516191,0</coordinates>
      </Point>
    </Placemark>
    <Placemark>
      <name>Northwest Public Schools</name>
      <description><![CDATA[<b>Name:</b> Northwest - St. Libory Elementary<br><b>Address:</b> , <br><b>SSID:</b> eduroam<br><b>Enc:</b> WPA2<br><b>AP:</b> 13<br>]]></description>
      <Point>
        <coordinates>-98.3625439,41.0948925,0</coordinates>
      </Point>
    </Placemark>
    <Placemark>
      <name>Omaha Public Library</name>
      <description><![CDATA[<b>Name:</b> Omaha Public Library - A.V. Sorensen Branch<br><b>Address:</b> , <br><b>SSID:</b> eduroam<br><b>Enc:</b> WPA2<br><b>AP:</b> 2<br>]]></description>
      <Point>
        <coordinates>-95.9864799,41.2635766,0</coordinates>
      </Point>
    </Placemark>
    <Placemark>
      <name>Omaha Public Library</name>
      <description><![CDATA[<b>Name:</b> Omaha Public Library - Administration, Genealogy &amp; Local History<br><b>Address:</b> , <br><b>SSID:</b> eduroam<br><b>Enc:</b> WPA2<br><b>AP:</b> 6<br>]]></description>
      <Point>
        <coordinates>-96.0460878,41.2301948,0</coordinates>
      </Point>
    </Placemark>
    <Placemark>
      <name>Omaha Public Library</name>
      <description><![CDATA[<b>Name:</b> Omaha Public Library - Benson Branch<br><b>Address:</b> , <br><b>SSID:</b> eduroam<br><b>Enc:</b> WPA2<br><b>AP:</b> 3<br>]]></description>
      <Point>
        <coordinates>-96.0052162,41.2856793,0</coordinates>
      </Point>
    </Placemark>
    <Placemark>
      <name>Omaha Public Library</name>
      <description><![CDATA[<b>Name:</b> Omaha Public Library - Bess Johnson Elkhorn Branch<br><b>Address:</b> , <br><b>SSID:</b> eduroam<br><b>Enc:</b> WPA2<br><b>AP:</b> 4<br>]]></description>
      <Point>
        <coordinates>-96.233062,41.2783609,0</coordinates>
      </Point>
    </Placemark>
    <Placemark>
      <name>Omaha Public Library</name>
      <description><![CDATA[<b>Name:</b> Omaha Public Library - Charles B. Washington Branch<br><b>Address:</b> , <br><b>SSID:</b> eduroam<br><b>Enc:</b> WPA2<br><b>AP:</b> 3<br>]]></description>
      <Point>
        <coordinates>-95.9547592,41.2999295,0</coordinates>
      </Point>
    </Placemark>
    <Placemark>
      <name>Omaha Public Library</name>
      <description><![CDATA[<b>Name:</b> Omaha Public Library - Downtown Branch<br><b>Address:</b> , <br><b>SSID:</b> eduroam<br><b>Enc:</b> WPA2<br><b>AP:</b> 5<br>]]></description>
      <Point>
        <coordinates>-95.9351221,41.2531023,0</coordinates>
      </Point>
    </Placemark>
    <Placemark>
      <name>Omaha Public Library</name>
      <description><![CDATA[<b>Name:</b> Omaha Public Library - Florence Branch<br><b>Address:</b> , <br><b>SSID:</b> eduroam<br><b>Enc:</b> WPA2<br><b>AP:</b> 2<br>]]></description>
      <Point>
        <coordinates>-96.0337525,41.3397038,0</coordinates>
      </Point>
    </Placemark>
    <Placemark>
      <name>Omaha Public Library</name>
      <description><![CDATA[<b>Name:</b> Omaha Public Library - Millard Branch<br><b>Address:</b> , <br><b>SSID:</b> eduroam<br><b>Enc:</b> WPA2<br><b>AP:</b> 4<br>]]></description>
      <Point>
        <coordinates>-96.1206442,41.2280588,0</coordinates>
      </Point>
    </Placemark>
    <Placemark>
      <name>Omaha Public Library</name>
      <description><![CDATA[<b>Name:</b> Omaha Public Library - Milton R. Abrahams Branch<br><b>Address:</b> , <br><b>SSID:</b> eduroam<br><b>Enc:</b> WPA2<br><b>AP:</b> 5<br>]]></description>
      <Point>
        <coordinates>-96.0517829,41.3045263,0</coordinates>
      </Point>
    </Placemark>
    <Placemark>
      <name>Omaha Public Library</name>
      <description><![CDATA[<b>Name:</b> Omaha Public Library - Saddlebrook Branch<br><b>Address:</b> , <br><b>SSID:</b> eduroam<br><b>Enc:</b> WPA2<br><b>AP:</b> 2<br>]]></description>
      <Point>
        <coordinates>-96.1466508,41.3113976,0</coordinates>
      </Point>
    </Placemark>
    <Placemark>
      <name>Omaha Public Library</name>
      <description><![CDATA[<b>Name:</b> Omaha Public Library - South Omaha Library<br><b>Address:</b> , <br><b>SSID:</b> eduroam<br><b>Enc:</b> WPA2<br><b>AP:</b> 2<br>]]></description>
      <Point>
        <coordinates>-95.955625,41.20594,0</coordinates>
      </Point>
    </Placemark>
    <Placemark>
      <name>Omaha Public Library</name>
      <description><![CDATA[<b>Name:</b> Omaha Public Library - W. Clarke Swanson Branch<br><b>Address:</b> , <br><b>SSID:</b> eduroam<br><b>Enc:</b> WPA2<br><b>AP:</b> 3<br>]]></description>
      <Point>
        <coordinates>-96.0537939,41.2629427,0</coordinates>
      </Point>
    </Placemark>
    <Placemark>
      <name>Omaha Public Library</name>
      <description><![CDATA[<b>Name:</b> Omaha Public Library - Willa Cather Branch<br><b>Address:</b> , <br><b>SSID:</b> eduroam<br><b>Enc:</b> WPA2<br><b>AP:</b> 2<br>]]></description>
      <Point>
        <coordinates>-95.9778902,41.2411755,0</coordinates>
      </Point>
    </Placemark>
    <Placemark>
      <name>Peru State College</name>
      <description><![CDATA[<b>Name:</b> Peru State College<br><b>Address:</b> , <br><b>SSID:</b> eduroam<br><b>Enc:</b> WPA2<br><b>AP:</b> -<br>]]></description>
      <Point>
        <coordinates>-95.7342193,40.4735479,0</coordinates>
      </Point>
    </Placemark>
    <Placemark>
      <name>Pizza Kitchen</name>
      <description><![CDATA[<b>Name:</b> Pizza Kitchen<br><b>Address:</b> , <br><b>SSID:</b> eduroam<br><b>Enc:</b> WPA2+WPA<br><b>AP:</b> 2<br>]]></description>
      <Point>
        <coordinates>-97.0498863,40.7739206,0</coordinates>
      </Point>
    </Placemark>
    <Placemark>
      <name>Southeast Community College</name>
      <description><![CDATA[<b>Name:</b> Southeast Community College at Center for People<br><b>Address:</b> , <br><b>SSID:</b> eduroam<br><b>Enc:</b> WPA2<br><b>AP:</b> 4<br>]]></description>
      <Point>
        <coordinates>-96.6847188,40.8502982,0</coordinates>
      </Point>
    </Placemark>
    <Placemark>
      <name>Southeast Community College</name>
      <description><![CDATA[<b>Name:</b> Southeast Community College at IBEW Local 265<br><b>Address:</b> , <br><b>SSID:</b> eduroam<br><b>Enc:</b> WPA2<br><b>AP:</b> 4<br>]]></description>
      <Point>
        <coordinates>-96.7002813,40.7489128,0</coordinates>
      </Point>
    </Placemark>
    <Placemark>
      <name>Southeast Community College</name>
      <description><![CDATA[<b>Name:</b> Southeast Community College Beatrice Campus<br><b>Address:</b> , <br><b>SSID:</b> eduroam<br><b>Enc:</b> WPA2<br><b>AP:</b> 259<br>]]></description>
      <Point>
        <coordinates>-96.7892644,40.2613082,0</coordinates>
      </Point>
    </Placemark>
    <Placemark>
      <name>Southeast Community College</name>
      <description><![CDATA[<b>Name:</b> Southeast Community College Continuing Education Center<br><b>Address:</b> , <br><b>SSID:</b> eduroam<br><b>Enc:</b> WPA2<br><b>AP:</b> 35<br>]]></description>
      <Point>
        <coordinates>-96.6281769,40.810791,0</coordinates>
      </Point>
    </Placemark>
    <Placemark>
      <name>Southeast Community College</name>
      <description><![CDATA[<b>Name:</b> Southeast Community College Falls City Learning Center<br><b>Address:</b> , <br><b>SSID:</b> eduroam<br><b>Enc:</b> WPA2<br><b>AP:</b> 5<br>]]></description>
      <Point>
        <coordinates>-95.603674,40.076173,0</coordinates>
      </Point>
    </Placemark>
    <Placemark>
      <name>Southeast Community College</name>
      <description><![CDATA[<b>Name:</b> Southeast Community College Hebron Learning Center<br><b>Address:</b> , <br><b>SSID:</b> eduroam<br><b>Enc:</b> WPA2<br><b>AP:</b> 4<br>]]></description>
      <Point>
        <coordinates>-97.5869848,40.165599,0</coordinates>
      </Point>
    </Placemark>
    <Placemark>
      <name>Southeast Community College</name>
      <description><![CDATA[<b>Name:</b> Southeast Community College Lincoln Campus<br><b>Address:</b> , <br><b>SSID:</b> eduroam<br><b>Enc:</b> WPA2<br><b>AP:</b> 875<br>]]></description>
      <Point>
        <coordinates>-96.6016956,40.8156222,0</coordinates>
      </Point>
    </Placemark>
    <Placemark>
      <name>Southeast Community College</name>
      <description><![CDATA[<b>Name:</b> Southeast Community College Milford Campus<br><b>Address:</b> , <br><b>SSID:</b> eduroam<br><b>Enc:</b> WPA2<br><b>AP:</b> 221<br>]]></description>
      <Point>
        <coordinates>-97.043627,40.7689873,0</coordinates>
      </Point>
    </Placemark>
    <Placemark>
      <name>Southeast Community College</name>
      <description><![CDATA[<b>Name:</b> Southeast Community College Nebraska City Learning Center<br><b>Address:</b> , <br><b>SSID:</b> eduroam<br><b>Enc:</b> WPA2<br><b>AP:</b> 5<br>]]></description>
      <Point>
        <coordinates>-95.8633298,40.677004,0</coordinates>
      </Point>
    </Placemark>
    <Placemark>
      <name>Southeast Community College</name>
      <description><![CDATA[<b>Name:</b> Southeast Community College Plattsmouth Learning Center<br><b>Address:</b> , <br><b>SSID:</b> eduroam<br><b>Enc:</b> WPA2<br><b>AP:</b> 4<br>]]></description>
      <Point>
        <coordinates>-95.8858033,41.0108367,0</coordinates>
      </Point>
    </Placemark>
    <Placemark>
      <name>Southeast Community College</name>
      <description><![CDATA[<b>Name:</b> Southeast Community College Wahoo Learning Center<br><b>Address:</b> , <br><b>SSID:</b> eduroam<br><b>Enc:</b> WPA2<br><b>AP:</b> 2<br>]]></description>
      <Point>
        <coordinates>-96.619663,41.2105928,0</coordinates>
      </Point>
    </Placemark>
    <Placemark>
      <name>Southeast Community College</name>
      <description><![CDATA[<b>Name:</b> Southeast Community College York Learning Center<br><b>Address:</b> , <br><b>SSID:</b> eduroam<br><b>Enc:</b> WPA2<br><b>AP:</b> 5<br>]]></description>
      <Point>
        <coordinates>-97.5932732,40.8650981,0</coordinates>
      </Point>
    </Placemark>
    <Placemark>
      <name>The Scarlet Hotel</name>
      <description><![CDATA[<b>Name:</b> The Scarlet Hotel<br><b>Address:</b> , <br><b>SSID:</b> eduroam<br><b>Enc:</b> WPA2<br><b>AP:</b> 100<br>]]></description>
      <Point>
        <coordinates>-96.6917992,40.833487,0</coordinates>
      </Point>
    </Placemark>
    <Placemark>
      <name>Twin River Public Schools</name>
      <description><![CDATA[<b>Name:</b> Twin River Public School<br><b>Address:</b> , <br><b>SSID:</b> eduroam<br><b>Enc:</b> WPA2<br><b>AP:</b> 50<br>]]></description>
      <Point>
        <coordinates>-97.7350706,41.4491587,0</coordinates>
      </Point>
    </Placemark>
    <Placemark>
      <name>University of Nebraska</name>
      <description><![CDATA[<b>Name:</b> Campus Administration<br><b>Address:</b> , <br><b>SSID:</b> eduroam<br><b>Enc:</b> WPA2+WPA<br><b>AP:</b> -<br>]]></description>
      <Point>
        <coordinates>-96.6651902,40.8275113,0</coordinates>
      </Point>
    </Placemark>
    <Placemark>
      <name>University of Nebraska at Kearney</name>
      <description><![CDATA[<b>Name:</b> University of Nebraska at Kearney<br><b>Address:</b> , <br><b>SSID:</b> eduroam<br><b>Enc:</b> WPA2+WPA<br><b>AP:</b> 1200<br>]]></description>
      <Point>
        <coordinates>-99.0980491,40.7014445,0</coordinates>
      </Point>
    </Placemark>
    <Placemark>
      <name>University of Nebraska at Omaha</name>
      <description><![CDATA[<b>Name:</b> Dodge Campus<br><b>Address:</b> , <br><b>SSID:</b> eduroam<br><b>Enc:</b> WPA2<br><b>AP:</b> 1000<br>]]></description>
      <Point>
        <coordinates>-96.0107121,41.2581216,0</coordinates>
      </Point>
    </Placemark>
    <Placemark>
      <name>University of Nebraska at Omaha</name>
      <description><![CDATA[<b>Name:</b> Scott Campus<br><b>Address:</b> , <br><b>SSID:</b> eduroam<br><b>Enc:</b> WPA2<br><b>AP:</b> 1000<br>]]></description>
      <Point>
        <coordinates>-96.01524,41.2442498,0</coordinates>
      </Point>
    </Placemark>
    <Placemark>
      <name>University of Nebraska Medical Center</name>
      <description><![CDATA[<b>Name:</b> UNMC<br><b>Address:</b> , <br><b>SSID:</b> eduroam<br><b>Enc:</b> WPA2+WPA<br><b>AP:</b> 4800<br>]]></description>
      <Point>
        <coordinates>-95.975774,41.2542228,0</coordinates>
      </Point>
    </Placemark>
    <Placemark>
      <name>University of Nebraska-Lincoln</name>
      <description><![CDATA[<b>Name:</b> Box Butte County Extension<br><b>Address:</b> , <br><b>SSID:</b> eduroam<br><b>Enc:</b> WPA2+WPA<br><b>AP:</b> 1<br>]]></description>
      <Point>
        <coordinates>-102.8802929,42.0985585,0</coordinates>
      </Point>
    </Placemark>
    <Placemark>
      <name>University of Nebraska-Lincoln</name>
      <description><![CDATA[<b>Name:</b> Buffalo County Extension<br><b>Address:</b> , <br><b>SSID:</b> eduroam<br><b>Enc:</b> WPA2+WPA<br><b>AP:</b> 1<br>]]></description>
      <Point>
        <coordinates>-99.0624749,40.7095366,0</coordinates>
      </Point>
    </Placemark>
    <Placemark>
      <name>University of Nebraska-Lincoln</name>
      <description><![CDATA[<b>Name:</b> Cass County Extension<br><b>Address:</b> , <br><b>SSID:</b> eduroam<br><b>Enc:</b> WPA2+WPA<br><b>AP:</b> 1<br>]]></description>
      <Point>
        <coordinates>-96.14154,40.9116762,0</coordinates>
      </Point>
    </Placemark>
    <Placemark>
      <name>University of Nebraska-Lincoln</name>
      <description><![CDATA[<b>Name:</b> Cedar Point Biological Station<br><b>Address:</b> , <br><b>SSID:</b> eduroam<br><b>Enc:</b> WPA2+WPA<br><b>AP:</b> 4<br>]]></description>
      <Point>
        <coordinates>-101.6409385,41.2106821,0</coordinates>
      </Point>
    </Placemark>
    <Placemark>
      <name>University of Nebraska-Lincoln</name>
      <description><![CDATA[<b>Name:</b> Cherry County Extension Office<br><b>Address:</b> , <br><b>SSID:</b> eduroam<br><b>Enc:</b> WPA2+WPA<br><b>AP:</b> 1<br>]]></description>
      <Point>
        <coordinates>-100.5510926,42.8757714,0</coordinates>
      </Point>
    </Placemark>
    <Placemark>
      <name>University of Nebraska-Lincoln</name>
      <description><![CDATA[<b>Name:</b> Cheyenne County Extension Office<br><b>Address:</b> , <br><b>SSID:</b> eduroam<br><b>Enc:</b> WPA2+WPA<br><b>AP:</b> 1<br>]]></description>
      <Point>
        <coordinates>-102.9759837,41.1441292,0</coordinates>
      </Point>
    </Placemark>
    <Placemark>
      <name>University of Nebraska-Lincoln</name>
      <description><![CDATA[<b>Name:</b> Cuming County Extension Office<br><b>Address:</b> , <br><b>SSID:</b> eduroam<br><b>Enc:</b> WPA2+WPA<br><b>AP:</b> 1<br>]]></description>
      <Point>
        <coordinates>-96.7111835,41.8391375,0</coordinates>
      </Point>
    </Placemark>
    <Placemark>
      <name>University of Nebraska-Lincoln</name>
      <description><![CDATA[<b>Name:</b> Custer County Extension Office<br><b>Address:</b> , <br><b>SSID:</b> eduroam<br><b>Enc:</b> WPA2+WPA<br><b>AP:</b> 1<br>]]></description>
      <Point>
        <coordinates>-99.6423567,41.4022589,0</coordinates>
      </Point>
    </Placemark>
    <Placemark>
      <name>University of Nebraska-Lincoln</name>
      <description><![CDATA[<b>Name:</b> Dawes County Extension Office<br><b>Address:</b> , <br><b>SSID:</b> eduroam<br><b>Enc:</b> WPA2+WPA<br><b>AP:</b> 1<br>]]></description>
      <Point>
        <coordinates>-103.0003165,42.8299108,0</coordinates>
      </Point>
    </Placemark>
    <Placemark>
      <name>University of Nebraska-Lincoln</name>
      <description><![CDATA[<b>Name:</b> Dawson County Extension Office<br><b>Address:</b> , <br><b>SSID:</b> eduroam<br><b>Enc:</b> WPA2+WPA<br><b>AP:</b> 1<br>]]></description>
      <Point>
        <coordinates>-99.7394673,40.7683289,0</coordinates>
      </Point>
    </Placemark>
    <Placemark>
      <name>University of Nebraska-Lincoln</name>
      <description><![CDATA[<b>Name:</b> Douglas-Sarpy County Extension Office<br><b>Address:</b> , <br><b>SSID:</b> eduroam<br><b>Enc:</b> WPA2+WPA<br><b>AP:</b> 2<br>]]></description>
      <Point>
        <coordinates>-96.0369017,41.2335744,0</coordinates>
      </Point>
    </Placemark>
    <Placemark>
      <name>University of Nebraska-Lincoln</name>
      <description><![CDATA[<b>Name:</b> Eastern Nebraska Research &amp; Extension<br><b>Address:</b> , <br><b>SSID:</b> eduroam<br><b>Enc:</b> WPA2+WPA<br><b>AP:</b> 3<br>]]></description>
      <Point>
        <coordinates>-96.951642,42.3803897,0</coordinates>
      </Point>
    </Placemark>
    <Placemark>
      <name>University of Nebraska-Lincoln</name>
      <description><![CDATA[<b>Name:</b> Eastern Nebraska Research and Extension Center<br><b>Address:</b> , <br><b>SSID:</b> eduroam<br><b>Enc:</b> WPA2+WPA<br><b>AP:</b> 10<br>]]></description>
      <Point>
        <coordinates>-96.5397423,41.1627786,0</coordinates>
      </Point>
    </Placemark>
    <Placemark>
      <name>University of Nebraska-Lincoln</name>
      <description><![CDATA[<b>Name:</b> Gage County Extension Office<br><b>Address:</b> , <br><b>SSID:</b> eduroam<br><b>Enc:</b> WPA2+WPA<br><b>AP:</b> 1<br>]]></description>
      <Point>
        <coordinates>-96.7807288,40.2625243,0</coordinates>
      </Point>
    </Placemark>
    <Placemark>
      <name>University of Nebraska-Lincoln</name>
      <description><![CDATA[<b>Name:</b> Holt-Boyd County Extension Office<br><b>Address:</b> , <br><b>SSID:</b> eduroam<br><b>Enc:</b> WPA2+WPA<br><b>AP:</b> 1<br>]]></description>
      <Point>
        <coordinates>-98.6446085,42.4580453,0</coordinates>
      </Point>
    </Placemark>
    <Placemark>
      <name>University of Nebraska-Lincoln</name>
      <description><![CDATA[<b>Name:</b> Lancaster County Extension Office<br><b>Address:</b> , <br><b>SSID:</b> eduroam<br><b>Enc:</b> WPA2+WPA<br><b>AP:</b> 5<br>]]></description>
      <Point>
        <coordinates>-96.7264305,40.8207601,0</coordinates>
      </Point>
    </Placemark>
    <Placemark>
      <name>University of Nebraska-Lincoln</name>
      <description><![CDATA[<b>Name:</b> Main Campus<br><b>Address:</b> , <br><b>SSID:</b> eduroam<br><b>Enc:</b> WPA2+WPA<br><b>AP:</b> 6500<br>]]></description>
      <Point>
        <coordinates>-96.6997294,40.8208271,0</coordinates>
      </Point>
    </Placemark>
    <Placemark>
      <name>University of Nebraska-Lincoln</name>
      <description><![CDATA[<b>Name:</b> Merrick County Extension Office<br><b>Address:</b> , <br><b>SSID:</b> eduroam<br><b>Enc:</b> WPA2+WPA<br><b>AP:</b> 7<br>]]></description>
      <Point>
        <coordinates>-98.0228758,41.117394,0</coordinates>
      </Point>
    </Placemark>
    <Placemark>
      <name>University of Nebraska-Lincoln</name>
      <description><![CDATA[<b>Name:</b> Nebraska College of Technical Agriculture<br><b>Address:</b> , <br><b>SSID:</b> eduroam<br><b>Enc:</b> WPA2+WPA<br><b>AP:</b> 60<br>]]></description>
      <Point>
        <coordinates>-100.5157004,40.6300081,0</coordinates>
      </Point>
    </Placemark>
    <Placemark>
      <name>University of Nebraska-Lincoln</name>
      <description><![CDATA[<b>Name:</b> Phelps County Extension Office<br><b>Address:</b> , <br><b>SSID:</b> eduroam<br><b>Enc:</b> WPA2+WPA<br><b>AP:</b> 1<br>]]></description>
      <Point>
        <coordinates>-99.3626726,40.4344389,0</coordinates>
      </Point>
    </Placemark>
    <Placemark>
      <name>University of Nebraska-Lincoln</name>
      <description><![CDATA[<b>Name:</b> Platte County Extension Office<br><b>Address:</b> , <br><b>SSID:</b> eduroam<br><b>Enc:</b> WPA2+WPA<br><b>AP:</b> 2<br>]]></description>
      <Point>
        <coordinates>-97.361489,41.4291143,0</coordinates>
      </Point>
    </Placemark>
    <Placemark>
      <name>University of Nebraska-Lincoln</name>
      <description><![CDATA[<b>Name:</b> Red Willow County Extension Office<br><b>Address:</b> , <br><b>SSID:</b> eduroam<br><b>Enc:</b> WPA2+WPA<br><b>AP:</b> -<br>]]></description>
      <Point>
        <coordinates>-100.6346379,40.2118608,0</coordinates>
      </Point>
    </Placemark>
    <Placemark>
      <name>University of Nebraska-Lincoln</name>
      <description><![CDATA[<b>Name:</b> Seward County Extension Office<br><b>Address:</b> , <br><b>SSID:</b> eduroam<br><b>Enc:</b> WPA2+WPA<br><b>AP:</b> 2<br>]]></description>
      <Point>
        <coordinates>-97.1083905,40.9054109,0</coordinates>
      </Point>
    </Placemark>
    <Placemark>
      <name>University of Nebraska-Lincoln</name>
      <description><![CDATA[<b>Name:</b> Sheridan County Extension Office<br><b>Address:</b> , <br><b>SSID:</b> eduroam<br><b>Enc:</b> WPA2+WPA<br><b>AP:</b> 1<br>]]></description>
      <Point>
        <coordinates>-102.4628929,42.7192963,0</coordinates>
      </Point>
    </Placemark>
    <Placemark>
      <name>University of Nebraska-Lincoln</name>
      <description><![CDATA[<b>Name:</b> Valley County Extension Office<br><b>Address:</b> , <br><b>SSID:</b> eduroam<br><b>Enc:</b> WPA2+WPA<br><b>AP:</b> 1<br>]]></description>
      <Point>
        <coordinates>-98.9189987,41.5958137,0</coordinates>
      </Point>
    </Placemark>
    <Placemark>
      <name>University of Nebraska-Lincoln</name>
      <description><![CDATA[<b>Name:</b> Washington County Extension Office<br><b>Address:</b> , <br><b>SSID:</b> eduroam<br><b>Enc:</b> WPA2+WPA<br><b>AP:</b> 1<br>]]></description>
      <Point>
        <coordinates>-96.1201478,41.5412257,0</coordinates>
      </Point>
    </Placemark>
    <Placemark>
      <name>University of Nebraska-Lincoln</name>
      <description><![CDATA[<b>Name:</b> West Central Research Education Center<br><b>Address:</b> , <br><b>SSID:</b> eduroam<br><b>Enc:</b> WPA2+WPA<br><b>AP:</b> 6<br>]]></description>
      <Point>
        <coordinates>-100.7696717,41.0900432,0</coordinates>
      </Point>
    </Placemark>
    <Placemark>
      <name>University of Nebraska-Lincoln</name>
      <description><![CDATA[<b>Name:</b> York County Extension Office<br><b>Address:</b> , <br><b>SSID:</b> eduroam<br><b>Enc:</b> WPA2+WPA<br><b>AP:</b> 1<br>]]></description>
      <Point>
        <coordinates>-97.5905418,40.8845824,0</coordinates>
      </Point>
    </Placemark>
    <Placemark>
      <name>Wayne State College</name>
      <description><![CDATA[<b>Name:</b> College Center<br><b>Address:</b> , <br><b>SSID:</b> eduroam<br><b>Enc:</b> WPA2<br><b>AP:</b> 20<br>]]></description>
      <Point>
        <coordinates>-96.4261234,42.4758157,0</coordinates>
      </Point>
    </Placemark>
    <Placemark>
      <name>Wayne State College</name>
      <description><![CDATA[<b>Name:</b> Wayne State College<br><b>Address:</b> , <br><b>SSID:</b> eduroam<br><b>Enc:</b> WPA2+WPA<br><b>AP:</b> -<br>]]></description>
      <Point>
        <coordinates>-97.0149026,42.2408033,0</coordinates>
      </Point>
    </Placemark>
    <Placemark>
      <name>Webster County Agricultural Association</name>
      <description><![CDATA[<b>Name:</b> Webster County Fairgrounds<br><b>Address:</b> , <br><b>SSID:</b> eduroam<br><b>Enc:</b> WPA2<br><b>AP:</b> 4<br>]]></description>
      <Point>
        <coordinates>-98.6018244,40.323839,0</coordinates>
      </Point>
    </Placemark>
    <Placemark>
      <name>Younes Conference Center</name>
      <description><![CDATA[<b>Name:</b> Candlewood Suites<br><b>Address:</b> , <br><b>SSID:</b> eduroam<br><b>Enc:</b> WPA2<br><b>AP:</b> 40<br>]]></description>
      <Point>
        <coordinates>-99.0891638,40.674663,0</coordinates>
      </Point>
    </Placemark>
    <Placemark>
      <name>Younes Conference Center</name>
      <description><![CDATA[<b>Name:</b> Crowne Plaza<br><b>Address:</b> , <br><b>SSID:</b> eduroam<br><b>Enc:</b> WPA2<br><b>AP:</b> 130<br>]]></description>
      <Point>
        <coordinates>-99.092047,40.674643,0</coordinates>
      </Point>
    </Placemark>
    <Placemark>
      <name>Younes Conference Center</name>
      <description><![CDATA[<b>Name:</b> Fairfield Inn and Suites<br><b>Address:</b> , <br><b>SSID:</b> eduroam<br><b>Enc:</b> WPA2<br><b>AP:</b> 50<br>]]></description>
      <Point>
        <coordinates>-99.0899804,40.6739632,0</coordinates>
      </Point>
    </Placemark>
    <Placemark>
      <name>Younes Conference Center</name>
      <description><![CDATA[<b>Name:</b> Holiday Inn Express<br><b>Address:</b> , <br><b>SSID:</b> eduroam<br><b>Enc:</b> WPA2<br><b>AP:</b> 55<br>]]></description>
      <Point>
        <coordinates>-99.0878946,40.6638848,0</coordinates>
      </Point>
    </Placemark>
    <Placemark>
      <name>Younes Conference Center</name>
      <description><![CDATA[<b>Name:</b> Holiday Inn Kearney<br><b>Address:</b> , <br><b>SSID:</b> eduroam<br><b>Enc:</b> WPA2<br><b>AP:</b> 100<br>]]></description>
      <Point>
        <coordinates>-99.0870034,40.6720816,0</coordinates>
      </Point>
    </Placemark>
    <Placemark>
      <name>Younes Conference Center</name>
      <description><![CDATA[<b>Name:</b> LaQuinta<br><b>Address:</b> , <br><b>SSID:</b> eduroam<br><b>Enc:</b> WPA2<br><b>AP:</b> 50<br>]]></description>
      <Point>
        <coordinates>-99.0889478,40.6722031,0</coordinates>
      </Point>
    </Placemark>
    <Placemark>
      <name>Younes Conference Center</name>
      <description><![CDATA[<b>Name:</b> Y Pavillion<br><b>Address:</b> , <br><b>SSID:</b> eduroam<br><b>Enc:</b> WPA2<br><b>AP:</b> 3<br>]]></description>
      <Point>
        <coordinates>-99.0909943,40.6730834,0</coordinates>
      </Point>
    </Placemark>
    <Placemark>
      <name>Younes Conference Center</name>
      <description><![CDATA[<b>Name:</b> YCC North<br><b>Address:</b> , <br><b>SSID:</b> eduroam<br><b>Enc:</b> WPA2<br><b>AP:</b> 40<br>]]></description>
      <Point>
        <coordinates>-99.090432,40.6716416,0</coordinates>
      </Point>
    </Placemark>
    <Placemark>
      <name>Younes Conference Center</name>
      <description><![CDATA[<b>Name:</b> Younes Conference Center North WAN2<br><b>Address:</b> , <br><b>SSID:</b> eduroam<br><b>Enc:</b> WPA2<br><b>AP:</b> 40<br>]]></description>
      <Point>
        <coordinates>-99.092047,40.674643,0</coordinates>
      </Point>
    </Placemark>
    <Placemark>
      <name>Younes Conference Center</name>
      <description><![CDATA[<b>Name:</b> Younes Conference Center South<br><b>Address:</b> , <br><b>SSID:</b> eduroam<br><b>Enc:</b> WPA2<br><b>AP:</b> 40<br>]]></description>
      <Point>
        <coordinates>-99.092047,40.674643,0</coordinates>
      </Point>
    </Placemark>
    <Placemark>
      <name>Younes Conference Center</name>
      <description><![CDATA[<b>Name:</b> Younes Point Apartments<br><b>Address:</b> , <br><b>SSID:</b> eduroam<br><b>Enc:</b> WPA2<br><b>AP:</b> 20<br>]]></description>
      <Point>
        <coordinates>-99.0902656,40.6722339,0</coordinates>
      </Point>
    </Placemark>
  </Document>
</kml>
